Table:uint8,RecordID:uint32,MaskIndex:uint8,Mask:blob,Comment:string
0,69,1,0x00000080,SkillLineAbility Spell 116 (Skill 6)
0,472,1,0x00000080,SkillLineAbility Spell 205 (Skill 6)
0,474,1,0x00000080,SkillLineAbility Spell 122 (Skill 6)
0,751,1,0x00000080,SkillLineAbility Spell 865 (Skill 6)
0,1813,1,0x00000080,SkillLineAbility Spell 837 (Skill 6)
0,3592,1,0x00000080,SkillLineAbility Spell 10 (Skill 6)
0,3822,1,0x00000080,SkillLineAbility Spell 6141 (Skill 6)
0,3823,1,0x00000080,SkillLineAbility Spell 6143 (Skill 6)
0,4042,1,0x00000080,SkillLineAbility Spell 6131 (Skill 6)
0,4224,1,0x00000080,SkillLineAbility Spell 168 (Skill 6)
0,4225,1,0x00000080,SkillLineAbility Spell 7300 (Skill 6)
0,4226,1,0x00000080,SkillLineAbility Spell 7301 (Skill 6)
0,4241,1,0x00000080,SkillLineAbility Spell 7302 (Skill 6)
0,4242,1,0x00000080,SkillLineAbility Spell 7320 (Skill 6)
0,4243,1,0x00000080,SkillLineAbility Spell 7322 (Skill 6)
0,4669,1,0x00000080,SkillLineAbility Spell 8406 (Skill 6)
0,4670,1,0x00000080,SkillLineAbility Spell 8407 (Skill 6)
0,4671,1,0x00000080,SkillLineAbility Spell 8408 (Skill 6)
0,4678,1,0x00000080,SkillLineAbility Spell 8427 (Skill 6)
0,4705,1,0x00000080,SkillLineAbility Spell 8461 (Skill 6)
0,4707,1,0x00000080,SkillLineAbility Spell 120 (Skill 6)
0,4716,1,0x00000080,SkillLineAbility Spell 8492 (Skill 6)
0,5439,1,0x00000080,SkillLineAbility Spell 10159 (Skill 6)
0,5440,1,0x00000080,SkillLineAbility Spell 10160 (Skill 6)
0,5441,1,0x00000080,SkillLineAbility Spell 10161 (Skill 6)
0,5448,1,0x00000080,SkillLineAbility Spell 8462 (Skill 6)
0,5449,1,0x00000080,SkillLineAbility Spell 10177 (Skill 6)
0,5450,1,0x00000080,SkillLineAbility Spell 10179 (Skill 6)
0,5451,1,0x00000080,SkillLineAbility Spell 10180 (Skill 6)
0,5452,1,0x00000080,SkillLineAbility Spell 10181 (Skill 6)
0,5453,1,0x00000080,SkillLineAbility Spell 10185 (Skill 6)
0,5454,1,0x00000080,SkillLineAbility Spell 10186 (Skill 6)
0,5455,1,0x00000080,SkillLineAbility Spell 10187 (Skill 6)
0,5471,1,0x00000080,SkillLineAbility Spell 10219 (Skill 6)
0,5472,1,0x00000080,SkillLineAbility Spell 10220 (Skill 6)
0,5476,1,0x00000080,SkillLineAbility Spell 10230 (Skill 6)
0,5995,1,0x00000080,SkillLineAbility Spell 11426 (Skill 6)
0,6356,1,0x00000080,SkillLineAbility Spell 11958 (Skill 6)
0,6742,1,0x00000080,SkillLineAbility Spell 12472 (Skill 6)
0,6743,1,0x00000080,SkillLineAbility Spell 11070 (Skill 6)
0,6744,1,0x00000080,SkillLineAbility Spell 12473 (Skill 6)
0,6751,1,0x00000080,SkillLineAbility Spell 12484 (Skill 6)
0,6752,1,0x00000080,SkillLineAbility Spell 11185 (Skill 6)
0,6753,1,0x00000080,SkillLineAbility Spell 12487 (Skill 6)
0,6754,1,0x00000080,SkillLineAbility Spell 12488 (Skill 6)
0,6755,1,0x00000080,SkillLineAbility Spell 12485 (Skill 6)
0,6756,1,0x00000080,SkillLineAbility Spell 12486 (Skill 6)
0,6757,1,0x00000080,SkillLineAbility Spell 11190 (Skill 6)
0,6758,1,0x00000080,SkillLineAbility Spell 12489 (Skill 6)
0,6759,1,0x00000080,SkillLineAbility Spell 12490 (Skill 6)
0,6760,1,0x00000080,SkillLineAbility Spell 11071 (Skill 6)
0,6761,1,0x00000080,SkillLineAbility Spell 12494 (Skill 6)
0,6762,1,0x00000080,SkillLineAbility Spell 12496 (Skill 6)
0,6763,1,0x00000080,SkillLineAbility Spell 12497 (Skill 6)
0,6776,1,0x00000080,SkillLineAbility Spell 11160 (Skill 6)
0,6777,1,0x00000080,SkillLineAbility Spell 12518 (Skill 6)
0,6778,1,0x00000080,SkillLineAbility Spell 12519 (Skill 6)
0,6816,1,0x00000080,SkillLineAbility Spell 11175 (Skill 6)
0,6817,1,0x00000080,SkillLineAbility Spell 12569 (Skill 6)
0,6818,1,0x00000080,SkillLineAbility Spell 12571 (Skill 6)
0,6891,1,0x00000080,SkillLineAbility Spell 11207 (Skill 6)
0,6893,1,0x00000080,SkillLineAbility Spell 12672 (Skill 6)
0,7102,1,0x00000080,SkillLineAbility Spell 11151 (Skill 6)
0,7103,1,0x00000080,SkillLineAbility Spell 12952 (Skill 6)
0,7104,1,0x00000080,SkillLineAbility Spell 12953 (Skill 6)
0,7136,1,0x00000080,SkillLineAbility Spell 11170 (Skill 6)
0,7137,1,0x00000080,SkillLineAbility Spell 12982 (Skill 6)
0,7138,1,0x00000080,SkillLineAbility Spell 12983 (Skill 6)
0,7160,1,0x00000080,SkillLineAbility Spell 11189 (Skill 6)
0,7418,1,0x00000080,SkillLineAbility Spell 13031 (Skill 6)
0,7419,1,0x00000080,SkillLineAbility Spell 13032 (Skill 6)
0,7420,1,0x00000080,SkillLineAbility Spell 13033 (Skill 6)
0,13244,1,0x00000080,SkillLineAbility Spell 25304 (Skill 6)
0,13644,1,0x00000080,SkillLineAbility Spell 27071 (Skill 6)
0,13645,1,0x00000080,SkillLineAbility Spell 27072 (Skill 6)
0,13646,1,0x00000080,SkillLineAbility Spell 27088 (Skill 6)
0,13647,1,0x00000080,SkillLineAbility Spell 27087 (Skill 6)
0,13648,1,0x00000080,SkillLineAbility Spell 27085 (Skill 6)
0,13649,1,0x00000080,SkillLineAbility Spell 27124 (Skill 6)
0,13651,1,0x00000080,SkillLineAbility Spell 27134 (Skill 6)
0,13931,1,0x00000080,SkillLineAbility Spell 28332 (Skill 6)
0,13954,1,0x00000080,SkillLineAbility Spell 11180 (Skill 6)
0,13955,1,0x00000080,SkillLineAbility Spell 28592 (Skill 6)
0,13956,1,0x00000080,SkillLineAbility Spell 28593 (Skill 6)
0,14004,1,0x00000080,SkillLineAbility Spell 28609 (Skill 6)
0,14127,1,0x00000080,SkillLineAbility Spell 29438 (Skill 6)
0,14128,1,0x00000080,SkillLineAbility Spell 29439 (Skill 6)
0,14129,1,0x00000080,SkillLineAbility Spell 29440 (Skill 6)
0,14645,1,0x00000080,SkillLineAbility Spell 30455 (Skill 6)
0,14689,1,0x00000080,SkillLineAbility Spell 31687 (Skill 6)
0,14690,1,0x00000080,SkillLineAbility Spell 31682 (Skill 6)
0,14691,1,0x00000080,SkillLineAbility Spell 31683 (Skill 6)
0,14698,1,0x00000080,SkillLineAbility Spell 31674 (Skill 6)
0,14699,1,0x00000080,SkillLineAbility Spell 31675 (Skill 6)
0,14700,1,0x00000080,SkillLineAbility Spell 31676 (Skill 6)
0,14701,1,0x00000080,SkillLineAbility Spell 31677 (Skill 6)
0,14702,1,0x00000080,SkillLineAbility Spell 31678 (Skill 6)
0,14703,1,0x00000080,SkillLineAbility Spell 31670 (Skill 6)
0,14704,1,0x00000080,SkillLineAbility Spell 31672 (Skill 6)
0,14705,1,0x00000080,SkillLineAbility Spell 31667 (Skill 6)
0,14706,1,0x00000080,SkillLineAbility Spell 31668 (Skill 6)
0,14707,1,0x00000080,SkillLineAbility Spell 31669 (Skill 6)
0,14916,1,0x00000080,SkillLineAbility Spell 32796 (Skill 6)
0,15031,1,0x00000080,SkillLineAbility Spell 33405 (Skill 6)
0,15732,1,0x00000080,SkillLineAbility Spell 38697 (Skill 6)
0,15911,1,0x00000080,SkillLineAbility Spell 42841 (Skill 6)
0,15912,1,0x00000080,SkillLineAbility Spell 42842 (Skill 6)
0,15922,1,0x00000080,SkillLineAbility Spell 42913 (Skill 6)
0,15923,1,0x00000080,SkillLineAbility Spell 42914 (Skill 6)
0,15924,1,0x00000080,SkillLineAbility Spell 42917 (Skill 6)
0,15929,1,0x00000080,SkillLineAbility Spell 42930 (Skill 6)
0,15930,1,0x00000080,SkillLineAbility Spell 42931 (Skill 6)
0,15931,1,0x00000080,SkillLineAbility Spell 42939 (Skill 6)
0,15932,1,0x00000080,SkillLineAbility Spell 42940 (Skill 6)
0,15933,1,0x00000080,SkillLineAbility Spell 42208 (Skill 6)
0,15934,1,0x00000080,SkillLineAbility Spell 42209 (Skill 6)
0,15935,1,0x00000080,SkillLineAbility Spell 42210 (Skill 6)
0,15936,1,0x00000080,SkillLineAbility Spell 42211 (Skill 6)
0,15937,1,0x00000080,SkillLineAbility Spell 42212 (Skill 6)
0,15938,1,0x00000080,SkillLineAbility Spell 42213 (Skill 6)
0,15939,1,0x00000080,SkillLineAbility Spell 42198 (Skill 6)
0,15940,1,0x00000080,SkillLineAbility Spell 42938 (Skill 6)
0,15941,1,0x00000080,SkillLineAbility Spell 42937 (Skill 6)
0,15956,1,0x00000080,SkillLineAbility Spell 43008 (Skill 6)
0,15958,1,0x00000080,SkillLineAbility Spell 43012 (Skill 6)
0,15965,1,0x00000080,SkillLineAbility Spell 43038 (Skill 6)
0,15966,1,0x00000080,SkillLineAbility Spell 43039 (Skill 6)
0,15985,1,0x00000080,SkillLineAbility Spell 42208 (Skill 6)
0,15986,1,0x00000080,SkillLineAbility Spell 42209 (Skill 6)
0,15987,1,0x00000080,SkillLineAbility Spell 42210 (Skill 6)
0,15988,1,0x00000080,SkillLineAbility Spell 42211 (Skill 6)
0,15989,1,0x00000080,SkillLineAbility Spell 42212 (Skill 6)
0,15990,1,0x00000080,SkillLineAbility Spell 42213 (Skill 6)
0,15991,1,0x00000080,SkillLineAbility Spell 42198 (Skill 6)
0,16069,1,0x00000080,SkillLineAbility Spell 44543 (Skill 6)
0,16070,1,0x00000080,SkillLineAbility Spell 44545 (Skill 6)
0,16071,1,0x00000080,SkillLineAbility Spell 44544 (Skill 6)
0,16072,1,0x00000080,SkillLineAbility Spell 44557 (Skill 6)
0,16073,1,0x00000080,SkillLineAbility Spell 44560 (Skill 6)
0,16074,1,0x00000080,SkillLineAbility Spell 44561 (Skill 6)
0,16075,1,0x00000080,SkillLineAbility Spell 44546 (Skill 6)
0,16076,1,0x00000080,SkillLineAbility Spell 44548 (Skill 6)
0,16077,1,0x00000080,SkillLineAbility Spell 44549 (Skill 6)
0,16078,1,0x00000080,SkillLineAbility Spell 44566 (Skill 6)
0,16079,1,0x00000080,SkillLineAbility Spell 44567 (Skill 6)
0,16080,1,0x00000080,SkillLineAbility Spell 44568 (Skill 6)
0,16081,1,0x00000080,SkillLineAbility Spell 44570 (Skill 6)
0,16082,1,0x00000080,SkillLineAbility Spell 44571 (Skill 6)
0,16083,1,0x00000080,SkillLineAbility Spell 44572 (Skill 6)
0,16140,1,0x00000080,SkillLineAbility Spell 44745 (Skill 6)
0,16197,1,0x00000080,SkillLineAbility Spell 45438 (Skill 6)
0,19146,1,0x00000080,SkillLineAbility Spell 54787 (Skill 6)
0,19199,1,0x00000080,SkillLineAbility Spell 55094 (Skill 6)
0,19200,1,0x00000080,SkillLineAbility Spell 55091 (Skill 6)
0,19201,1,0x00000080,SkillLineAbility Spell 55092 (Skill 6)
0,21382,1,0x00000080,SkillLineAbility Spell 71761 (Skill 6)
0,455,1,0x00000080,SkillLineAbility Spell 133 (Skill 8)
0,460,1,0x00000080,SkillLineAbility Spell 143 (Skill 8)
0,470,1,0x00000080,SkillLineAbility Spell 145 (Skill 8)
0,1330,1,0x00000080,SkillLineAbility Spell 2120 (Skill 8)
0,1331,1,0x00000080,SkillLineAbility Spell 2121 (Skill 8)
0,1812,1,0x00000080,SkillLineAbility Spell 3140 (Skill 8)
0,2976,1,0x00000080,SkillLineAbility Spell 543 (Skill 8)
0,4221,1,0x00000080,SkillLineAbility Spell 2136 (Skill 8)
0,4222,1,0x00000080,SkillLineAbility Spell 2137 (Skill 8)
0,4223,1,0x00000080,SkillLineAbility Spell 2138 (Skill 8)
0,4666,1,0x00000080,SkillLineAbility Spell 8400 (Skill 8)
0,4667,1,0x00000080,SkillLineAbility Spell 8401 (Skill 8)
0,4668,1,0x00000080,SkillLineAbility Spell 8402 (Skill 8)
0,4672,1,0x00000080,SkillLineAbility Spell 8412 (Skill 8)
0,4673,1,0x00000080,SkillLineAbility Spell 8413 (Skill 8)
0,4676,1,0x00000080,SkillLineAbility Spell 8422 (Skill 8)
0,4677,1,0x00000080,SkillLineAbility Spell 8423 (Skill 8)
0,4691,1,0x00000080,SkillLineAbility Spell 2948 (Skill 8)
0,4692,1,0x00000080,SkillLineAbility Spell 8444 (Skill 8)
0,4693,1,0x00000080,SkillLineAbility Spell 8445 (Skill 8)
0,4694,1,0x00000080,SkillLineAbility Spell 8446 (Skill 8)
0,4703,1,0x00000080,SkillLineAbility Spell 8457 (Skill 8)
0,4704,1,0x00000080,SkillLineAbility Spell 8458 (Skill 8)
0,5433,1,0x00000080,SkillLineAbility Spell 10148 (Skill 8)
0,5434,1,0x00000080,SkillLineAbility Spell 10149 (Skill 8)
0,5435,1,0x00000080,SkillLineAbility Spell 10150 (Skill 8)
0,5436,1,0x00000080,SkillLineAbility Spell 10151 (Skill 8)
0,5460,1,0x00000080,SkillLineAbility Spell 10197 (Skill 8)
0,5461,1,0x00000080,SkillLineAbility Spell 10199 (Skill 8)
0,5464,1,0x00000080,SkillLineAbility Spell 10205 (Skill 8)
0,5465,1,0x00000080,SkillLineAbility Spell 10206 (Skill 8)
0,5466,1,0x00000080,SkillLineAbility Spell 10207 (Skill 8)
0,5469,1,0x00000080,SkillLineAbility Spell 10215 (Skill 8)
0,5470,1,0x00000080,SkillLineAbility Spell 10216 (Skill 8)
0,5473,1,0x00000080,SkillLineAbility Spell 10223 (Skill 8)
0,5474,1,0x00000080,SkillLineAbility Spell 10225 (Skill 8)
0,5906,1,0x00000080,SkillLineAbility Spell 11113 (Skill 8)
0,5988,1,0x00000080,SkillLineAbility Spell 11366 (Skill 8)
0,6556,1,0x00000080,SkillLineAbility Spell 11115 (Skill 8)
0,6557,1,0x00000080,SkillLineAbility Spell 11367 (Skill 8)
0,6558,1,0x00000080,SkillLineAbility Spell 11368 (Skill 8)
0,6561,1,0x00000080,SkillLineAbility Spell 11129 (Skill 8)
0,6656,1,0x00000080,SkillLineAbility Spell 11069 (Skill 8)
0,6676,1,0x00000080,SkillLineAbility Spell 12338 (Skill 8)
0,6677,1,0x00000080,SkillLineAbility Spell 12339 (Skill 8)
0,6679,1,0x00000080,SkillLineAbility Spell 12340 (Skill 8)
0,6680,1,0x00000080,SkillLineAbility Spell 12341 (Skill 8)
0,6681,1,0x00000080,SkillLineAbility Spell 11078 (Skill 8)
0,6682,1,0x00000080,SkillLineAbility Spell 11080 (Skill 8)
0,6696,1,0x00000080,SkillLineAbility Spell 11108 (Skill 8)
0,6697,1,0x00000080,SkillLineAbility Spell 12349 (Skill 8)
0,6698,1,0x00000080,SkillLineAbility Spell 12350 (Skill 8)
0,6699,1,0x00000080,SkillLineAbility Spell 11100 (Skill 8)
0,6700,1,0x00000080,SkillLineAbility Spell 12353 (Skill 8)
0,6701,1,0x00000080,SkillLineAbility Spell 11083 (Skill 8)
0,6702,1,0x00000080,SkillLineAbility Spell 12351 (Skill 8)
0,6704,1,0x00000080,SkillLineAbility Spell 11103 (Skill 8)
0,6705,1,0x00000080,SkillLineAbility Spell 12357 (Skill 8)
0,6706,1,0x00000080,SkillLineAbility Spell 12358 (Skill 8)
0,6709,1,0x00000080,SkillLineAbility Spell 12355 (Skill 8)
0,6716,1,0x00000080,SkillLineAbility Spell 11124 (Skill 8)
0,6717,1,0x00000080,SkillLineAbility Spell 12378 (Skill 8)
0,6718,1,0x00000080,SkillLineAbility Spell 12398 (Skill 8)
0,6719,1,0x00000080,SkillLineAbility Spell 12399 (Skill 8)
0,6720,1,0x00000080,SkillLineAbility Spell 12400 (Skill 8)
0,6796,1,0x00000080,SkillLineAbility Spell 12505 (Skill 8)
0,6797,1,0x00000080,SkillLineAbility Spell 12522 (Skill 8)
0,6798,1,0x00000080,SkillLineAbility Spell 12523 (Skill 8)
0,6799,1,0x00000080,SkillLineAbility Spell 12524 (Skill 8)
0,6800,1,0x00000080,SkillLineAbility Spell 12525 (Skill 8)
0,6801,1,0x00000080,SkillLineAbility Spell 12526 (Skill 8)
0,7176,1,0x00000080,SkillLineAbility Spell 13018 (Skill 8)
0,7177,1,0x00000080,SkillLineAbility Spell 13019 (Skill 8)
0,7178,1,0x00000080,SkillLineAbility Spell 13020 (Skill 8)
0,7179,1,0x00000080,SkillLineAbility Spell 13021 (Skill 8)
0,10618,1,0x00000080,SkillLineAbility Spell 18809 (Skill 8)
0,12381,1,0x00000080,SkillLineAbility Spell 22959 (Skill 8)
0,12596,1,0x00000080,SkillLineAbility Spell 11095 (Skill 8)
0,12597,1,0x00000080,SkillLineAbility Spell 12872 (Skill 8)
0,12598,1,0x00000080,SkillLineAbility Spell 12873 (Skill 8)
0,13245,1,0x00000080,SkillLineAbility Spell 25306 (Skill 8)
0,13635,1,0x00000080,SkillLineAbility Spell 27070 (Skill 8)
0,13636,1,0x00000080,SkillLineAbility Spell 27074 (Skill 8)
0,13637,1,0x00000080,SkillLineAbility Spell 27073 (Skill 8)
0,13638,1,0x00000080,SkillLineAbility Spell 27079 (Skill 8)
0,13639,1,0x00000080,SkillLineAbility Spell 27078 (Skill 8)
0,13640,1,0x00000080,SkillLineAbility Spell 27132 (Skill 8)
0,13641,1,0x00000080,SkillLineAbility Spell 27086 (Skill 8)
0,13642,1,0x00000080,SkillLineAbility Spell 27133 (Skill 8)
0,13643,1,0x00000080,SkillLineAbility Spell 27128 (Skill 8)
0,14073,1,0x00000080,SkillLineAbility Spell 29074 (Skill 8)
0,14075,1,0x00000080,SkillLineAbility Spell 29075 (Skill 8)
0,14076,1,0x00000080,SkillLineAbility Spell 29076 (Skill 8)
0,14077,1,0x00000080,SkillLineAbility Spell 29077 (Skill 8)
0,14388,1,0x00000080,SkillLineAbility Spell 30482 (Skill 8)
0,14666,1,0x00000080,SkillLineAbility Spell 31661 (Skill 8)
0,14667,1,0x00000080,SkillLineAbility Spell 31656 (Skill 8)
0,14668,1,0x00000080,SkillLineAbility Spell 31657 (Skill 8)
0,14669,1,0x00000080,SkillLineAbility Spell 31658 (Skill 8)
0,14683,1,0x00000080,SkillLineAbility Spell 31641 (Skill 8)
0,14684,1,0x00000080,SkillLineAbility Spell 31642 (Skill 8)
0,14685,1,0x00000080,SkillLineAbility Spell 31643 (Skill 8)
0,14686,1,0x00000080,SkillLineAbility Spell 31638 (Skill 8)
0,14687,1,0x00000080,SkillLineAbility Spell 31639 (Skill 8)
0,14688,1,0x00000080,SkillLineAbility Spell 31640 (Skill 8)
0,14935,1,0x00000080,SkillLineAbility Spell 31679 (Skill 8)
0,14936,1,0x00000080,SkillLineAbility Spell 31680 (Skill 8)
0,15111,1,0x00000080,SkillLineAbility Spell 33933 (Skill 8)
0,15113,1,0x00000080,SkillLineAbility Spell 33938 (Skill 8)
0,15114,1,0x00000080,SkillLineAbility Spell 33041 (Skill 8)
0,15115,1,0x00000080,SkillLineAbility Spell 33042 (Skill 8)
0,15116,1,0x00000080,SkillLineAbility Spell 33043 (Skill 8)
0,15161,1,0x00000080,SkillLineAbility Spell 34293 (Skill 8)
0,15162,1,0x00000080,SkillLineAbility Spell 34295 (Skill 8)
0,15163,1,0x00000080,SkillLineAbility Spell 34296 (Skill 8)
0,15731,1,0x00000080,SkillLineAbility Spell 38692 (Skill 8)
0,15909,1,0x00000080,SkillLineAbility Spell 42832 (Skill 8)
0,15910,1,0x00000080,SkillLineAbility Spell 42833 (Skill 8)
0,15913,1,0x00000080,SkillLineAbility Spell 42872 (Skill 8)
0,15914,1,0x00000080,SkillLineAbility Spell 42873 (Skill 8)
0,15915,1,0x00000080,SkillLineAbility Spell 42858 (Skill 8)
0,15916,1,0x00000080,SkillLineAbility Spell 42859 (Skill 8)
0,15917,1,0x00000080,SkillLineAbility Spell 42890 (Skill 8)
0,15918,1,0x00000080,SkillLineAbility Spell 42891 (Skill 8)
0,15927,1,0x00000080,SkillLineAbility Spell 42925 (Skill 8)
0,15928,1,0x00000080,SkillLineAbility Spell 42926 (Skill 8)
0,15942,1,0x00000080,SkillLineAbility Spell 42944 (Skill 8)
0,15943,1,0x00000080,SkillLineAbility Spell 42945 (Skill 8)
0,15944,1,0x00000080,SkillLineAbility Spell 42949 (Skill 8)
0,15945,1,0x00000080,SkillLineAbility Spell 42950 (Skill 8)
0,15957,1,0x00000080,SkillLineAbility Spell 43010 (Skill 8)
0,15967,1,0x00000080,SkillLineAbility Spell 43045 (Skill 8)
0,15968,1,0x00000080,SkillLineAbility Spell 43046 (Skill 8)
0,15969,1,0x00000080,SkillLineAbility Spell 34913 (Skill 8)
0,15970,1,0x00000080,SkillLineAbility Spell 43043 (Skill 8)
0,15971,1,0x00000080,SkillLineAbility Spell 43044 (Skill 8)
0,16052,1,0x00000080,SkillLineAbility Spell 44440 (Skill 8)
0,16053,1,0x00000080,SkillLineAbility Spell 44441 (Skill 8)
0,16054,1,0x00000080,SkillLineAbility Spell 44442 (Skill 8)
0,16055,1,0x00000080,SkillLineAbility Spell 44443 (Skill 8)
0,16057,1,0x00000080,SkillLineAbility Spell 44445 (Skill 8)
0,16058,1,0x00000080,SkillLineAbility Spell 44446 (Skill 8)
0,16059,1,0x00000080,SkillLineAbility Spell 44448 (Skill 8)
0,16060,1,0x00000080,SkillLineAbility Spell 44449 (Skill 8)
0,16061,1,0x00000080,SkillLineAbility Spell 44450 (Skill 8)
0,16062,1,0x00000080,SkillLineAbility Spell 44457 (Skill 8)
0,16063,1,0x00000080,SkillLineAbility Spell 44461 (Skill 8)
0,16065,1,0x00000080,SkillLineAbility Spell 44469 (Skill 8)
0,16066,1,0x00000080,SkillLineAbility Spell 44470 (Skill 8)
0,16067,1,0x00000080,SkillLineAbility Spell 44471 (Skill 8)
0,16068,1,0x00000080,SkillLineAbility Spell 44472 (Skill 8)
0,16141,1,0x00000080,SkillLineAbility Spell 44614 (Skill 8)
0,16428,1,0x00000080,SkillLineAbility Spell 47610 (Skill 8)
0,19135,1,0x00000080,SkillLineAbility Spell 54734 (Skill 8)
0,19137,1,0x00000080,SkillLineAbility Spell 54741 (Skill 8)
0,19138,1,0x00000080,SkillLineAbility Spell 54747 (Skill 8)
0,19139,1,0x00000080,SkillLineAbility Spell 54749 (Skill 8)
0,19140,1,0x00000080,SkillLineAbility Spell 54748 (Skill 8)
0,19291,1,0x00000080,SkillLineAbility Spell 55359 (Skill 8)
0,19292,1,0x00000080,SkillLineAbility Spell 55360 (Skill 8)
0,19294,1,0x00000080,SkillLineAbility Spell 55361 (Skill 8)
0,19295,1,0x00000080,SkillLineAbility Spell 55362 (Skill 8)
0,20989,1,0x00000080,SkillLineAbility Spell 64353 (Skill 8)
0,20990,1,0x00000080,SkillLineAbility Spell 64357 (Skill 8)
0,20991,1,0x00000080,SkillLineAbility Spell 64350 (Skill 8)
0,20992,1,0x00000080,SkillLineAbility Spell 64349 (Skill 8)
0,1401,1,0x00000001,SkillLineAbility Spell 78 (Skill 26)
0,1402,1,0x00000001,SkillLineAbility Spell 284 (Skill 26)
0,1403,1,0x00000001,SkillLineAbility Spell 285 (Skill 26)
0,1404,1,0x00000001,SkillLineAbility Spell 1608 (Skill 26)
0,3979,1,0x00000001,SkillLineAbility Spell 772 (Skill 26)
0,3980,1,0x00000001,SkillLineAbility Spell 6546 (Skill 26)
0,3981,1,0x00000001,SkillLineAbility Spell 6547 (Skill 26)
0,3982,1,0x00000001,SkillLineAbility Spell 6548 (Skill 26)
0,3995,1,0x00000001,SkillLineAbility Spell 1715 (Skill 26)
0,6057,1,0x00000001,SkillLineAbility Spell 2457 (Skill 26)
0,6058,1,0x00000001,SkillLineAbility Spell 100 (Skill 26)
0,6059,1,0x00000001,SkillLineAbility Spell 6178 (Skill 26)
0,6060,1,0x00000001,SkillLineAbility Spell 11578 (Skill 26)
0,6061,1,0x00000001,SkillLineAbility Spell 7384 (Skill 26)
0,6066,1,0x00000001,SkillLineAbility Spell 11572 (Skill 26)
0,6067,1,0x00000001,SkillLineAbility Spell 11573 (Skill 26)
0,6068,1,0x00000001,SkillLineAbility Spell 11574 (Skill 26)
0,6069,1,0x00000001,SkillLineAbility Spell 11564 (Skill 26)
0,6070,1,0x00000001,SkillLineAbility Spell 11565 (Skill 26)
0,6071,1,0x00000001,SkillLineAbility Spell 11566 (Skill 26)
0,6072,1,0x00000001,SkillLineAbility Spell 11567 (Skill 26)
0,6073,1,0x00000001,SkillLineAbility Spell 6343 (Skill 26)
0,6074,1,0x00000001,SkillLineAbility Spell 8198 (Skill 26)
0,6075,1,0x00000001,SkillLineAbility Spell 8204 (Skill 26)
0,6076,1,0x00000001,SkillLineAbility Spell 8205 (Skill 26)
0,6077,1,0x00000001,SkillLineAbility Spell 11580 (Skill 26)
0,6078,1,0x00000001,SkillLineAbility Spell 11581 (Skill 26)
0,7130,1,0x00000001,SkillLineAbility Spell 12294 (Skill 26)
0,11781,1,0x00000001,SkillLineAbility Spell 20230 (Skill 26)
0,11978,1,0x00000001,SkillLineAbility Spell 21156 (Skill 26)
0,12036,1,0x00000001,SkillLineAbility Spell 21551 (Skill 26)
0,12037,1,0x00000001,SkillLineAbility Spell 21552 (Skill 26)
0,12038,1,0x00000001,SkillLineAbility Spell 21553 (Skill 26)
0,13163,1,0x00000001,SkillLineAbility Spell 25208 (Skill 26)
0,13173,1,0x00000001,SkillLineAbility Spell 25248 (Skill 26)
0,13178,1,0x00000001,SkillLineAbility Spell 25264 (Skill 26)
0,13217,1,0x00000001,SkillLineAbility Spell 25286 (Skill 26)
0,14158,1,0x00000001,SkillLineAbility Spell 29707 (Skill 26)
0,14176,1,0x00000001,SkillLineAbility Spell 29623 (Skill 26)
0,14178,1,0x00000001,SkillLineAbility Spell 29723 (Skill 26)
0,14180,1,0x00000001,SkillLineAbility Spell 29725 (Skill 26)
0,14242,1,0x00000001,SkillLineAbility Spell 29834 (Skill 26)
0,14243,1,0x00000001,SkillLineAbility Spell 29838 (Skill 26)
0,14245,1,0x00000001,SkillLineAbility Spell 29841 (Skill 26)
0,14246,1,0x00000001,SkillLineAbility Spell 29842 (Skill 26)
0,14250,1,0x00000001,SkillLineAbility Spell 29836 (Skill 26)
0,14251,1,0x00000001,SkillLineAbility Spell 29859 (Skill 26)
0,14266,1,0x00000001,SkillLineAbility Spell 12300 (Skill 26)
0,14267,1,0x00000001,SkillLineAbility Spell 12959 (Skill 26)
0,14268,1,0x00000001,SkillLineAbility Spell 12960 (Skill 26)
0,14377,1,0x00000001,SkillLineAbility Spell 30324 (Skill 26)
0,14378,1,0x00000001,SkillLineAbility Spell 30330 (Skill 26)
0,15496,1,0x00000001,SkillLineAbility Spell 35446 (Skill 26)
0,15497,1,0x00000001,SkillLineAbility Spell 35448 (Skill 26)
0,15498,1,0x00000001,SkillLineAbility Spell 35449 (Skill 26)
0,16308,1,0x00000001,SkillLineAbility Spell 46854 (Skill 26)
0,16309,1,0x00000001,SkillLineAbility Spell 46855 (Skill 26)
0,16310,1,0x00000001,SkillLineAbility Spell 46856 (Skill 26)
0,16311,1,0x00000001,SkillLineAbility Spell 46857 (Skill 26)
0,16312,1,0x00000001,SkillLineAbility Spell 46845 (Skill 26)
0,16313,1,0x00000001,SkillLineAbility Spell 46859 (Skill 26)
0,16314,1,0x00000001,SkillLineAbility Spell 46860 (Skill 26)
0,16319,1,0x00000001,SkillLineAbility Spell 46865 (Skill 26)
0,16320,1,0x00000001,SkillLineAbility Spell 46866 (Skill 26)
0,16321,1,0x00000001,SkillLineAbility Spell 46867 (Skill 26)
0,16400,1,0x00000001,SkillLineAbility Spell 47449 (Skill 26)
0,16401,1,0x00000001,SkillLineAbility Spell 47450 (Skill 26)
0,16402,1,0x00000001,SkillLineAbility Spell 47465 (Skill 26)
0,16408,1,0x00000001,SkillLineAbility Spell 47485 (Skill 26)
0,16409,1,0x00000001,SkillLineAbility Spell 47486 (Skill 26)
0,16422,1,0x00000001,SkillLineAbility Spell 47501 (Skill 26)
0,16423,1,0x00000001,SkillLineAbility Spell 47502 (Skill 26)
0,16672,1,0x00000001,SkillLineAbility Spell 12328 (Skill 26)
0,16673,1,0x00000001,SkillLineAbility Spell 12723 (Skill 26)
0,16674,1,0x00000001,SkillLineAbility Spell 26654 (Skill 26)
0,17291,1,0x00000001,SkillLineAbility Spell 46924 (Skill 26)
0,17445,1,0x00000001,SkillLineAbility Spell 694 (Skill 26)
0,17509,1,0x00000001,SkillLineAbility Spell 29724 (Skill 26)
0,19598,1,0x00000001,SkillLineAbility Spell 56611 (Skill 26)
0,19599,1,0x00000001,SkillLineAbility Spell 56612 (Skill 26)
0,19600,1,0x00000001,SkillLineAbility Spell 56613 (Skill 26)
0,19601,1,0x00000001,SkillLineAbility Spell 56614 (Skill 26)
0,19636,1,0x00000001,SkillLineAbility Spell 56636 (Skill 26)
0,19637,1,0x00000001,SkillLineAbility Spell 56637 (Skill 26)
0,19638,1,0x00000001,SkillLineAbility Spell 56638 (Skill 26)
0,19793,1,0x00000001,SkillLineAbility Spell 57755 (Skill 26)
0,20258,1,0x00000001,SkillLineAbility Spell 12295 (Skill 26)
0,20259,1,0x00000001,SkillLineAbility Spell 12676 (Skill 26)
0,20260,1,0x00000001,SkillLineAbility Spell 12677 (Skill 26)
0,20994,1,0x00000001,SkillLineAbility Spell 64382 (Skill 26)
0,20995,1,0x00000001,SkillLineAbility Spell 64380 (Skill 26)
0,21023,1,0x00000001,SkillLineAbility Spell 20504 (Skill 26)
0,21024,1,0x00000001,SkillLineAbility Spell 20505 (Skill 26)
0,21029,1,0x00000001,SkillLineAbility Spell 64976 (Skill 26)
0,3394,1,0x00000008,SkillLineAbility Spell 1776 (Skill 38)
0,3395,1,0x00000008,SkillLineAbility Spell 1752 (Skill 38)
0,3396,1,0x00000008,SkillLineAbility Spell 1757 (Skill 38)
0,3397,1,0x00000008,SkillLineAbility Spell 1758 (Skill 38)
0,3398,1,0x00000008,SkillLineAbility Spell 1759 (Skill 38)
0,3399,1,0x00000008,SkillLineAbility Spell 1760 (Skill 38)
0,4769,1,0x00000008,SkillLineAbility Spell 8621 (Skill 38)
0,4781,1,0x00000008,SkillLineAbility Spell 1766 (Skill 38)
0,5936,1,0x00000008,SkillLineAbility Spell 11293 (Skill 38)
0,5937,1,0x00000008,SkillLineAbility Spell 11294 (Skill 38)
0,6367,1,0x00000008,SkillLineAbility Spell 53 (Skill 38)
0,6368,1,0x00000008,SkillLineAbility Spell 2589 (Skill 38)
0,6369,1,0x00000008,SkillLineAbility Spell 2590 (Skill 38)
0,6370,1,0x00000008,SkillLineAbility Spell 2591 (Skill 38)
0,6371,1,0x00000008,SkillLineAbility Spell 8721 (Skill 38)
0,6372,1,0x00000008,SkillLineAbility Spell 11279 (Skill 38)
0,6373,1,0x00000008,SkillLineAbility Spell 11280 (Skill 38)
0,6374,1,0x00000008,SkillLineAbility Spell 11281 (Skill 38)
0,6375,1,0x00000008,SkillLineAbility Spell 1966 (Skill 38)
0,6376,1,0x00000008,SkillLineAbility Spell 6768 (Skill 38)
0,6377,1,0x00000008,SkillLineAbility Spell 8637 (Skill 38)
0,6378,1,0x00000008,SkillLineAbility Spell 11303 (Skill 38)
0,6379,1,0x00000008,SkillLineAbility Spell 5277 (Skill 38)
0,7638,1,0x00000008,SkillLineAbility Spell 2983 (Skill 38)
0,7639,1,0x00000008,SkillLineAbility Spell 8696 (Skill 38)
0,7640,1,0x00000008,SkillLineAbility Spell 11305 (Skill 38)
0,12039,1,0x00000008,SkillLineAbility Spell 21184 (Skill 38)
0,13238,1,0x00000008,SkillLineAbility Spell 25300 (Skill 38)
0,13239,1,0x00000008,SkillLineAbility Spell 25302 (Skill 38)
0,13461,1,0x00000008,SkillLineAbility Spell 5938 (Skill 38)
0,13542,1,0x00000008,SkillLineAbility Spell 26669 (Skill 38)
0,13707,1,0x00000008,SkillLineAbility Spell 26861 (Skill 38)
0,13708,1,0x00000008,SkillLineAbility Spell 26862 (Skill 38)
0,13709,1,0x00000008,SkillLineAbility Spell 26863 (Skill 38)
0,13710,1,0x00000008,SkillLineAbility Spell 27448 (Skill 38)
0,14503,1,0x00000008,SkillLineAbility Spell 31124 (Skill 38)
0,14504,1,0x00000008,SkillLineAbility Spell 31126 (Skill 38)
0,14508,1,0x00000008,SkillLineAbility Spell 31125 (Skill 38)
0,14509,1,0x00000008,SkillLineAbility Spell 31122 (Skill 38)
0,14510,1,0x00000008,SkillLineAbility Spell 31123 (Skill 38)
0,14894,1,0x00000008,SkillLineAbility Spell 32601 (Skill 38)
0,15032,1,0x00000008,SkillLineAbility Spell 31130 (Skill 38)
0,15033,1,0x00000008,SkillLineAbility Spell 31131 (Skill 38)
0,15514,1,0x00000008,SkillLineAbility Spell 35541 (Skill 38)
0,15515,1,0x00000008,SkillLineAbility Spell 35550 (Skill 38)
0,15516,1,0x00000008,SkillLineAbility Spell 35551 (Skill 38)
0,15517,1,0x00000008,SkillLineAbility Spell 35552 (Skill 38)
0,15518,1,0x00000008,SkillLineAbility Spell 35553 (Skill 38)
0,16670,1,0x00000008,SkillLineAbility Spell 48637 (Skill 38)
0,16671,1,0x00000008,SkillLineAbility Spell 48638 (Skill 38)
0,16675,1,0x00000008,SkillLineAbility Spell 48656 (Skill 38)
0,16676,1,0x00000008,SkillLineAbility Spell 48657 (Skill 38)
0,16677,1,0x00000008,SkillLineAbility Spell 48658 (Skill 38)
0,16678,1,0x00000008,SkillLineAbility Spell 48659 (Skill 38)
0,17716,1,0x00000008,SkillLineAbility Spell 51672 (Skill 38)
0,17717,1,0x00000008,SkillLineAbility Spell 51674 (Skill 38)
0,17718,1,0x00000008,SkillLineAbility Spell 51675 (Skill 38)
0,17719,1,0x00000008,SkillLineAbility Spell 51677 (Skill 38)
0,17720,1,0x00000008,SkillLineAbility Spell 5952 (Skill 38)
0,17721,1,0x00000008,SkillLineAbility Spell 51679 (Skill 38)
0,17722,1,0x00000008,SkillLineAbility Spell 51680 (Skill 38)
0,17723,1,0x00000008,SkillLineAbility Spell 51682 (Skill 38)
0,17726,1,0x00000008,SkillLineAbility Spell 51685 (Skill 38)
0,17727,1,0x00000008,SkillLineAbility Spell 51686 (Skill 38)
0,17728,1,0x00000008,SkillLineAbility Spell 51687 (Skill 38)
0,17729,1,0x00000008,SkillLineAbility Spell 51688 (Skill 38)
0,17730,1,0x00000008,SkillLineAbility Spell 51689 (Skill 38)
0,17731,1,0x00000008,SkillLineAbility Spell 51690 (Skill 38)
0,17750,1,0x00000008,SkillLineAbility Spell 51723 (Skill 38)
0,19980,1,0x00000008,SkillLineAbility Spell 14165 (Skill 38)
0,19981,1,0x00000008,SkillLineAbility Spell 14166 (Skill 38)
0,19986,1,0x00000008,SkillLineAbility Spell 58413 (Skill 38)
0,20622,1,0x00000008,SkillLineAbility Spell 61329 (Skill 38)
0,3276,1,0x00000008,SkillLineAbility Spell 1725 (Skill 39)
0,3965,1,0x00000008,SkillLineAbility Spell 2094 (Skill 39)
0,6360,1,0x00000008,SkillLineAbility Spell 921 (Skill 39)
0,6361,1,0x00000008,SkillLineAbility Spell 1784 (Skill 39)
0,6365,1,0x00000008,SkillLineAbility Spell 1856 (Skill 39)
0,6366,1,0x00000008,SkillLineAbility Spell 1857 (Skill 39)
0,6383,1,0x00000008,SkillLineAbility Spell 6770 (Skill 39)
0,6384,1,0x00000008,SkillLineAbility Spell 2070 (Skill 39)
0,6385,1,0x00000008,SkillLineAbility Spell 11297 (Skill 39)
0,7822,1,0x00000008,SkillLineAbility Spell 14278 (Skill 39)
0,7914,1,0x00000008,SkillLineAbility Spell 2836 (Skill 39)
0,8055,1,0x00000008,SkillLineAbility Spell 1842 (Skill 39)
0,9116,1,0x00000008,SkillLineAbility Spell 16511 (Skill 39)
0,9856,1,0x00000008,SkillLineAbility Spell 17347 (Skill 39)
0,9857,1,0x00000008,SkillLineAbility Spell 17348 (Skill 39)
0,11739,1,0x00000008,SkillLineAbility Spell 1860 (Skill 39)
0,13717,1,0x00000008,SkillLineAbility Spell 26889 (Skill 39)
0,14575,1,0x00000008,SkillLineAbility Spell 31211 (Skill 39)
0,14576,1,0x00000008,SkillLineAbility Spell 31212 (Skill 39)
0,14577,1,0x00000008,SkillLineAbility Spell 31213 (Skill 39)
0,14580,1,0x00000008,SkillLineAbility Spell 31216 (Skill 39)
0,14581,1,0x00000008,SkillLineAbility Spell 31217 (Skill 39)
0,14582,1,0x00000008,SkillLineAbility Spell 31218 (Skill 39)
0,14583,1,0x00000008,SkillLineAbility Spell 31219 (Skill 39)
0,14584,1,0x00000008,SkillLineAbility Spell 31220 (Skill 39)
0,14585,1,0x00000008,SkillLineAbility Spell 31221 (Skill 39)
0,14586,1,0x00000008,SkillLineAbility Spell 31222 (Skill 39)
0,14587,1,0x00000008,SkillLineAbility Spell 31223 (Skill 39)
0,14588,1,0x00000008,SkillLineAbility Spell 31224 (Skill 39)
0,14609,1,0x00000008,SkillLineAbility Spell 31228 (Skill 39)
0,14610,1,0x00000008,SkillLineAbility Spell 31229 (Skill 39)
0,14611,1,0x00000008,SkillLineAbility Spell 31230 (Skill 39)
0,14789,1,0x00000008,SkillLineAbility Spell 26864 (Skill 39)
0,15687,1,0x00000008,SkillLineAbility Spell 36554 (Skill 39)
0,16679,1,0x00000008,SkillLineAbility Spell 48660 (Skill 39)
0,17732,1,0x00000008,SkillLineAbility Spell 51692 (Skill 39)
0,17733,1,0x00000008,SkillLineAbility Spell 51696 (Skill 39)
0,17734,1,0x00000008,SkillLineAbility Spell 51693 (Skill 39)
0,17735,1,0x00000008,SkillLineAbility Spell 51698 (Skill 39)
0,17736,1,0x00000008,SkillLineAbility Spell 51700 (Skill 39)
0,17737,1,0x00000008,SkillLineAbility Spell 51701 (Skill 39)
0,17738,1,0x00000008,SkillLineAbility Spell 51699 (Skill 39)
0,17743,1,0x00000008,SkillLineAbility Spell 51708 (Skill 39)
0,17744,1,0x00000008,SkillLineAbility Spell 51709 (Skill 39)
0,17745,1,0x00000008,SkillLineAbility Spell 51710 (Skill 39)
0,17746,1,0x00000008,SkillLineAbility Spell 51711 (Skill 39)
0,17747,1,0x00000008,SkillLineAbility Spell 51712 (Skill 39)
0,17748,1,0x00000008,SkillLineAbility Spell 51713 (Skill 39)
0,17751,1,0x00000008,SkillLineAbility Spell 51724 (Skill 39)
0,19962,1,0x00000008,SkillLineAbility Spell 57934 (Skill 39)
0,19963,1,0x00000008,SkillLineAbility Spell 57933 (Skill 39)
0,19987,1,0x00000008,SkillLineAbility Spell 58414 (Skill 39)
0,19988,1,0x00000008,SkillLineAbility Spell 58415 (Skill 39)
0,19989,1,0x00000008,SkillLineAbility Spell 14179 (Skill 39)
0,19990,1,0x00000008,SkillLineAbility Spell 58422 (Skill 39)
0,19991,1,0x00000008,SkillLineAbility Spell 58423 (Skill 39)
0,19992,1,0x00000008,SkillLineAbility Spell 58424 (Skill 39)
0,19993,1,0x00000008,SkillLineAbility Spell 58425 (Skill 39)
0,19994,1,0x00000008,SkillLineAbility Spell 14181 (Skill 39)
0,252,1,0x000001AF,SkillLineAbility Spell 201 (Skill 43)
0,248,1,0x0000006F,SkillLineAbility Spell 196 (Skill 44)
0,246,1,0x0000000D,SkillLineAbility Spell 264 (Skill 45)
0,15696,1,0x00000009,SkillLineAbility Spell 3018 (Skill 45)
0,251,1,0x0000000D,SkillLineAbility Spell 266 (Skill 46)
0,15695,1,0x00000009,SkillLineAbility Spell 3018 (Skill 46)
0,935,1,0x00000004,SkillLineAbility Spell 1513 (Skill 50)
0,936,1,0x00000004,SkillLineAbility Spell 1515 (Skill 50)
0,1790,1,0x00000004,SkillLineAbility Spell 883 (Skill 50)
0,7260,1,0x00000004,SkillLineAbility Spell 136 (Skill 50)
0,7261,1,0x00000004,SkillLineAbility Spell 3111 (Skill 50)
0,7262,1,0x00000004,SkillLineAbility Spell 3661 (Skill 50)
0,7263,1,0x00000004,SkillLineAbility Spell 3662 (Skill 50)
0,7265,1,0x00000004,SkillLineAbility Spell 982 (Skill 50)
0,7266,1,0x00000004,SkillLineAbility Spell 13161 (Skill 50)
0,7267,1,0x00000004,SkillLineAbility Spell 13163 (Skill 50)
0,7268,1,0x00000004,SkillLineAbility Spell 13159 (Skill 50)
0,7269,1,0x00000004,SkillLineAbility Spell 13165 (Skill 50)
0,7270,1,0x00000004,SkillLineAbility Spell 5118 (Skill 50)
0,7272,1,0x00000004,SkillLineAbility Spell 6197 (Skill 50)
0,7273,1,0x00000004,SkillLineAbility Spell 1462 (Skill 50)
0,7275,1,0x00000004,SkillLineAbility Spell 1002 (Skill 50)
0,7396,1,0x00000004,SkillLineAbility Spell 6991 (Skill 50)
0,7476,1,0x00000004,SkillLineAbility Spell 13542 (Skill 50)
0,7477,1,0x00000004,SkillLineAbility Spell 13543 (Skill 50)
0,7478,1,0x00000004,SkillLineAbility Spell 13544 (Skill 50)
0,7695,1,0x00000004,SkillLineAbility Spell 2641 (Skill 50)
0,7856,1,0x00000004,SkillLineAbility Spell 14318 (Skill 50)
0,7857,1,0x00000004,SkillLineAbility Spell 14319 (Skill 50)
0,7858,1,0x00000004,SkillLineAbility Spell 14320 (Skill 50)
0,7859,1,0x00000004,SkillLineAbility Spell 14321 (Skill 50)
0,7860,1,0x00000004,SkillLineAbility Spell 14322 (Skill 50)
0,7861,1,0x00000004,SkillLineAbility Spell 14326 (Skill 50)
0,7862,1,0x00000004,SkillLineAbility Spell 14327 (Skill 50)
0,8417,1,0x00000004,SkillLineAbility Spell 13481 (Skill 50)
0,11016,1,0x00000004,SkillLineAbility Spell 19549 (Skill 50)
0,11017,1,0x00000004,SkillLineAbility Spell 19550 (Skill 50)
0,11018,1,0x00000004,SkillLineAbility Spell 19551 (Skill 50)
0,11038,1,0x00000004,SkillLineAbility Spell 19578 (Skill 50)
0,11356,1,0x00000004,SkillLineAbility Spell 20043 (Skill 50)
0,11464,1,0x00000004,SkillLineAbility Spell 20190 (Skill 50)
0,11868,1,0x00000004,SkillLineAbility Spell 20895 (Skill 50)
0,12912,1,0x00000004,SkillLineAbility Spell 24443 (Skill 50)
0,12913,1,0x00000004,SkillLineAbility Spell 19575 (Skill 50)
0,13232,1,0x00000004,SkillLineAbility Spell 25296 (Skill 50)
0,13595,1,0x00000004,SkillLineAbility Spell 27046 (Skill 50)
0,13613,1,0x00000004,SkillLineAbility Spell 27044 (Skill 50)
0,13614,1,0x00000004,SkillLineAbility Spell 27045 (Skill 50)
0,15141,1,0x00000004,SkillLineAbility Spell 34026 (Skill 50)
0,15147,1,0x00000004,SkillLineAbility Spell 34074 (Skill 50)
0,15205,1,0x00000004,SkillLineAbility Spell 34453 (Skill 50)
0,15206,1,0x00000004,SkillLineAbility Spell 34454 (Skill 50)
0,15207,1,0x00000004,SkillLineAbility Spell 34455 (Skill 50)
0,15208,1,0x00000004,SkillLineAbility Spell 34459 (Skill 50)
0,15209,1,0x00000004,SkillLineAbility Spell 34460 (Skill 50)
0,15213,1,0x00000004,SkillLineAbility Spell 34462 (Skill 50)
0,15214,1,0x00000004,SkillLineAbility Spell 34464 (Skill 50)
0,15215,1,0x00000004,SkillLineAbility Spell 34465 (Skill 50)
0,15216,1,0x00000004,SkillLineAbility Spell 34466 (Skill 50)
0,15217,1,0x00000004,SkillLineAbility Spell 34467 (Skill 50)
0,15218,1,0x00000004,SkillLineAbility Spell 34468 (Skill 50)
0,15219,1,0x00000004,SkillLineAbility Spell 34469 (Skill 50)
0,15220,1,0x00000004,SkillLineAbility Spell 34470 (Skill 50)
0,15221,1,0x00000004,SkillLineAbility Spell 34471 (Skill 50)
0,15248,1,0x00000004,SkillLineAbility Spell 34692 (Skill 50)
0,15354,1,0x00000004,SkillLineAbility Spell 35029 (Skill 50)
0,15355,1,0x00000004,SkillLineAbility Spell 35030 (Skill 50)
0,16785,1,0x00000004,SkillLineAbility Spell 48989 (Skill 50)
0,16786,1,0x00000004,SkillLineAbility Spell 48990 (Skill 50)
0,16845,1,0x00000004,SkillLineAbility Spell 49071 (Skill 50)
0,20723,1,0x00000004,SkillLineAbility Spell 61846 (Skill 50)
0,20724,1,0x00000004,SkillLineAbility Spell 61847 (Skill 50)
0,20785,1,0x00000004,SkillLineAbility Spell 62757 (Skill 50)
0,7288,1,0x00000004,SkillLineAbility Spell 5384 (Skill 51)
0,7289,1,0x00000004,SkillLineAbility Spell 2974 (Skill 51)
0,7290,1,0x00000004,SkillLineAbility Spell 781 (Skill 51)
0,7292,1,0x00000004,SkillLineAbility Spell 2973 (Skill 51)
0,7337,1,0x00000004,SkillLineAbility Spell 1495 (Skill 51)
0,7534,1,0x00000004,SkillLineAbility Spell 1499 (Skill 51)
0,7587,1,0x00000004,SkillLineAbility Spell 13795 (Skill 51)
0,7588,1,0x00000004,SkillLineAbility Spell 13809 (Skill 51)
0,7589,1,0x00000004,SkillLineAbility Spell 13813 (Skill 51)
0,7863,1,0x00000004,SkillLineAbility Spell 14260 (Skill 51)
0,7864,1,0x00000004,SkillLineAbility Spell 14261 (Skill 51)
0,7865,1,0x00000004,SkillLineAbility Spell 14262 (Skill 51)
0,7866,1,0x00000004,SkillLineAbility Spell 14263 (Skill 51)
0,7867,1,0x00000004,SkillLineAbility Spell 14264 (Skill 51)
0,7868,1,0x00000004,SkillLineAbility Spell 14265 (Skill 51)
0,7869,1,0x00000004,SkillLineAbility Spell 14266 (Skill 51)
0,7872,1,0x00000004,SkillLineAbility Spell 14269 (Skill 51)
0,7873,1,0x00000004,SkillLineAbility Spell 14270 (Skill 51)
0,7874,1,0x00000004,SkillLineAbility Spell 14271 (Skill 51)
0,7877,1,0x00000004,SkillLineAbility Spell 14302 (Skill 51)
0,7878,1,0x00000004,SkillLineAbility Spell 14303 (Skill 51)
0,7879,1,0x00000004,SkillLineAbility Spell 14304 (Skill 51)
0,7880,1,0x00000004,SkillLineAbility Spell 14305 (Skill 51)
0,7881,1,0x00000004,SkillLineAbility Spell 14310 (Skill 51)
0,7882,1,0x00000004,SkillLineAbility Spell 14311 (Skill 51)
0,7883,1,0x00000004,SkillLineAbility Spell 14316 (Skill 51)
0,7884,1,0x00000004,SkillLineAbility Spell 14317 (Skill 51)
0,10826,1,0x00000004,SkillLineAbility Spell 19168 (Skill 51)
0,10827,1,0x00000004,SkillLineAbility Spell 19180 (Skill 51)
0,10828,1,0x00000004,SkillLineAbility Spell 19181 (Skill 51)
0,10891,1,0x00000004,SkillLineAbility Spell 19290 (Skill 51)
0,10893,1,0x00000004,SkillLineAbility Spell 19294 (Skill 51)
0,10921,1,0x00000004,SkillLineAbility Spell 19376 (Skill 51)
0,10930,1,0x00000004,SkillLineAbility Spell 19386 (Skill 51)
0,11319,1,0x00000004,SkillLineAbility Spell 1494 (Skill 51)
0,11320,1,0x00000004,SkillLineAbility Spell 19878 (Skill 51)
0,11321,1,0x00000004,SkillLineAbility Spell 19879 (Skill 51)
0,11322,1,0x00000004,SkillLineAbility Spell 19880 (Skill 51)
0,11323,1,0x00000004,SkillLineAbility Spell 19882 (Skill 51)
0,11324,1,0x00000004,SkillLineAbility Spell 19885 (Skill 51)
0,11325,1,0x00000004,SkillLineAbility Spell 19883 (Skill 51)
0,11326,1,0x00000004,SkillLineAbility Spell 19884 (Skill 51)
0,12556,1,0x00000004,SkillLineAbility Spell 13812 (Skill 51)
0,12557,1,0x00000004,SkillLineAbility Spell 14314 (Skill 51)
0,12558,1,0x00000004,SkillLineAbility Spell 14315 (Skill 51)
0,12824,1,0x00000004,SkillLineAbility Spell 24132 (Skill 51)
0,12825,1,0x00000004,SkillLineAbility Spell 24133 (Skill 51)
0,12826,1,0x00000004,SkillLineAbility Spell 24131 (Skill 51)
0,12827,1,0x00000004,SkillLineAbility Spell 24134 (Skill 51)
0,12828,1,0x00000004,SkillLineAbility Spell 24135 (Skill 51)
0,12880,1,0x00000004,SkillLineAbility Spell 24283 (Skill 51)
0,12886,1,0x00000004,SkillLineAbility Spell 24296 (Skill 51)
0,12887,1,0x00000004,SkillLineAbility Spell 24297 (Skill 51)
0,12888,1,0x00000004,SkillLineAbility Spell 19258 (Skill 51)
0,12889,1,0x00000004,SkillLineAbility Spell 19259 (Skill 51)
0,13046,1,0x00000004,SkillLineAbility Spell 19306 (Skill 51)
0,13047,1,0x00000004,SkillLineAbility Spell 20909 (Skill 51)
0,13048,1,0x00000004,SkillLineAbility Spell 20910 (Skill 51)
0,13049,1,0x00000004,SkillLineAbility Spell 13797 (Skill 51)
0,13050,1,0x00000004,SkillLineAbility Spell 14298 (Skill 51)
0,13051,1,0x00000004,SkillLineAbility Spell 14299 (Skill 51)
0,13053,1,0x00000004,SkillLineAbility Spell 14300 (Skill 51)
0,13054,1,0x00000004,SkillLineAbility Spell 14301 (Skill 51)
0,13596,1,0x00000004,SkillLineAbility Spell 27014 (Skill 51)
0,13598,1,0x00000004,SkillLineAbility Spell 27067 (Skill 51)
0,13602,1,0x00000004,SkillLineAbility Spell 27068 (Skill 51)
0,13603,1,0x00000004,SkillLineAbility Spell 27069 (Skill 51)
0,13609,1,0x00000004,SkillLineAbility Spell 27023 (Skill 51)
0,13610,1,0x00000004,SkillLineAbility Spell 27024 (Skill 51)
0,13611,1,0x00000004,SkillLineAbility Spell 27025 (Skill 51)
0,15173,1,0x00000004,SkillLineAbility Spell 34506 (Skill 51)
0,15174,1,0x00000004,SkillLineAbility Spell 34507 (Skill 51)
0,15175,1,0x00000004,SkillLineAbility Spell 34508 (Skill 51)
0,15176,1,0x00000004,SkillLineAbility Spell 34500 (Skill 51)
0,15177,1,0x00000004,SkillLineAbility Spell 34502 (Skill 51)
0,15178,1,0x00000004,SkillLineAbility Spell 34503 (Skill 51)
0,15179,1,0x00000004,SkillLineAbility Spell 34501 (Skill 51)
0,15180,1,0x00000004,SkillLineAbility Spell 34497 (Skill 51)
0,15181,1,0x00000004,SkillLineAbility Spell 34498 (Skill 51)
0,15182,1,0x00000004,SkillLineAbility Spell 34499 (Skill 51)
0,15183,1,0x00000004,SkillLineAbility Spell 34494 (Skill 51)
0,15184,1,0x00000004,SkillLineAbility Spell 34496 (Skill 51)
0,15185,1,0x00000004,SkillLineAbility Spell 34491 (Skill 51)
0,15186,1,0x00000004,SkillLineAbility Spell 34492 (Skill 51)
0,15187,1,0x00000004,SkillLineAbility Spell 34493 (Skill 51)
0,15243,1,0x00000004,SkillLineAbility Spell 34600 (Skill 51)
0,15254,1,0x00000004,SkillLineAbility Spell 34838 (Skill 51)
0,15255,1,0x00000004,SkillLineAbility Spell 34839 (Skill 51)
0,15256,1,0x00000004,SkillLineAbility Spell 34833 (Skill 51)
0,15257,1,0x00000004,SkillLineAbility Spell 34834 (Skill 51)
0,15258,1,0x00000004,SkillLineAbility Spell 34835 (Skill 51)
0,15259,1,0x00000004,SkillLineAbility Spell 34836 (Skill 51)
0,15260,1,0x00000004,SkillLineAbility Spell 34837 (Skill 51)
0,15319,1,0x00000004,SkillLineAbility Spell 19498 (Skill 51)
0,15320,1,0x00000004,SkillLineAbility Spell 19499 (Skill 51)
0,15321,1,0x00000004,SkillLineAbility Spell 19500 (Skill 51)
0,15356,1,0x00000004,SkillLineAbility Spell 34477 (Skill 51)
0,15698,1,0x00000004,SkillLineAbility Spell 36916 (Skill 51)
0,16789,1,0x00000004,SkillLineAbility Spell 48995 (Skill 51)
0,16790,1,0x00000004,SkillLineAbility Spell 48996 (Skill 51)
0,16791,1,0x00000004,SkillLineAbility Spell 48998 (Skill 51)
0,16792,1,0x00000004,SkillLineAbility Spell 48999 (Skill 51)
0,16804,1,0x00000004,SkillLineAbility Spell 49011 (Skill 51)
0,16805,1,0x00000004,SkillLineAbility Spell 49009 (Skill 51)
0,16806,1,0x00000004,SkillLineAbility Spell 49012 (Skill 51)
0,16807,1,0x00000004,SkillLineAbility Spell 49010 (Skill 51)
0,16834,1,0x00000004,SkillLineAbility Spell 49055 (Skill 51)
0,16835,1,0x00000004,SkillLineAbility Spell 49056 (Skill 51)
0,16836,1,0x00000004,SkillLineAbility Spell 49053 (Skill 51)
0,16837,1,0x00000004,SkillLineAbility Spell 49054 (Skill 51)
0,16838,1,0x00000004,SkillLineAbility Spell 49066 (Skill 51)
0,16839,1,0x00000004,SkillLineAbility Spell 49067 (Skill 51)
0,16840,1,0x00000004,SkillLineAbility Spell 27026 (Skill 51)
0,16841,1,0x00000004,SkillLineAbility Spell 49064 (Skill 51)
0,16842,1,0x00000004,SkillLineAbility Spell 49065 (Skill 51)
0,18029,1,0x00000004,SkillLineAbility Spell 53339 (Skill 51)
0,20264,1,0x00000004,SkillLineAbility Spell 60192 (Skill 51)
0,20668,1,0x00000004,SkillLineAbility Spell 19503 (Skill 51)
0,20856,1,0x00000004,SkillLineAbility Spell 63672 (Skill 51)
0,20857,1,0x00000004,SkillLineAbility Spell 63671 (Skill 51)
0,20858,1,0x00000004,SkillLineAbility Spell 63670 (Skill 51)
0,20859,1,0x00000004,SkillLineAbility Spell 63669 (Skill 51)
0,20860,1,0x00000004,SkillLineAbility Spell 63668 (Skill 51)
0,20861,1,0x00000004,SkillLineAbility Spell 3674 (Skill 51)
0,254,1,0x0000047B,SkillLineAbility Spell 198 (Skill 54)
0,256,1,0x00000027,SkillLineAbility Spell 202 (Skill 55)
0,2313,1,0x00000010,SkillLineAbility Spell 2050 (Skill 56)
0,2314,1,0x00000010,SkillLineAbility Spell 2052 (Skill 56)
0,2315,1,0x00000010,SkillLineAbility Spell 2053 (Skill 56)
0,2316,1,0x00000010,SkillLineAbility Spell 2054 (Skill 56)
0,2317,1,0x00000010,SkillLineAbility Spell 2055 (Skill 56)
0,2319,1,0x00000010,SkillLineAbility Spell 585 (Skill 56)
0,2320,1,0x00000010,SkillLineAbility Spell 591 (Skill 56)
0,2321,1,0x00000010,SkillLineAbility Spell 598 (Skill 56)
0,2322,1,0x00000010,SkillLineAbility Spell 984 (Skill 56)
0,2323,1,0x00000010,SkillLineAbility Spell 1004 (Skill 56)
0,2325,1,0x00000010,SkillLineAbility Spell 596 (Skill 56)
0,2326,1,0x00000010,SkillLineAbility Spell 528 (Skill 56)
0,2327,1,0x00000010,SkillLineAbility Spell 552 (Skill 56)
0,2331,1,0x00000010,SkillLineAbility Spell 2006 (Skill 56)
0,2332,1,0x00000010,SkillLineAbility Spell 2010 (Skill 56)
0,3776,1,0x00000010,SkillLineAbility Spell 6060 (Skill 56)
0,3777,1,0x00000010,SkillLineAbility Spell 2060 (Skill 56)
0,3778,1,0x00000010,SkillLineAbility Spell 6063 (Skill 56)
0,3779,1,0x00000010,SkillLineAbility Spell 6064 (Skill 56)
0,3787,1,0x00000010,SkillLineAbility Spell 996 (Skill 56)
0,3790,1,0x00000010,SkillLineAbility Spell 139 (Skill 56)
0,3791,1,0x00000010,SkillLineAbility Spell 6074 (Skill 56)
0,3792,1,0x00000010,SkillLineAbility Spell 6075 (Skill 56)
0,3793,1,0x00000010,SkillLineAbility Spell 6076 (Skill 56)
0,3794,1,0x00000010,SkillLineAbility Spell 6077 (Skill 56)
0,3795,1,0x00000010,SkillLineAbility Spell 6078 (Skill 56)
0,5107,1,0x00000010,SkillLineAbility Spell 2061 (Skill 56)
0,5108,1,0x00000010,SkillLineAbility Spell 9472 (Skill 56)
0,5109,1,0x00000010,SkillLineAbility Spell 9473 (Skill 56)
0,5110,1,0x00000010,SkillLineAbility Spell 9474 (Skill 56)
0,5842,1,0x00000010,SkillLineAbility Spell 10915 (Skill 56)
0,5843,1,0x00000010,SkillLineAbility Spell 10916 (Skill 56)
0,5844,1,0x00000010,SkillLineAbility Spell 10917 (Skill 56)
0,5845,1,0x00000010,SkillLineAbility Spell 10927 (Skill 56)
0,5846,1,0x00000010,SkillLineAbility Spell 10928 (Skill 56)
0,5847,1,0x00000010,SkillLineAbility Spell 10929 (Skill 56)
0,5848,1,0x00000010,SkillLineAbility Spell 10963 (Skill 56)
0,5849,1,0x00000010,SkillLineAbility Spell 10964 (Skill 56)
0,5850,1,0x00000010,SkillLineAbility Spell 10965 (Skill 56)
0,5851,1,0x00000010,SkillLineAbility Spell 10933 (Skill 56)
0,5852,1,0x00000010,SkillLineAbility Spell 10934 (Skill 56)
0,5855,1,0x00000010,SkillLineAbility Spell 10960 (Skill 56)
0,5856,1,0x00000010,SkillLineAbility Spell 10961 (Skill 56)
0,5869,1,0x00000010,SkillLineAbility Spell 10880 (Skill 56)
0,5870,1,0x00000010,SkillLineAbility Spell 10881 (Skill 56)
0,8178,1,0x00000010,SkillLineAbility Spell 15237 (Skill 56)
0,8275,1,0x00000010,SkillLineAbility Spell 14914 (Skill 56)
0,8277,1,0x00000010,SkillLineAbility Spell 15262 (Skill 56)
0,8278,1,0x00000010,SkillLineAbility Spell 15263 (Skill 56)
0,8279,1,0x00000010,SkillLineAbility Spell 15264 (Skill 56)
0,8280,1,0x00000010,SkillLineAbility Spell 15265 (Skill 56)
0,8281,1,0x00000010,SkillLineAbility Spell 15266 (Skill 56)
0,8282,1,0x00000010,SkillLineAbility Spell 15267 (Skill 56)
0,8356,1,0x00000010,SkillLineAbility Spell 15430 (Skill 56)
0,8357,1,0x00000010,SkillLineAbility Spell 15431 (Skill 56)
0,10616,1,0x00000010,SkillLineAbility Spell 15261 (Skill 56)
0,10839,1,0x00000010,SkillLineAbility Spell 19236 (Skill 56)
0,10840,1,0x00000010,SkillLineAbility Spell 19238 (Skill 56)
0,10841,1,0x00000010,SkillLineAbility Spell 19240 (Skill 56)
0,10842,1,0x00000010,SkillLineAbility Spell 19241 (Skill 56)
0,10843,1,0x00000010,SkillLineAbility Spell 19242 (Skill 56)
0,10844,1,0x00000010,SkillLineAbility Spell 19243 (Skill 56)
0,11793,1,0x00000010,SkillLineAbility Spell 20770 (Skill 56)
0,12601,1,0x00000010,SkillLineAbility Spell 23455 (Skill 56)
0,12602,1,0x00000010,SkillLineAbility Spell 23458 (Skill 56)
0,12603,1,0x00000010,SkillLineAbility Spell 23459 (Skill 56)
0,13185,1,0x00000010,SkillLineAbility Spell 25210 (Skill 56)
0,13186,1,0x00000010,SkillLineAbility Spell 25213 (Skill 56)
0,13189,1,0x00000010,SkillLineAbility Spell 25221 (Skill 56)
0,13190,1,0x00000010,SkillLineAbility Spell 25222 (Skill 56)
0,13191,1,0x00000010,SkillLineAbility Spell 25233 (Skill 56)
0,13192,1,0x00000010,SkillLineAbility Spell 25235 (Skill 56)
0,13194,1,0x00000010,SkillLineAbility Spell 25308 (Skill 56)
0,13213,1,0x00000010,SkillLineAbility Spell 25314 (Skill 56)
0,13214,1,0x00000010,SkillLineAbility Spell 25314 (Skill 56)
0,13215,1,0x00000010,SkillLineAbility Spell 25315 (Skill 56)
0,13216,1,0x00000010,SkillLineAbility Spell 25316 (Skill 56)
0,13220,1,0x00000010,SkillLineAbility Spell 25331 (Skill 56)
0,13221,1,0x00000010,SkillLineAbility Spell 25329 (Skill 56)
0,13222,1,0x00000010,SkillLineAbility Spell 25363 (Skill 56)
0,13223,1,0x00000010,SkillLineAbility Spell 25364 (Skill 56)
0,13252,1,0x00000010,SkillLineAbility Spell 25384 (Skill 56)
0,13267,1,0x00000010,SkillLineAbility Spell 25435 (Skill 56)
0,13268,1,0x00000010,SkillLineAbility Spell 25437 (Skill 56)
0,13823,1,0x00000010,SkillLineAbility Spell 27789 (Skill 56)
0,13824,1,0x00000010,SkillLineAbility Spell 27790 (Skill 56)
0,13825,1,0x00000010,SkillLineAbility Spell 27799 (Skill 56)
0,13826,1,0x00000010,SkillLineAbility Spell 27803 (Skill 56)
0,13827,1,0x00000010,SkillLineAbility Spell 27800 (Skill 56)
0,13828,1,0x00000010,SkillLineAbility Spell 27804 (Skill 56)
0,13829,1,0x00000010,SkillLineAbility Spell 27801 (Skill 56)
0,13830,1,0x00000010,SkillLineAbility Spell 27805 (Skill 56)
0,13832,1,0x00000010,SkillLineAbility Spell 27811 (Skill 56)
0,13833,1,0x00000010,SkillLineAbility Spell 27813 (Skill 56)
0,13834,1,0x00000010,SkillLineAbility Spell 27815 (Skill 56)
0,13835,1,0x00000010,SkillLineAbility Spell 27817 (Skill 56)
0,13836,1,0x00000010,SkillLineAbility Spell 27816 (Skill 56)
0,13837,1,0x00000010,SkillLineAbility Spell 27818 (Skill 56)
0,13838,1,0x00000010,SkillLineAbility Spell 724 (Skill 56)
0,13839,1,0x00000010,SkillLineAbility Spell 7001 (Skill 56)
0,13850,1,0x00000010,SkillLineAbility Spell 27870 (Skill 56)
0,13851,1,0x00000010,SkillLineAbility Spell 27871 (Skill 56)
0,13852,1,0x00000010,SkillLineAbility Spell 27873 (Skill 56)
0,13853,1,0x00000010,SkillLineAbility Spell 27874 (Skill 56)
0,13854,1,0x00000010,SkillLineAbility Spell 27900 (Skill 56)
0,13855,1,0x00000010,SkillLineAbility Spell 27901 (Skill 56)
0,13856,1,0x00000010,SkillLineAbility Spell 27902 (Skill 56)
0,13857,1,0x00000010,SkillLineAbility Spell 27903 (Skill 56)
0,13858,1,0x00000010,SkillLineAbility Spell 27904 (Skill 56)
0,14944,1,0x00000010,SkillLineAbility Spell 33158 (Skill 56)
0,14945,1,0x00000010,SkillLineAbility Spell 33159 (Skill 56)
0,14946,1,0x00000010,SkillLineAbility Spell 33160 (Skill 56)
0,14947,1,0x00000010,SkillLineAbility Spell 33161 (Skill 56)
0,14948,1,0x00000010,SkillLineAbility Spell 33162 (Skill 56)
0,14949,1,0x00000010,SkillLineAbility Spell 33150 (Skill 56)
0,14950,1,0x00000010,SkillLineAbility Spell 33154 (Skill 56)
0,14954,1,0x00000010,SkillLineAbility Spell 33151 (Skill 56)
0,14955,1,0x00000010,SkillLineAbility Spell 33142 (Skill 56)
0,14956,1,0x00000010,SkillLineAbility Spell 33145 (Skill 56)
0,14957,1,0x00000010,SkillLineAbility Spell 33146 (Skill 56)
0,14958,1,0x00000010,SkillLineAbility Spell 33143 (Skill 56)
0,15018,1,0x00000010,SkillLineAbility Spell 33076 (Skill 56)
0,15019,1,0x00000010,SkillLineAbility Spell 32546 (Skill 56)
0,15050,1,0x00000010,SkillLineAbility Spell 28275 (Skill 56)
0,15051,1,0x00000010,SkillLineAbility Spell 28276 (Skill 56)
0,15250,1,0x00000010,SkillLineAbility Spell 34753 (Skill 56)
0,15251,1,0x00000010,SkillLineAbility Spell 34754 (Skill 56)
0,15261,1,0x00000010,SkillLineAbility Spell 34859 (Skill 56)
0,15262,1,0x00000010,SkillLineAbility Spell 34860 (Skill 56)
0,15263,1,0x00000010,SkillLineAbility Spell 34861 (Skill 56)
0,15264,1,0x00000010,SkillLineAbility Spell 34863 (Skill 56)
0,15265,1,0x00000010,SkillLineAbility Spell 34864 (Skill 56)
0,15266,1,0x00000010,SkillLineAbility Spell 34865 (Skill 56)
0,15267,1,0x00000010,SkillLineAbility Spell 34866 (Skill 56)
0,16519,1,0x00000010,SkillLineAbility Spell 48062 (Skill 56)
0,16520,1,0x00000010,SkillLineAbility Spell 48063 (Skill 56)
0,16523,1,0x00000010,SkillLineAbility Spell 48067 (Skill 56)
0,16524,1,0x00000010,SkillLineAbility Spell 48068 (Skill 56)
0,16525,1,0x00000010,SkillLineAbility Spell 48070 (Skill 56)
0,16526,1,0x00000010,SkillLineAbility Spell 48071 (Skill 56)
0,16527,1,0x00000010,SkillLineAbility Spell 48072 (Skill 56)
0,16530,1,0x00000010,SkillLineAbility Spell 48077 (Skill 56)
0,16531,1,0x00000010,SkillLineAbility Spell 48075 (Skill 56)
0,16532,1,0x00000010,SkillLineAbility Spell 48078 (Skill 56)
0,16533,1,0x00000010,SkillLineAbility Spell 48076 (Skill 56)
0,16534,1,0x00000010,SkillLineAbility Spell 48086 (Skill 56)
0,16535,1,0x00000010,SkillLineAbility Spell 48087 (Skill 56)
0,16536,1,0x00000010,SkillLineAbility Spell 48084 (Skill 56)
0,16537,1,0x00000010,SkillLineAbility Spell 48085 (Skill 56)
0,16538,1,0x00000010,SkillLineAbility Spell 48088 (Skill 56)
0,16539,1,0x00000010,SkillLineAbility Spell 48089 (Skill 56)
0,16540,1,0x00000010,SkillLineAbility Spell 48112 (Skill 56)
0,16541,1,0x00000010,SkillLineAbility Spell 48113 (Skill 56)
0,16544,1,0x00000010,SkillLineAbility Spell 48119 (Skill 56)
0,16545,1,0x00000010,SkillLineAbility Spell 48120 (Skill 56)
0,16547,1,0x00000010,SkillLineAbility Spell 48122 (Skill 56)
0,16548,1,0x00000010,SkillLineAbility Spell 48123 (Skill 56)
0,16555,1,0x00000010,SkillLineAbility Spell 48134 (Skill 56)
0,16556,1,0x00000010,SkillLineAbility Spell 48135 (Skill 56)
0,16584,1,0x00000010,SkillLineAbility Spell 48171 (Skill 56)
0,16585,1,0x00000010,SkillLineAbility Spell 48172 (Skill 56)
0,16586,1,0x00000010,SkillLineAbility Spell 48173 (Skill 56)
0,21025,1,0x00000010,SkillLineAbility Spell 64843 (Skill 56)
0,21285,1,0x00000010,SkillLineAbility Spell 64844 (Skill 56)
0,2337,1,0x00000010,SkillLineAbility Spell 976 (Skill 78)
0,2340,1,0x00000010,SkillLineAbility Spell 605 (Skill 78)
0,2346,1,0x00000010,SkillLineAbility Spell 589 (Skill 78)
0,2347,1,0x00000010,SkillLineAbility Spell 594 (Skill 78)
0,2348,1,0x00000010,SkillLineAbility Spell 970 (Skill 78)
0,2349,1,0x00000010,SkillLineAbility Spell 992 (Skill 78)
0,2350,1,0x00000010,SkillLineAbility Spell 2767 (Skill 78)
0,4025,1,0x00000010,SkillLineAbility Spell 2096 (Skill 78)
0,4522,1,0x00000010,SkillLineAbility Spell 8092 (Skill 78)
0,4523,1,0x00000010,SkillLineAbility Spell 8102 (Skill 78)
0,4524,1,0x00000010,SkillLineAbility Spell 8103 (Skill 78)
0,4525,1,0x00000010,SkillLineAbility Spell 8104 (Skill 78)
0,4526,1,0x00000010,SkillLineAbility Spell 8105 (Skill 78)
0,4527,1,0x00000010,SkillLineAbility Spell 8106 (Skill 78)
0,4528,1,0x00000010,SkillLineAbility Spell 8122 (Skill 78)
0,4529,1,0x00000010,SkillLineAbility Spell 8124 (Skill 78)
0,4545,1,0x00000010,SkillLineAbility Spell 453 (Skill 78)
0,5166,1,0x00000010,SkillLineAbility Spell 586 (Skill 78)
0,5831,1,0x00000010,SkillLineAbility Spell 10957 (Skill 78)
0,5832,1,0x00000010,SkillLineAbility Spell 10958 (Skill 78)
0,5833,1,0x00000010,SkillLineAbility Spell 10888 (Skill 78)
0,5834,1,0x00000010,SkillLineAbility Spell 10890 (Skill 78)
0,5835,1,0x00000010,SkillLineAbility Spell 10892 (Skill 78)
0,5836,1,0x00000010,SkillLineAbility Spell 10893 (Skill 78)
0,5837,1,0x00000010,SkillLineAbility Spell 10894 (Skill 78)
0,5859,1,0x00000010,SkillLineAbility Spell 10909 (Skill 78)
0,5862,1,0x00000010,SkillLineAbility Spell 10945 (Skill 78)
0,5863,1,0x00000010,SkillLineAbility Spell 10946 (Skill 78)
0,5864,1,0x00000010,SkillLineAbility Spell 10947 (Skill 78)
0,8236,1,0x00000010,SkillLineAbility Spell 15259 (Skill 78)
0,8237,1,0x00000010,SkillLineAbility Spell 15307 (Skill 78)
0,8238,1,0x00000010,SkillLineAbility Spell 15308 (Skill 78)
0,8239,1,0x00000010,SkillLineAbility Spell 15309 (Skill 78)
0,8240,1,0x00000010,SkillLineAbility Spell 15310 (Skill 78)
0,8241,1,0x00000010,SkillLineAbility Spell 15274 (Skill 78)
0,8242,1,0x00000010,SkillLineAbility Spell 15311 (Skill 78)
0,8243,1,0x00000010,SkillLineAbility Spell 15273 (Skill 78)
0,8244,1,0x00000010,SkillLineAbility Spell 15312 (Skill 78)
0,8245,1,0x00000010,SkillLineAbility Spell 15313 (Skill 78)
0,8246,1,0x00000010,SkillLineAbility Spell 15314 (Skill 78)
0,8247,1,0x00000010,SkillLineAbility Spell 15316 (Skill 78)
0,8248,1,0x00000010,SkillLineAbility Spell 15275 (Skill 78)
0,8249,1,0x00000010,SkillLineAbility Spell 15317 (Skill 78)
0,8250,1,0x00000010,SkillLineAbility Spell 15318 (Skill 78)
0,8251,1,0x00000010,SkillLineAbility Spell 15272 (Skill 78)
0,8252,1,0x00000010,SkillLineAbility Spell 15320 (Skill 78)
0,8262,1,0x00000010,SkillLineAbility Spell 15327 (Skill 78)
0,8263,1,0x00000010,SkillLineAbility Spell 15260 (Skill 78)
0,8264,1,0x00000010,SkillLineAbility Spell 15328 (Skill 78)
0,8266,1,0x00000010,SkillLineAbility Spell 15257 (Skill 78)
0,8267,1,0x00000010,SkillLineAbility Spell 15331 (Skill 78)
0,8268,1,0x00000010,SkillLineAbility Spell 15332 (Skill 78)
0,8270,1,0x00000010,SkillLineAbility Spell 15270 (Skill 78)
0,8271,1,0x00000010,SkillLineAbility Spell 15335 (Skill 78)
0,8272,1,0x00000010,SkillLineAbility Spell 15336 (Skill 78)
0,8273,1,0x00000010,SkillLineAbility Spell 15337 (Skill 78)
0,8274,1,0x00000010,SkillLineAbility Spell 15338 (Skill 78)
0,8328,1,0x00000010,SkillLineAbility Spell 15286 (Skill 78)
0,8336,1,0x00000010,SkillLineAbility Spell 15407 (Skill 78)
0,8376,1,0x00000010,SkillLineAbility Spell 15487 (Skill 78)
0,8377,1,0x00000010,SkillLineAbility Spell 15392 (Skill 78)
0,8378,1,0x00000010,SkillLineAbility Spell 15448 (Skill 78)
0,9836,1,0x00000010,SkillLineAbility Spell 17311 (Skill 78)
0,9837,1,0x00000010,SkillLineAbility Spell 17312 (Skill 78)
0,9838,1,0x00000010,SkillLineAbility Spell 17313 (Skill 78)
0,9839,1,0x00000010,SkillLineAbility Spell 17314 (Skill 78)
0,9841,1,0x00000010,SkillLineAbility Spell 17322 (Skill 78)
0,9842,1,0x00000010,SkillLineAbility Spell 17323 (Skill 78)
0,10180,1,0x00000010,SkillLineAbility Spell 2944 (Skill 78)
0,10617,1,0x00000010,SkillLineAbility Spell 18807 (Skill 78)
0,10876,1,0x00000010,SkillLineAbility Spell 19276 (Skill 78)
0,10877,1,0x00000010,SkillLineAbility Spell 19277 (Skill 78)
0,10878,1,0x00000010,SkillLineAbility Spell 19278 (Skill 78)
0,10879,1,0x00000010,SkillLineAbility Spell 19279 (Skill 78)
0,10880,1,0x00000010,SkillLineAbility Spell 19280 (Skill 78)
0,13224,1,0x00000010,SkillLineAbility Spell 25367 (Skill 78)
0,13225,1,0x00000010,SkillLineAbility Spell 25368 (Skill 78)
0,13241,1,0x00000010,SkillLineAbility Spell 25372 (Skill 78)
0,13242,1,0x00000010,SkillLineAbility Spell 25375 (Skill 78)
0,13253,1,0x00000010,SkillLineAbility Spell 25387 (Skill 78)
0,13265,1,0x00000010,SkillLineAbility Spell 25433 (Skill 78)
0,13282,1,0x00000010,SkillLineAbility Spell 25467 (Skill 78)
0,13810,1,0x00000010,SkillLineAbility Spell 27683 (Skill 78)
0,13846,1,0x00000010,SkillLineAbility Spell 27839 (Skill 78)
0,13847,1,0x00000010,SkillLineAbility Spell 27840 (Skill 78)
0,14839,1,0x00000010,SkillLineAbility Spell 32379 (Skill 78)
0,14938,1,0x00000010,SkillLineAbility Spell 32996 (Skill 78)
0,14982,1,0x00000010,SkillLineAbility Spell 33221 (Skill 78)
0,14983,1,0x00000010,SkillLineAbility Spell 33222 (Skill 78)
0,14984,1,0x00000010,SkillLineAbility Spell 33223 (Skill 78)
0,14985,1,0x00000010,SkillLineAbility Spell 33224 (Skill 78)
0,14986,1,0x00000010,SkillLineAbility Spell 33225 (Skill 78)
0,14987,1,0x00000010,SkillLineAbility Spell 33213 (Skill 78)
0,14988,1,0x00000010,SkillLineAbility Spell 33214 (Skill 78)
0,14989,1,0x00000010,SkillLineAbility Spell 33215 (Skill 78)
0,15024,1,0x00000010,SkillLineAbility Spell 14910 (Skill 78)
0,15025,1,0x00000010,SkillLineAbility Spell 33371 (Skill 78)
0,15249,1,0x00000010,SkillLineAbility Spell 34433 (Skill 78)
0,15294,1,0x00000010,SkillLineAbility Spell 33191 (Skill 78)
0,15295,1,0x00000010,SkillLineAbility Spell 33192 (Skill 78)
0,15296,1,0x00000010,SkillLineAbility Spell 33193 (Skill 78)
0,15299,1,0x00000010,SkillLineAbility Spell 33196 (Skill 78)
0,15300,1,0x00000010,SkillLineAbility Spell 33197 (Skill 78)
0,15301,1,0x00000010,SkillLineAbility Spell 33198 (Skill 78)
0,15306,1,0x00000010,SkillLineAbility Spell 34914 (Skill 78)
0,15307,1,0x00000010,SkillLineAbility Spell 34916 (Skill 78)
0,15308,1,0x00000010,SkillLineAbility Spell 34917 (Skill 78)
0,15310,1,0x00000010,SkillLineAbility Spell 34919 (Skill 78)
0,15754,1,0x00000010,SkillLineAbility Spell 39374 (Skill 78)
0,16550,1,0x00000010,SkillLineAbility Spell 48124 (Skill 78)
0,16551,1,0x00000010,SkillLineAbility Spell 48125 (Skill 78)
0,16552,1,0x00000010,SkillLineAbility Spell 48126 (Skill 78)
0,16553,1,0x00000010,SkillLineAbility Spell 48127 (Skill 78)
0,16571,1,0x00000010,SkillLineAbility Spell 48155 (Skill 78)
0,16572,1,0x00000010,SkillLineAbility Spell 48156 (Skill 78)
0,16573,1,0x00000010,SkillLineAbility Spell 48157 (Skill 78)
0,16574,1,0x00000010,SkillLineAbility Spell 48158 (Skill 78)
0,16575,1,0x00000010,SkillLineAbility Spell 48159 (Skill 78)
0,16576,1,0x00000010,SkillLineAbility Spell 48160 (Skill 78)
0,16582,1,0x00000010,SkillLineAbility Spell 48169 (Skill 78)
0,16583,1,0x00000010,SkillLineAbility Spell 48170 (Skill 78)
0,16605,1,0x00000010,SkillLineAbility Spell 48299 (Skill 78)
0,16606,1,0x00000010,SkillLineAbility Spell 48300 (Skill 78)
0,17182,1,0x00000010,SkillLineAbility Spell 48045 (Skill 78)
0,2200,1,0x00000043,SkillLineAbility Spell 107 (Skill 95)
0,2201,1,0x0000000F,SkillLineAbility Spell 3127 (Skill 95)
0,3370,1,0x00000001,SkillLineAbility Spell 5301 (Skill 95)
0,7336,1,0x00000004,SkillLineAbility Spell 13358 (Skill 95)
0,10636,1,0x00000040,SkillLineAbility Spell 18848 (Skill 95)
0,13068,1,0x00000008,SkillLineAbility Spell 16092 (Skill 95)
0,13093,1,0x00000004,SkillLineAbility Spell 24949 (Skill 95)
0,15058,1,0x00000001,SkillLineAbility Spell 32215 (Skill 95)
0,16245,1,0x00000020,SkillLineAbility Spell 45903 (Skill 95)
0,17542,1,0x00000020,SkillLineAbility Spell 3127 (Skill 95)
0,590,0,0x0000044D,SkillLineAbility Spell 668 (Skill 98)
0,11724,0,0x00000004,SkillLineAbility Spell 2481 (Skill 101)
0,11725,0,0x00000004,SkillLineAbility Spell 20596 (Skill 101)
0,11726,0,0x00000004,SkillLineAbility Spell 20595 (Skill 101)
0,11727,0,0x00000004,SkillLineAbility Spell 20594 (Skill 101)
0,20143,0,0x00000004,SkillLineAbility Spell 59224 (Skill 101)
0,592,0,0x000002B2,SkillLineAbility Spell 669 (Skill 109)
0,594,0,0x00000004,SkillLineAbility Spell 672 (Skill 111)
0,596,0,0x00000008,SkillLineAbility Spell 671 (Skill 113)
0,598,0,0x00000020,SkillLineAbility Spell 670 (Skill 115)
0,610,1,0x0000006D,SkillLineAbility Spell 674 (Skill 118)
0,11696,0,0x00000020,SkillLineAbility Spell 20549 (Skill 124)
0,11697,0,0x00000020,SkillLineAbility Spell 20550 (Skill 124)
0,11698,0,0x00000020,SkillLineAbility Spell 20551 (Skill 124)
0,11699,0,0x00000020,SkillLineAbility Spell 20552 (Skill 124)
0,11708,0,0x00000002,SkillLineAbility Spell 20572 (Skill 125)
0,11708,1,0x0000002D,SkillLineAbility Spell 20572 (Skill 125)
0,11709,0,0x00000002,SkillLineAbility Spell 20573 (Skill 125)
0,11710,0,0x00000002,SkillLineAbility Spell 20574 (Skill 125)
0,11711,0,0x00000002,SkillLineAbility Spell 20575 (Skill 125)
0,11711,1,0x00000100,SkillLineAbility Spell 20575 (Skill 125)
0,11712,0,0x00000002,SkillLineAbility Spell 20576 (Skill 125)
0,11712,1,0x00000004,SkillLineAbility Spell 20576 (Skill 125)
0,12041,0,0x00000002,SkillLineAbility Spell 21563 (Skill 125)
0,12041,1,0x0000049B,SkillLineAbility Spell 21563 (Skill 125)
0,15034,0,0x00000002,SkillLineAbility Spell 33702 (Skill 125)
0,15034,1,0x00000100,SkillLineAbility Spell 33702 (Skill 125)
0,15035,0,0x00000002,SkillLineAbility Spell 33697 (Skill 125)
0,15035,1,0x00000040,SkillLineAbility Spell 33697 (Skill 125)
0,18904,0,0x00000002,SkillLineAbility Spell 54562 (Skill 125)
0,18904,1,0x00000020,SkillLineAbility Spell 54562 (Skill 125)
0,21040,0,0x00000002,SkillLineAbility Spell 65222 (Skill 125)
0,21040,1,0x00000040,SkillLineAbility Spell 65222 (Skill 125)
0,11717,0,0x00000008,SkillLineAbility Spell 20583 (Skill 126)
0,11718,0,0x00000008,SkillLineAbility Spell 20582 (Skill 126)
0,11719,0,0x00000008,SkillLineAbility Spell 20585 (Skill 126)
0,20207,0,0x00000008,SkillLineAbility Spell 58984 (Skill 126)
0,20665,0,0x00000008,SkillLineAbility Spell 21009 (Skill 126)
0,20665,1,0x0000043D,SkillLineAbility Spell 21009 (Skill 126)
0,1839,1,0x000005DF,SkillLineAbility Spell 3276 (Skill 129)
0,1840,1,0x000005DF,SkillLineAbility Spell 3277 (Skill 129)
0,1841,1,0x000005DF,SkillLineAbility Spell 3278 (Skill 129)
0,4414,1,0x000005DF,SkillLineAbility Spell 7928 (Skill 129)
0,4415,1,0x000005DF,SkillLineAbility Spell 7929 (Skill 129)
0,4417,1,0x000005DF,SkillLineAbility Spell 7934 (Skill 129)
0,5766,1,0x000005DF,SkillLineAbility Spell 10846 (Skill 129)
0,5767,1,0x000005DF,SkillLineAbility Spell 10840 (Skill 129)
0,5768,1,0x000005DF,SkillLineAbility Spell 10841 (Skill 129)
0,10488,1,0x000005DF,SkillLineAbility Spell 18629 (Skill 129)
0,10489,1,0x000005DF,SkillLineAbility Spell 18630 (Skill 129)
0,17878,1,0x00000020,SkillLineAbility Spell 10841 (Skill 129)
0,17879,1,0x00000020,SkillLineAbility Spell 18629 (Skill 129)
0,19181,1,0x00000020,SkillLineAbility Spell 10846 (Skill 129)
0,20720,1,0x00000020,SkillLineAbility Spell 18630 (Skill 129)
0,17871,1,0x00000020,SkillLineAbility Spell 3276 (Skill 129)
0,17872,1,0x00000020,SkillLineAbility Spell 7934 (Skill 129)
0,17873,1,0x00000020,SkillLineAbility Spell 3277 (Skill 129)
0,17874,1,0x00000020,SkillLineAbility Spell 3278 (Skill 129)
0,17875,1,0x00000020,SkillLineAbility Spell 7928 (Skill 129)
0,17876,1,0x00000020,SkillLineAbility Spell 7929 (Skill 129)
0,17877,1,0x00000020,SkillLineAbility Spell 10840 (Skill 129)
0,716,1,0x00000400,SkillLineAbility Spell 768 (Skill 134)
0,717,1,0x00000400,SkillLineAbility Spell 779 (Skill 134)
0,719,1,0x00000400,SkillLineAbility Spell 780 (Skill 134)
0,862,1,0x00000400,SkillLineAbility Spell 1082 (Skill 134)
0,2075,1,0x00000400,SkillLineAbility Spell 1066 (Skill 134)
0,2077,1,0x00000400,SkillLineAbility Spell 3029 (Skill 134)
0,3304,1,0x00000400,SkillLineAbility Spell 99 (Skill 134)
0,3305,1,0x00000400,SkillLineAbility Spell 1735 (Skill 134)
0,3306,1,0x00000400,SkillLineAbility Spell 5209 (Skill 134)
0,3307,1,0x00000400,SkillLineAbility Spell 5211 (Skill 134)
0,3310,1,0x00000400,SkillLineAbility Spell 5217 (Skill 134)
0,3311,1,0x00000400,SkillLineAbility Spell 5221 (Skill 134)
0,3313,1,0x00000400,SkillLineAbility Spell 1822 (Skill 134)
0,3314,1,0x00000400,SkillLineAbility Spell 1823 (Skill 134)
0,3315,1,0x00000400,SkillLineAbility Spell 1824 (Skill 134)
0,3318,1,0x00000400,SkillLineAbility Spell 5225 (Skill 134)
0,3470,1,0x00000400,SkillLineAbility Spell 5487 (Skill 134)
0,4060,1,0x00000400,SkillLineAbility Spell 5201 (Skill 134)
0,4063,1,0x00000400,SkillLineAbility Spell 6785 (Skill 134)
0,4064,1,0x00000400,SkillLineAbility Spell 6787 (Skill 134)
0,4067,1,0x00000400,SkillLineAbility Spell 6793 (Skill 134)
0,4069,1,0x00000400,SkillLineAbility Spell 3025 (Skill 134)
0,4071,1,0x00000400,SkillLineAbility Spell 6800 (Skill 134)
0,4072,1,0x00000400,SkillLineAbility Spell 5421 (Skill 134)
0,4073,1,0x00000400,SkillLineAbility Spell 6807 (Skill 134)
0,4074,1,0x00000400,SkillLineAbility Spell 6808 (Skill 134)
0,4075,1,0x00000400,SkillLineAbility Spell 6809 (Skill 134)
0,4140,1,0x00000400,SkillLineAbility Spell 1178 (Skill 134)
0,4962,1,0x00000400,SkillLineAbility Spell 8972 (Skill 134)
0,4966,1,0x00000400,SkillLineAbility Spell 6798 (Skill 134)
0,4967,1,0x00000400,SkillLineAbility Spell 8983 (Skill 134)
0,4968,1,0x00000400,SkillLineAbility Spell 769 (Skill 134)
0,4969,1,0x00000400,SkillLineAbility Spell 5229 (Skill 134)
0,4970,1,0x00000400,SkillLineAbility Spell 8992 (Skill 134)
0,4971,1,0x00000400,SkillLineAbility Spell 1850 (Skill 134)
0,4972,1,0x00000400,SkillLineAbility Spell 8998 (Skill 134)
0,4973,1,0x00000400,SkillLineAbility Spell 9000 (Skill 134)
0,4974,1,0x00000400,SkillLineAbility Spell 9005 (Skill 134)
0,4975,1,0x00000400,SkillLineAbility Spell 9007 (Skill 134)
0,5128,1,0x00000400,SkillLineAbility Spell 9490 (Skill 134)
0,5129,1,0x00000400,SkillLineAbility Spell 1079 (Skill 134)
0,5130,1,0x00000400,SkillLineAbility Spell 9492 (Skill 134)
0,5131,1,0x00000400,SkillLineAbility Spell 9493 (Skill 134)
0,5150,1,0x00000400,SkillLineAbility Spell 783 (Skill 134)
0,5206,1,0x00000400,SkillLineAbility Spell 9745 (Skill 134)
0,5207,1,0x00000400,SkillLineAbility Spell 9747 (Skill 134)
0,5210,1,0x00000400,SkillLineAbility Spell 9752 (Skill 134)
0,5211,1,0x00000400,SkillLineAbility Spell 9754 (Skill 134)
0,5246,1,0x00000400,SkillLineAbility Spell 9821 (Skill 134)
0,5247,1,0x00000400,SkillLineAbility Spell 9823 (Skill 134)
0,5248,1,0x00000400,SkillLineAbility Spell 9827 (Skill 134)
0,5249,1,0x00000400,SkillLineAbility Spell 9824 (Skill 134)
0,5250,1,0x00000400,SkillLineAbility Spell 9826 (Skill 134)
0,5251,1,0x00000400,SkillLineAbility Spell 9829 (Skill 134)
0,5252,1,0x00000400,SkillLineAbility Spell 9830 (Skill 134)
0,5259,1,0x00000400,SkillLineAbility Spell 9845 (Skill 134)
0,5260,1,0x00000400,SkillLineAbility Spell 9846 (Skill 134)
0,5261,1,0x00000400,SkillLineAbility Spell 9849 (Skill 134)
0,5262,1,0x00000400,SkillLineAbility Spell 9850 (Skill 134)
0,5270,1,0x00000400,SkillLineAbility Spell 9866 (Skill 134)
0,5271,1,0x00000400,SkillLineAbility Spell 9867 (Skill 134)
0,5276,1,0x00000400,SkillLineAbility Spell 9880 (Skill 134)
0,5277,1,0x00000400,SkillLineAbility Spell 9881 (Skill 134)
0,5280,1,0x00000400,SkillLineAbility Spell 9892 (Skill 134)
0,5281,1,0x00000400,SkillLineAbility Spell 9894 (Skill 134)
0,5282,1,0x00000400,SkillLineAbility Spell 9896 (Skill 134)
0,5283,1,0x00000400,SkillLineAbility Spell 9898 (Skill 134)
0,5285,1,0x00000400,SkillLineAbility Spell 9904 (Skill 134)
0,5287,1,0x00000400,SkillLineAbility Spell 9908 (Skill 134)
0,6036,1,0x00000400,SkillLineAbility Spell 9634 (Skill 134)
0,6037,1,0x00000400,SkillLineAbility Spell 9635 (Skill 134)
0,6252,1,0x00000400,SkillLineAbility Spell 5215 (Skill 134)
0,6255,1,0x00000400,SkillLineAbility Spell 6795 (Skill 134)
0,9493,1,0x00000400,SkillLineAbility Spell 16958 (Skill 134)
0,9494,1,0x00000400,SkillLineAbility Spell 16961 (Skill 134)
0,10460,1,0x00000400,SkillLineAbility Spell 16857 (Skill 134)
0,11780,1,0x00000400,SkillLineAbility Spell 20719 (Skill 134)
0,12016,1,0x00000400,SkillLineAbility Spell 21178 (Skill 134)
0,12256,1,0x00000400,SkillLineAbility Spell 22568 (Skill 134)
0,12257,1,0x00000400,SkillLineAbility Spell 22570 (Skill 134)
0,12327,1,0x00000400,SkillLineAbility Spell 22827 (Skill 134)
0,12328,1,0x00000400,SkillLineAbility Spell 22828 (Skill 134)
0,12329,1,0x00000400,SkillLineAbility Spell 22829 (Skill 134)
0,12345,1,0x00000400,SkillLineAbility Spell 22842 (Skill 134)
0,12348,1,0x00000400,SkillLineAbility Spell 22845 (Skill 134)
0,13085,1,0x00000400,SkillLineAbility Spell 17007 (Skill 134)
0,13581,1,0x00000400,SkillLineAbility Spell 26996 (Skill 134)
0,13582,1,0x00000400,SkillLineAbility Spell 26998 (Skill 134)
0,13583,1,0x00000400,SkillLineAbility Spell 26997 (Skill 134)
0,13585,1,0x00000400,SkillLineAbility Spell 27000 (Skill 134)
0,13586,1,0x00000400,SkillLineAbility Spell 27008 (Skill 134)
0,13587,1,0x00000400,SkillLineAbility Spell 27002 (Skill 134)
0,13588,1,0x00000400,SkillLineAbility Spell 27001 (Skill 134)
0,13589,1,0x00000400,SkillLineAbility Spell 27003 (Skill 134)
0,13590,1,0x00000400,SkillLineAbility Spell 27004 (Skill 134)
0,13591,1,0x00000400,SkillLineAbility Spell 24248 (Skill 134)
0,13592,1,0x00000400,SkillLineAbility Spell 27005 (Skill 134)
0,13593,1,0x00000400,SkillLineAbility Spell 27006 (Skill 134)
0,13594,1,0x00000400,SkillLineAbility Spell 27007 (Skill 134)
0,14491,1,0x00000400,SkillLineAbility Spell 31018 (Skill 134)
0,14708,1,0x00000400,SkillLineAbility Spell 31709 (Skill 134)
0,15020,1,0x00000400,SkillLineAbility Spell 33357 (Skill 134)
0,15048,1,0x00000400,SkillLineAbility Spell 33745 (Skill 134)
0,15090,1,0x00000400,SkillLineAbility Spell 33872 (Skill 134)
0,15091,1,0x00000400,SkillLineAbility Spell 33873 (Skill 134)
0,15094,1,0x00000400,SkillLineAbility Spell 33851 (Skill 134)
0,15095,1,0x00000400,SkillLineAbility Spell 33852 (Skill 134)
0,15096,1,0x00000400,SkillLineAbility Spell 33853 (Skill 134)
0,15097,1,0x00000400,SkillLineAbility Spell 33855 (Skill 134)
0,15098,1,0x00000400,SkillLineAbility Spell 33856 (Skill 134)
0,15101,1,0x00000400,SkillLineAbility Spell 33859 (Skill 134)
0,15102,1,0x00000400,SkillLineAbility Spell 33866 (Skill 134)
0,15103,1,0x00000400,SkillLineAbility Spell 33867 (Skill 134)
0,15106,1,0x00000400,SkillLineAbility Spell 33917 (Skill 134)
0,15107,1,0x00000400,SkillLineAbility Spell 33878 (Skill 134)
0,15108,1,0x00000400,SkillLineAbility Spell 33876 (Skill 134)
0,15119,1,0x00000400,SkillLineAbility Spell 33943 (Skill 134)
0,15121,1,0x00000400,SkillLineAbility Spell 33957 (Skill 134)
0,15142,1,0x00000400,SkillLineAbility Spell 33986 (Skill 134)
0,15143,1,0x00000400,SkillLineAbility Spell 33982 (Skill 134)
0,15144,1,0x00000400,SkillLineAbility Spell 33987 (Skill 134)
0,15145,1,0x00000400,SkillLineAbility Spell 33983 (Skill 134)
0,15164,1,0x00000400,SkillLineAbility Spell 34297 (Skill 134)
0,15165,1,0x00000400,SkillLineAbility Spell 34300 (Skill 134)
0,15167,1,0x00000400,SkillLineAbility Spell 34299 (Skill 134)
0,15703,1,0x00000400,SkillLineAbility Spell 37116 (Skill 134)
0,15704,1,0x00000400,SkillLineAbility Spell 37117 (Skill 134)
0,15832,1,0x00000400,SkillLineAbility Spell 40120 (Skill 134)
0,16646,1,0x00000400,SkillLineAbility Spell 48479 (Skill 134)
0,16647,1,0x00000400,SkillLineAbility Spell 48480 (Skill 134)
0,16649,1,0x00000400,SkillLineAbility Spell 48559 (Skill 134)
0,16650,1,0x00000400,SkillLineAbility Spell 48560 (Skill 134)
0,16651,1,0x00000400,SkillLineAbility Spell 48561 (Skill 134)
0,16652,1,0x00000400,SkillLineAbility Spell 48562 (Skill 134)
0,16653,1,0x00000400,SkillLineAbility Spell 48563 (Skill 134)
0,16654,1,0x00000400,SkillLineAbility Spell 48565 (Skill 134)
0,16655,1,0x00000400,SkillLineAbility Spell 48564 (Skill 134)
0,16656,1,0x00000400,SkillLineAbility Spell 48566 (Skill 134)
0,16657,1,0x00000400,SkillLineAbility Spell 48567 (Skill 134)
0,16658,1,0x00000400,SkillLineAbility Spell 48568 (Skill 134)
0,16659,1,0x00000400,SkillLineAbility Spell 48569 (Skill 134)
0,16660,1,0x00000400,SkillLineAbility Spell 48570 (Skill 134)
0,16661,1,0x00000400,SkillLineAbility Spell 48571 (Skill 134)
0,16662,1,0x00000400,SkillLineAbility Spell 48572 (Skill 134)
0,16663,1,0x00000400,SkillLineAbility Spell 48573 (Skill 134)
0,16665,1,0x00000400,SkillLineAbility Spell 48575 (Skill 134)
0,16666,1,0x00000400,SkillLineAbility Spell 48576 (Skill 134)
0,16667,1,0x00000400,SkillLineAbility Spell 48577 (Skill 134)
0,16668,1,0x00000400,SkillLineAbility Spell 48578 (Skill 134)
0,16669,1,0x00000400,SkillLineAbility Spell 48579 (Skill 134)
0,17177,1,0x00000400,SkillLineAbility Spell 49799 (Skill 134)
0,17178,1,0x00000400,SkillLineAbility Spell 49800 (Skill 134)
0,17179,1,0x00000400,SkillLineAbility Spell 49803 (Skill 134)
0,17180,1,0x00000400,SkillLineAbility Spell 49804 (Skill 134)
0,17181,1,0x00000400,SkillLineAbility Spell 49802 (Skill 134)
0,17449,1,0x00000400,SkillLineAbility Spell 50334 (Skill 134)
0,17890,1,0x00000400,SkillLineAbility Spell 52610 (Skill 134)
0,20633,1,0x00000400,SkillLineAbility Spell 61336 (Skill 134)
0,20741,1,0x00000400,SkillLineAbility Spell 62078 (Skill 134)
0,20794,1,0x00000400,SkillLineAbility Spell 62600 (Skill 134)
0,20888,1,0x00000400,SkillLineAbility Spell 63503 (Skill 134)
0,21284,1,0x00000400,SkillLineAbility Spell 68484 (Skill 134)
0,700,1,0x000005D5,SkillLineAbility Spell 227 (Skill 136)
0,727,0,0x00000200,SkillLineAbility Spell 813 (Skill 137)
0,3214,1,0x00000463,SkillLineAbility Spell 199 (Skill 160)
0,7276,1,0x00000004,SkillLineAbility Spell 75 (Skill 163)
0,7277,1,0x00000004,SkillLineAbility Spell 1130 (Skill 163)
0,7278,1,0x00000004,SkillLineAbility Spell 2643 (Skill 163)
0,7279,1,0x00000004,SkillLineAbility Spell 5116 (Skill 163)
0,7280,1,0x00000004,SkillLineAbility Spell 3043 (Skill 163)
0,7281,1,0x00000004,SkillLineAbility Spell 1978 (Skill 163)
0,7282,1,0x00000004,SkillLineAbility Spell 3034 (Skill 163)
0,7283,1,0x00000004,SkillLineAbility Spell 1510 (Skill 163)
0,7284,1,0x00000004,SkillLineAbility Spell 3044 (Skill 163)
0,7285,1,0x00000004,SkillLineAbility Spell 3045 (Skill 163)
0,7286,1,0x00000004,SkillLineAbility Spell 1543 (Skill 163)
0,7885,1,0x00000004,SkillLineAbility Spell 13549 (Skill 163)
0,7886,1,0x00000004,SkillLineAbility Spell 13550 (Skill 163)
0,7887,1,0x00000004,SkillLineAbility Spell 13551 (Skill 163)
0,7888,1,0x00000004,SkillLineAbility Spell 13552 (Skill 163)
0,7889,1,0x00000004,SkillLineAbility Spell 13553 (Skill 163)
0,7890,1,0x00000004,SkillLineAbility Spell 13554 (Skill 163)
0,7891,1,0x00000004,SkillLineAbility Spell 13555 (Skill 163)
0,7898,1,0x00000004,SkillLineAbility Spell 14281 (Skill 163)
0,7899,1,0x00000004,SkillLineAbility Spell 14282 (Skill 163)
0,7900,1,0x00000004,SkillLineAbility Spell 14283 (Skill 163)
0,7901,1,0x00000004,SkillLineAbility Spell 14284 (Skill 163)
0,7902,1,0x00000004,SkillLineAbility Spell 14285 (Skill 163)
0,7903,1,0x00000004,SkillLineAbility Spell 14286 (Skill 163)
0,7904,1,0x00000004,SkillLineAbility Spell 14287 (Skill 163)
0,7905,1,0x00000004,SkillLineAbility Spell 14288 (Skill 163)
0,7906,1,0x00000004,SkillLineAbility Spell 14289 (Skill 163)
0,7907,1,0x00000004,SkillLineAbility Spell 14290 (Skill 163)
0,7908,1,0x00000004,SkillLineAbility Spell 14294 (Skill 163)
0,7909,1,0x00000004,SkillLineAbility Spell 14295 (Skill 163)
0,7910,1,0x00000004,SkillLineAbility Spell 14296 (Skill 163)
0,7911,1,0x00000004,SkillLineAbility Spell 14323 (Skill 163)
0,7912,1,0x00000004,SkillLineAbility Spell 14324 (Skill 163)
0,7913,1,0x00000004,SkillLineAbility Spell 14325 (Skill 163)
0,11784,1,0x00000004,SkillLineAbility Spell 20736 (Skill 163)
0,13233,1,0x00000004,SkillLineAbility Spell 25294 (Skill 163)
0,13234,1,0x00000004,SkillLineAbility Spell 25295 (Skill 163)
0,13599,1,0x00000004,SkillLineAbility Spell 27016 (Skill 163)
0,13604,1,0x00000004,SkillLineAbility Spell 27019 (Skill 163)
0,13606,1,0x00000004,SkillLineAbility Spell 27021 (Skill 163)
0,13607,1,0x00000004,SkillLineAbility Spell 27022 (Skill 163)
0,13608,1,0x00000004,SkillLineAbility Spell 27065 (Skill 163)
0,15191,1,0x00000004,SkillLineAbility Spell 34475 (Skill 163)
0,15192,1,0x00000004,SkillLineAbility Spell 34476 (Skill 163)
0,15196,1,0x00000004,SkillLineAbility Spell 34482 (Skill 163)
0,15197,1,0x00000004,SkillLineAbility Spell 34483 (Skill 163)
0,15198,1,0x00000004,SkillLineAbility Spell 34484 (Skill 163)
0,15199,1,0x00000004,SkillLineAbility Spell 34485 (Skill 163)
0,15200,1,0x00000004,SkillLineAbility Spell 34486 (Skill 163)
0,15201,1,0x00000004,SkillLineAbility Spell 34487 (Skill 163)
0,15202,1,0x00000004,SkillLineAbility Spell 34488 (Skill 163)
0,15203,1,0x00000004,SkillLineAbility Spell 34489 (Skill 163)
0,15204,1,0x00000004,SkillLineAbility Spell 34490 (Skill 163)
0,15315,1,0x00000004,SkillLineAbility Spell 34948 (Skill 163)
0,15316,1,0x00000004,SkillLineAbility Spell 34949 (Skill 163)
0,15317,1,0x00000004,SkillLineAbility Spell 34950 (Skill 163)
0,15318,1,0x00000004,SkillLineAbility Spell 34954 (Skill 163)
0,15357,1,0x00000004,SkillLineAbility Spell 35098 (Skill 163)
0,15358,1,0x00000004,SkillLineAbility Spell 35099 (Skill 163)
0,15359,1,0x00000004,SkillLineAbility Spell 35100 (Skill 163)
0,15360,1,0x00000004,SkillLineAbility Spell 35102 (Skill 163)
0,15361,1,0x00000004,SkillLineAbility Spell 35103 (Skill 163)
0,15362,1,0x00000004,SkillLineAbility Spell 35101 (Skill 163)
0,15363,1,0x00000004,SkillLineAbility Spell 35104 (Skill 163)
0,15364,1,0x00000004,SkillLineAbility Spell 35110 (Skill 163)
0,15365,1,0x00000004,SkillLineAbility Spell 35111 (Skill 163)
0,15649,1,0x00000004,SkillLineAbility Spell 19801 (Skill 163)
0,15981,1,0x00000004,SkillLineAbility Spell 42243 (Skill 163)
0,15982,1,0x00000004,SkillLineAbility Spell 42244 (Skill 163)
0,15983,1,0x00000004,SkillLineAbility Spell 42245 (Skill 163)
0,15984,1,0x00000004,SkillLineAbility Spell 42234 (Skill 163)
0,16793,1,0x00000004,SkillLineAbility Spell 49000 (Skill 163)
0,16794,1,0x00000004,SkillLineAbility Spell 49001 (Skill 163)
0,16825,1,0x00000004,SkillLineAbility Spell 49044 (Skill 163)
0,16826,1,0x00000004,SkillLineAbility Spell 49045 (Skill 163)
0,16828,1,0x00000004,SkillLineAbility Spell 49047 (Skill 163)
0,16829,1,0x00000004,SkillLineAbility Spell 49048 (Skill 163)
0,16830,1,0x00000004,SkillLineAbility Spell 49049 (Skill 163)
0,16831,1,0x00000004,SkillLineAbility Spell 49050 (Skill 163)
0,16832,1,0x00000004,SkillLineAbility Spell 49051 (Skill 163)
0,16833,1,0x00000004,SkillLineAbility Spell 49052 (Skill 163)
0,18032,1,0x00000004,SkillLineAbility Spell 53338 (Skill 163)
0,19639,1,0x00000004,SkillLineAbility Spell 56641 (Skill 163)
0,20406,1,0x00000004,SkillLineAbility Spell 61005 (Skill 163)
0,20407,1,0x00000004,SkillLineAbility Spell 61006 (Skill 163)
0,3213,1,0x00000067,SkillLineAbility Spell 197 (Skill 172)
0,1387,1,0x000005DD,SkillLineAbility Spell 1180 (Skill 173)
0,13820,1,0x00000400,SkillLineAbility Spell 27764 (Skill 183)
0,13821,1,0x00000002,SkillLineAbility Spell 27762 (Skill 183)
0,13822,1,0x00000040,SkillLineAbility Spell 27763 (Skill 183)
0,15148,1,0x00000004,SkillLineAbility Spell 34082 (Skill 183)
0,17893,1,0x00000020,SkillLineAbility Spell 52665 (Skill 183)
0,20867,0,0x00000FFF,SkillLineAbility Spell 63645 (Skill 183)
0,20867,1,0x000005FF,SkillLineAbility Spell 63645 (Skill 183)
0,20868,0,0x00000FFF,SkillLineAbility Spell 63644 (Skill 183)
0,20868,1,0x000005FF,SkillLineAbility Spell 63644 (Skill 183)
0,6496,1,0x00000002,SkillLineAbility Spell 7294 (Skill 184)
0,6497,1,0x00000002,SkillLineAbility Spell 10298 (Skill 184)
0,6498,1,0x00000002,SkillLineAbility Spell 10299 (Skill 184)
0,6499,1,0x00000002,SkillLineAbility Spell 10300 (Skill 184)
0,6500,1,0x00000002,SkillLineAbility Spell 10301 (Skill 184)
0,11216,1,0x00000002,SkillLineAbility Spell 19740 (Skill 184)
0,11217,1,0x00000002,SkillLineAbility Spell 19834 (Skill 184)
0,11218,1,0x00000002,SkillLineAbility Spell 19835 (Skill 184)
0,11219,1,0x00000002,SkillLineAbility Spell 19836 (Skill 184)
0,11220,1,0x00000002,SkillLineAbility Spell 19837 (Skill 184)
0,11221,1,0x00000002,SkillLineAbility Spell 19838 (Skill 184)
0,11549,1,0x00000002,SkillLineAbility Spell 20271 (Skill 184)
0,13231,1,0x00000002,SkillLineAbility Spell 25291 (Skill 184)
0,13369,1,0x00000002,SkillLineAbility Spell 25782 (Skill 184)
0,13372,1,0x00000002,SkillLineAbility Spell 25916 (Skill 184)
0,13376,1,0x00000002,SkillLineAbility Spell 25956 (Skill 184)
0,13377,1,0x00000002,SkillLineAbility Spell 25957 (Skill 184)
0,13378,1,0x00000002,SkillLineAbility Spell 25997 (Skill 184)
0,13379,1,0x00000002,SkillLineAbility Spell 9799 (Skill 184)
0,13380,1,0x00000002,SkillLineAbility Spell 25988 (Skill 184)
0,13382,1,0x00000002,SkillLineAbility Spell 9452 (Skill 184)
0,13383,1,0x00000002,SkillLineAbility Spell 26016 (Skill 184)
0,13385,1,0x00000002,SkillLineAbility Spell 26022 (Skill 184)
0,13386,1,0x00000002,SkillLineAbility Spell 26023 (Skill 184)
0,13387,1,0x00000002,SkillLineAbility Spell 67 (Skill 184)
0,13388,1,0x00000002,SkillLineAbility Spell 26017 (Skill 184)
0,13454,1,0x00000002,SkillLineAbility Spell 20066 (Skill 184)
0,13691,1,0x00000002,SkillLineAbility Spell 27140 (Skill 184)
0,13692,1,0x00000002,SkillLineAbility Spell 27141 (Skill 184)
0,13702,1,0x00000002,SkillLineAbility Spell 27150 (Skill 184)
0,14760,1,0x00000002,SkillLineAbility Spell 31884 (Skill 184)
0,14761,1,0x00000002,SkillLineAbility Spell 31879 (Skill 184)
0,14762,1,0x00000002,SkillLineAbility Spell 31880 (Skill 184)
0,14763,1,0x00000002,SkillLineAbility Spell 31881 (Skill 184)
0,14766,1,0x00000002,SkillLineAbility Spell 31876 (Skill 184)
0,14767,1,0x00000002,SkillLineAbility Spell 31877 (Skill 184)
0,14768,1,0x00000002,SkillLineAbility Spell 31878 (Skill 184)
0,14769,1,0x00000002,SkillLineAbility Spell 31871 (Skill 184)
0,14770,1,0x00000002,SkillLineAbility Spell 31872 (Skill 184)
0,14774,1,0x00000002,SkillLineAbility Spell 31869 (Skill 184)
0,14776,1,0x00000002,SkillLineAbility Spell 31866 (Skill 184)
0,14777,1,0x00000002,SkillLineAbility Spell 31867 (Skill 184)
0,14778,1,0x00000002,SkillLineAbility Spell 31868 (Skill 184)
0,14779,0,0x00000405,SkillLineAbility Spell 31801 (Skill 184)
0,14779,1,0x00000002,SkillLineAbility Spell 31801 (Skill 184)
0,14783,1,0x00000002,SkillLineAbility Spell 32043 (Skill 184)
0,14784,0,0x00000200,SkillLineAbility Spell 31898 (Skill 184)
0,14784,1,0x00000002,SkillLineAbility Spell 31898 (Skill 184)
0,14787,0,0x00000405,SkillLineAbility Spell 31803 (Skill 184)
0,14787,1,0x00000002,SkillLineAbility Spell 31803 (Skill 184)
0,14788,0,0x00000405,SkillLineAbility Spell 31804 (Skill 184)
0,14788,1,0x00000002,SkillLineAbility Spell 31804 (Skill 184)
0,14808,1,0x00000002,SkillLineAbility Spell 32223 (Skill 184)
0,15493,1,0x00000002,SkillLineAbility Spell 35395 (Skill 184)
0,15494,1,0x00000002,SkillLineAbility Spell 35396 (Skill 184)
0,15495,1,0x00000002,SkillLineAbility Spell 35397 (Skill 184)
0,16628,1,0x00000002,SkillLineAbility Spell 24275 (Skill 184)
0,16629,1,0x00000002,SkillLineAbility Spell 24274 (Skill 184)
0,16630,1,0x00000002,SkillLineAbility Spell 24239 (Skill 184)
0,16631,1,0x00000002,SkillLineAbility Spell 27180 (Skill 184)
0,16708,1,0x00000002,SkillLineAbility Spell 48805 (Skill 184)
0,16709,1,0x00000002,SkillLineAbility Spell 48806 (Skill 184)
0,16753,1,0x00000002,SkillLineAbility Spell 48931 (Skill 184)
0,16754,1,0x00000002,SkillLineAbility Spell 48932 (Skill 184)
0,16755,1,0x00000002,SkillLineAbility Spell 48933 (Skill 184)
0,16756,1,0x00000002,SkillLineAbility Spell 48934 (Skill 184)
0,18097,1,0x00000002,SkillLineAbility Spell 53375 (Skill 184)
0,18098,1,0x00000002,SkillLineAbility Spell 53376 (Skill 184)
0,18101,1,0x00000002,SkillLineAbility Spell 53379 (Skill 184)
0,18103,1,0x00000002,SkillLineAbility Spell 53380 (Skill 184)
0,18104,1,0x00000002,SkillLineAbility Spell 53381 (Skill 184)
0,18105,1,0x00000002,SkillLineAbility Spell 53382 (Skill 184)
0,18109,1,0x00000002,SkillLineAbility Spell 53385 (Skill 184)
0,18112,1,0x00000002,SkillLineAbility Spell 53407 (Skill 184)
0,18113,1,0x00000002,SkillLineAbility Spell 53408 (Skill 184)
0,18145,1,0x00000002,SkillLineAbility Spell 53484 (Skill 184)
0,18149,1,0x00000002,SkillLineAbility Spell 53486 (Skill 184)
0,18150,1,0x00000002,SkillLineAbility Spell 53488 (Skill 184)
0,18151,1,0x00000002,SkillLineAbility Spell 53489 (Skill 184)
0,18157,1,0x00000002,SkillLineAbility Spell 53375 (Skill 184)
0,18158,1,0x00000002,SkillLineAbility Spell 53376 (Skill 184)
0,18159,1,0x00000002,SkillLineAbility Spell 53501 (Skill 184)
0,18160,1,0x00000002,SkillLineAbility Spell 53502 (Skill 184)
0,18161,1,0x00000002,SkillLineAbility Spell 53503 (Skill 184)
0,18264,1,0x00000002,SkillLineAbility Spell 53648 (Skill 184)
0,18299,0,0x00000405,SkillLineAbility Spell 53726 (Skill 184)
0,18299,1,0x00000002,SkillLineAbility Spell 53726 (Skill 184)
0,18308,0,0x00000200,SkillLineAbility Spell 53733 (Skill 184)
0,18308,1,0x00000002,SkillLineAbility Spell 53733 (Skill 184)
0,18311,0,0x00000200,SkillLineAbility Spell 53736 (Skill 184)
0,18311,1,0x00000002,SkillLineAbility Spell 53736 (Skill 184)
0,18314,0,0x00000200,SkillLineAbility Spell 53742 (Skill 184)
0,18314,1,0x00000002,SkillLineAbility Spell 53742 (Skill 184)
0,18510,1,0x00000002,SkillLineAbility Spell 54043 (Skill 184)
0,20154,1,0x00000002,SkillLineAbility Spell 20050 (Skill 184)
0,20155,1,0x00000002,SkillLineAbility Spell 20052 (Skill 184)
0,20156,1,0x00000002,SkillLineAbility Spell 20053 (Skill 184)
0,20191,1,0x00000002,SkillLineAbility Spell 59578 (Skill 184)
0,20243,1,0x00000002,SkillLineAbility Spell 60091 (Skill 184)
0,15833,1,0x00000023,SkillLineAbility Spell 40274 (Skill 202)
0,15850,1,0x00000002,SkillLineAbility Spell 41311 (Skill 202)
0,15851,1,0x00000023,SkillLineAbility Spell 41312 (Skill 202)
0,15852,1,0x00000044,SkillLineAbility Spell 41314 (Skill 202)
0,15853,1,0x00000040,SkillLineAbility Spell 41315 (Skill 202)
0,15854,1,0x00000040,SkillLineAbility Spell 41316 (Skill 202)
0,15855,1,0x00000408,SkillLineAbility Spell 41317 (Skill 202)
0,15856,1,0x00000400,SkillLineAbility Spell 41318 (Skill 202)
0,15857,1,0x00000400,SkillLineAbility Spell 41319 (Skill 202)
0,15858,1,0x00000190,SkillLineAbility Spell 41320 (Skill 202)
0,15859,1,0x00000010,SkillLineAbility Spell 41321 (Skill 202)
0,16248,1,0x00000190,SkillLineAbility Spell 46111 (Skill 202)
0,16249,1,0x00000023,SkillLineAbility Spell 46115 (Skill 202)
0,16250,1,0x00000400,SkillLineAbility Spell 46109 (Skill 202)
0,16251,1,0x00000002,SkillLineAbility Spell 46107 (Skill 202)
0,16252,1,0x00000040,SkillLineAbility Spell 46112 (Skill 202)
0,16253,1,0x00000023,SkillLineAbility Spell 46114 (Skill 202)
0,16254,1,0x00000010,SkillLineAbility Spell 46108 (Skill 202)
0,16255,1,0x00000040,SkillLineAbility Spell 46110 (Skill 202)
0,16256,1,0x00000408,SkillLineAbility Spell 46116 (Skill 202)
0,16257,1,0x00000044,SkillLineAbility Spell 46113 (Skill 202)
0,16258,1,0x00000400,SkillLineAbility Spell 46106 (Skill 202)
0,19559,1,0x00000190,SkillLineAbility Spell 56465 (Skill 202)
0,19576,1,0x00000023,SkillLineAbility Spell 56480 (Skill 202)
0,19588,1,0x00000408,SkillLineAbility Spell 56481 (Skill 202)
0,19589,1,0x00000044,SkillLineAbility Spell 56574 (Skill 202)
0,19590,1,0x00000023,SkillLineAbility Spell 56483 (Skill 202)
0,19591,1,0x00000190,SkillLineAbility Spell 56484 (Skill 202)
0,19592,1,0x00000400,SkillLineAbility Spell 56486 (Skill 202)
0,19593,1,0x00000040,SkillLineAbility Spell 56487 (Skill 202)
0,20289,0,0x0000044D,SkillLineAbility Spell 60867 (Skill 202)
0,20290,0,0x000002B2,SkillLineAbility Spell 60866 (Skill 202)
0,20653,1,0x00000408,SkillLineAbility Spell 61481 (Skill 202)
0,20654,1,0x00000044,SkillLineAbility Spell 61482 (Skill 202)
0,20655,1,0x00000023,SkillLineAbility Spell 61483 (Skill 202)
0,20759,1,0x00000002,SkillLineAbility Spell 62271 (Skill 202)
0,4347,0,0x00000010,SkillLineAbility Spell 5227 (Skill 220)
0,4350,0,0x00000010,SkillLineAbility Spell 7744 (Skill 220)
0,11713,0,0x00000010,SkillLineAbility Spell 20577 (Skill 220)
0,11714,0,0x00000010,SkillLineAbility Spell 20579 (Skill 220)
0,2929,1,0x0000000D,SkillLineAbility Spell 5011 (Skill 226)
0,15697,1,0x00000009,SkillLineAbility Spell 3018 (Skill 226)
0,2927,1,0x00000190,SkillLineAbility Spell 5009 (Skill 228)
0,2935,1,0x00000190,SkillLineAbility Spell 5019 (Skill 228)
0,2928,1,0x00000427,SkillLineAbility Spell 200 (Skill 229)
0,3248,1,0x00000080,SkillLineAbility Spell 5143 (Skill 237)
0,3249,1,0x00000080,SkillLineAbility Spell 5144 (Skill 237)
0,3250,1,0x00000080,SkillLineAbility Spell 5145 (Skill 237)
0,3255,1,0x00000080,SkillLineAbility Spell 1459 (Skill 237)
0,3256,1,0x00000080,SkillLineAbility Spell 1460 (Skill 237)
0,3257,1,0x00000080,SkillLineAbility Spell 1461 (Skill 237)
0,3258,1,0x00000080,SkillLineAbility Spell 2139 (Skill 237)
0,3267,1,0x00000080,SkillLineAbility Spell 475 (Skill 237)
0,3269,0,0x0000044D,SkillLineAbility Spell 3565 (Skill 237)
0,3269,1,0x00000080,SkillLineAbility Spell 3565 (Skill 237)
0,3270,0,0x0000044D,SkillLineAbility Spell 3562 (Skill 237)
0,3270,1,0x00000080,SkillLineAbility Spell 3562 (Skill 237)
0,3271,0,0x000002B2,SkillLineAbility Spell 3567 (Skill 237)
0,3271,1,0x00000080,SkillLineAbility Spell 3567 (Skill 237)
0,3272,0,0x0000044D,SkillLineAbility Spell 3561 (Skill 237)
0,3272,1,0x00000080,SkillLineAbility Spell 3561 (Skill 237)
0,3273,0,0x000002B2,SkillLineAbility Spell 3566 (Skill 237)
0,3273,1,0x00000080,SkillLineAbility Spell 3566 (Skill 237)
0,3274,0,0x000002B2,SkillLineAbility Spell 3563 (Skill 237)
0,3274,1,0x00000080,SkillLineAbility Spell 3563 (Skill 237)
0,4674,1,0x00000080,SkillLineAbility Spell 8416 (Skill 237)
0,4675,1,0x00000080,SkillLineAbility Spell 8417 (Skill 237)
0,4686,1,0x00000080,SkillLineAbility Spell 1449 (Skill 237)
0,4687,1,0x00000080,SkillLineAbility Spell 8437 (Skill 237)
0,4688,1,0x00000080,SkillLineAbility Spell 8438 (Skill 237)
0,4689,1,0x00000080,SkillLineAbility Spell 8439 (Skill 237)
0,4696,1,0x00000080,SkillLineAbility Spell 604 (Skill 237)
0,4697,1,0x00000080,SkillLineAbility Spell 8450 (Skill 237)
0,4698,1,0x00000080,SkillLineAbility Spell 8451 (Skill 237)
0,4699,1,0x00000080,SkillLineAbility Spell 1008 (Skill 237)
0,4700,1,0x00000080,SkillLineAbility Spell 8455 (Skill 237)
0,4702,1,0x00000080,SkillLineAbility Spell 1463 (Skill 237)
0,4717,1,0x00000080,SkillLineAbility Spell 8494 (Skill 237)
0,4719,1,0x00000080,SkillLineAbility Spell 8495 (Skill 237)
0,5437,1,0x00000080,SkillLineAbility Spell 10156 (Skill 237)
0,5438,1,0x00000080,SkillLineAbility Spell 10157 (Skill 237)
0,5444,1,0x00000080,SkillLineAbility Spell 10169 (Skill 237)
0,5445,1,0x00000080,SkillLineAbility Spell 10170 (Skill 237)
0,5446,1,0x00000080,SkillLineAbility Spell 10173 (Skill 237)
0,5447,1,0x00000080,SkillLineAbility Spell 10174 (Skill 237)
0,5457,1,0x00000080,SkillLineAbility Spell 10191 (Skill 237)
0,5458,1,0x00000080,SkillLineAbility Spell 10192 (Skill 237)
0,5459,1,0x00000080,SkillLineAbility Spell 10193 (Skill 237)
0,5462,1,0x00000080,SkillLineAbility Spell 10201 (Skill 237)
0,5463,1,0x00000080,SkillLineAbility Spell 10202 (Skill 237)
0,5467,1,0x00000080,SkillLineAbility Spell 10211 (Skill 237)
0,5468,1,0x00000080,SkillLineAbility Spell 10212 (Skill 237)
0,5726,1,0x00000080,SkillLineAbility Spell 130 (Skill 237)
0,5989,0,0x0000044D,SkillLineAbility Spell 11419 (Skill 237)
0,5989,1,0x00000080,SkillLineAbility Spell 11419 (Skill 237)
0,5990,0,0x0000044D,SkillLineAbility Spell 11416 (Skill 237)
0,5990,1,0x00000080,SkillLineAbility Spell 11416 (Skill 237)
0,5991,0,0x000002B2,SkillLineAbility Spell 11417 (Skill 237)
0,5991,1,0x00000080,SkillLineAbility Spell 11417 (Skill 237)
0,5992,0,0x0000044D,SkillLineAbility Spell 10059 (Skill 237)
0,5992,1,0x00000080,SkillLineAbility Spell 10059 (Skill 237)
0,5993,0,0x000002B2,SkillLineAbility Spell 11420 (Skill 237)
0,5993,1,0x00000080,SkillLineAbility Spell 11420 (Skill 237)
0,5994,0,0x000002B2,SkillLineAbility Spell 11418 (Skill 237)
0,5994,1,0x00000080,SkillLineAbility Spell 11418 (Skill 237)
0,6236,1,0x00000080,SkillLineAbility Spell 587 (Skill 237)
0,6237,1,0x00000080,SkillLineAbility Spell 597 (Skill 237)
0,6238,1,0x00000080,SkillLineAbility Spell 990 (Skill 237)
0,6239,1,0x00000080,SkillLineAbility Spell 6129 (Skill 237)
0,6240,1,0x00000080,SkillLineAbility Spell 10144 (Skill 237)
0,6241,1,0x00000080,SkillLineAbility Spell 10145 (Skill 237)
0,6242,1,0x00000080,SkillLineAbility Spell 759 (Skill 237)
0,6243,1,0x00000080,SkillLineAbility Spell 3552 (Skill 237)
0,6244,1,0x00000080,SkillLineAbility Spell 10053 (Skill 237)
0,6245,1,0x00000080,SkillLineAbility Spell 10054 (Skill 237)
0,6246,1,0x00000080,SkillLineAbility Spell 5504 (Skill 237)
0,6247,1,0x00000080,SkillLineAbility Spell 5505 (Skill 237)
0,6248,1,0x00000080,SkillLineAbility Spell 5506 (Skill 237)
0,6249,1,0x00000080,SkillLineAbility Spell 6127 (Skill 237)
0,6250,1,0x00000080,SkillLineAbility Spell 10138 (Skill 237)
0,6251,1,0x00000080,SkillLineAbility Spell 10139 (Skill 237)
0,6833,1,0x00000080,SkillLineAbility Spell 11210 (Skill 237)
0,6834,1,0x00000080,SkillLineAbility Spell 12592 (Skill 237)
0,6990,1,0x00000080,SkillLineAbility Spell 12824 (Skill 237)
0,6992,1,0x00000080,SkillLineAbility Spell 12826 (Skill 237)
0,7031,1,0x00000080,SkillLineAbility Spell 1953 (Skill 237)
0,7182,1,0x00000080,SkillLineAbility Spell 118 (Skill 237)
0,7184,1,0x00000080,SkillLineAbility Spell 12825 (Skill 237)
0,12316,1,0x00000080,SkillLineAbility Spell 6117 (Skill 237)
0,12317,1,0x00000080,SkillLineAbility Spell 22782 (Skill 237)
0,12318,1,0x00000080,SkillLineAbility Spell 22783 (Skill 237)
0,12330,1,0x00000080,SkillLineAbility Spell 10140 (Skill 237)
0,12397,1,0x00000080,SkillLineAbility Spell 23028 (Skill 237)
0,13246,1,0x00000080,SkillLineAbility Spell 25345 (Skill 237)
0,13652,1,0x00000080,SkillLineAbility Spell 27075 (Skill 237)
0,13653,1,0x00000080,SkillLineAbility Spell 27082 (Skill 237)
0,13654,1,0x00000080,SkillLineAbility Spell 27080 (Skill 237)
0,13655,1,0x00000080,SkillLineAbility Spell 27090 (Skill 237)
0,13657,1,0x00000080,SkillLineAbility Spell 27101 (Skill 237)
0,13658,1,0x00000080,SkillLineAbility Spell 27126 (Skill 237)
0,13659,1,0x00000080,SkillLineAbility Spell 27127 (Skill 237)
0,13661,1,0x00000080,SkillLineAbility Spell 27130 (Skill 237)
0,13662,1,0x00000080,SkillLineAbility Spell 27131 (Skill 237)
0,13663,1,0x00000080,SkillLineAbility Spell 27125 (Skill 237)
0,13926,1,0x00000080,SkillLineAbility Spell 28271 (Skill 237)
0,13927,1,0x00000080,SkillLineAbility Spell 28272 (Skill 237)
0,13953,1,0x00000080,SkillLineAbility Spell 28574 (Skill 237)
0,14006,1,0x00000080,SkillLineAbility Spell 28612 (Skill 237)
0,14130,1,0x00000080,SkillLineAbility Spell 29441 (Skill 237)
0,14131,1,0x00000080,SkillLineAbility Spell 29444 (Skill 237)
0,14135,1,0x00000080,SkillLineAbility Spell 29442 (Skill 237)
0,14386,1,0x00000080,SkillLineAbility Spell 30451 (Skill 237)
0,14646,1,0x00000080,SkillLineAbility Spell 31589 (Skill 237)
0,14647,1,0x00000080,SkillLineAbility Spell 31584 (Skill 237)
0,14648,1,0x00000080,SkillLineAbility Spell 31585 (Skill 237)
0,14649,1,0x00000080,SkillLineAbility Spell 31586 (Skill 237)
0,14650,1,0x00000080,SkillLineAbility Spell 31587 (Skill 237)
0,14651,1,0x00000080,SkillLineAbility Spell 31588 (Skill 237)
0,14652,1,0x00000080,SkillLineAbility Spell 31579 (Skill 237)
0,14653,1,0x00000080,SkillLineAbility Spell 31582 (Skill 237)
0,14654,1,0x00000080,SkillLineAbility Spell 31583 (Skill 237)
0,14655,1,0x00000080,SkillLineAbility Spell 31574 (Skill 237)
0,14656,1,0x00000080,SkillLineAbility Spell 31575 (Skill 237)
0,14660,1,0x00000080,SkillLineAbility Spell 31571 (Skill 237)
0,14661,1,0x00000080,SkillLineAbility Spell 31572 (Skill 237)
0,14664,1,0x00000080,SkillLineAbility Spell 31569 (Skill 237)
0,14665,1,0x00000080,SkillLineAbility Spell 31570 (Skill 237)
0,14815,0,0x0000044D,SkillLineAbility Spell 32271 (Skill 237)
0,14815,1,0x00000080,SkillLineAbility Spell 32271 (Skill 237)
0,14816,0,0x000002B2,SkillLineAbility Spell 32272 (Skill 237)
0,14816,1,0x00000080,SkillLineAbility Spell 32272 (Skill 237)
0,14817,0,0x0000044D,SkillLineAbility Spell 32266 (Skill 237)
0,14817,1,0x00000080,SkillLineAbility Spell 32266 (Skill 237)
0,14818,0,0x000002B2,SkillLineAbility Spell 32267 (Skill 237)
0,14818,1,0x00000080,SkillLineAbility Spell 32267 (Skill 237)
0,15039,1,0x00000080,SkillLineAbility Spell 33717 (Skill 237)
0,15040,0,0x0000044D,SkillLineAbility Spell 33690 (Skill 237)
0,15040,1,0x00000080,SkillLineAbility Spell 33690 (Skill 237)
0,15041,0,0x0000044D,SkillLineAbility Spell 33691 (Skill 237)
0,15041,1,0x00000080,SkillLineAbility Spell 33691 (Skill 237)
0,15117,1,0x00000080,SkillLineAbility Spell 33944 (Skill 237)
0,15118,1,0x00000080,SkillLineAbility Spell 33946 (Skill 237)
0,15521,1,0x00000080,SkillLineAbility Spell 35578 (Skill 237)
0,15522,1,0x00000080,SkillLineAbility Spell 35581 (Skill 237)
0,15606,0,0x000002B2,SkillLineAbility Spell 35715 (Skill 237)
0,15606,1,0x00000080,SkillLineAbility Spell 35715 (Skill 237)
0,15607,0,0x000002B2,SkillLineAbility Spell 35717 (Skill 237)
0,15607,1,0x00000080,SkillLineAbility Spell 35717 (Skill 237)
0,15705,1,0x00000080,SkillLineAbility Spell 37420 (Skill 237)
0,15729,1,0x00000080,SkillLineAbility Spell 38699 (Skill 237)
0,15730,1,0x00000080,SkillLineAbility Spell 38704 (Skill 237)
0,15905,1,0x00000080,SkillLineAbility Spell 42843 (Skill 237)
0,15906,1,0x00000080,SkillLineAbility Spell 42846 (Skill 237)
0,15919,1,0x00000080,SkillLineAbility Spell 42894 (Skill 237)
0,15920,1,0x00000080,SkillLineAbility Spell 42896 (Skill 237)
0,15921,1,0x00000080,SkillLineAbility Spell 42897 (Skill 237)
0,15925,1,0x00000080,SkillLineAbility Spell 42920 (Skill 237)
0,15926,1,0x00000080,SkillLineAbility Spell 42921 (Skill 237)
0,15946,1,0x00000080,SkillLineAbility Spell 42955 (Skill 237)
0,15947,1,0x00000080,SkillLineAbility Spell 42956 (Skill 237)
0,15953,1,0x00000080,SkillLineAbility Spell 42985 (Skill 237)
0,15954,1,0x00000080,SkillLineAbility Spell 42995 (Skill 237)
0,15955,1,0x00000080,SkillLineAbility Spell 43002 (Skill 237)
0,15959,1,0x00000080,SkillLineAbility Spell 43015 (Skill 237)
0,15960,1,0x00000080,SkillLineAbility Spell 43017 (Skill 237)
0,15961,1,0x00000080,SkillLineAbility Spell 43023 (Skill 237)
0,15962,1,0x00000080,SkillLineAbility Spell 43024 (Skill 237)
0,15963,1,0x00000080,SkillLineAbility Spell 43019 (Skill 237)
0,15964,1,0x00000080,SkillLineAbility Spell 43020 (Skill 237)
0,16019,1,0x00000080,SkillLineAbility Spell 43987 (Skill 237)
0,16030,1,0x00000080,SkillLineAbility Spell 44378 (Skill 237)
0,16031,1,0x00000080,SkillLineAbility Spell 44379 (Skill 237)
0,16035,1,0x00000080,SkillLineAbility Spell 44394 (Skill 237)
0,16036,1,0x00000080,SkillLineAbility Spell 44395 (Skill 237)
0,16037,1,0x00000080,SkillLineAbility Spell 44396 (Skill 237)
0,16038,1,0x00000080,SkillLineAbility Spell 44397 (Skill 237)
0,16039,1,0x00000080,SkillLineAbility Spell 44398 (Skill 237)
0,16040,1,0x00000080,SkillLineAbility Spell 44399 (Skill 237)
0,16041,1,0x00000080,SkillLineAbility Spell 44400 (Skill 237)
0,16042,1,0x00000080,SkillLineAbility Spell 44402 (Skill 237)
0,16043,1,0x00000080,SkillLineAbility Spell 44403 (Skill 237)
0,16047,1,0x00000080,SkillLineAbility Spell 44413 (Skill 237)
0,16051,1,0x00000080,SkillLineAbility Spell 44425 (Skill 237)
0,16146,1,0x00000080,SkillLineAbility Spell 44780 (Skill 237)
0,16147,1,0x00000080,SkillLineAbility Spell 44781 (Skill 237)
0,16999,0,0x0000044D,SkillLineAbility Spell 49359 (Skill 237)
0,16999,1,0x00000080,SkillLineAbility Spell 49359 (Skill 237)
0,17000,0,0x000002B2,SkillLineAbility Spell 49358 (Skill 237)
0,17000,1,0x00000080,SkillLineAbility Spell 49358 (Skill 237)
0,17003,0,0x000002B2,SkillLineAbility Spell 49361 (Skill 237)
0,17003,1,0x00000080,SkillLineAbility Spell 49361 (Skill 237)
0,17004,0,0x0000044D,SkillLineAbility Spell 49360 (Skill 237)
0,17004,1,0x00000080,SkillLineAbility Spell 49360 (Skill 237)
0,18007,1,0x00000080,SkillLineAbility Spell 53140 (Skill 237)
0,18008,1,0x00000080,SkillLineAbility Spell 53142 (Skill 237)
0,18538,1,0x00000080,SkillLineAbility Spell 54354 (Skill 237)
0,18890,1,0x00000080,SkillLineAbility Spell 44404 (Skill 237)
0,18891,1,0x00000080,SkillLineAbility Spell 44401 (Skill 237)
0,18892,1,0x00000080,SkillLineAbility Spell 54486 (Skill 237)
0,18893,1,0x00000080,SkillLineAbility Spell 54488 (Skill 237)
0,18894,1,0x00000080,SkillLineAbility Spell 54489 (Skill 237)
0,18895,1,0x00000080,SkillLineAbility Spell 54490 (Skill 237)
0,19095,1,0x00000080,SkillLineAbility Spell 54646 (Skill 237)
0,19097,1,0x00000080,SkillLineAbility Spell 54648 (Skill 237)
0,19114,1,0x00000080,SkillLineAbility Spell 54658 (Skill 237)
0,19115,1,0x00000080,SkillLineAbility Spell 54659 (Skill 237)
0,19287,1,0x00000080,SkillLineAbility Spell 29447 (Skill 237)
0,19288,1,0x00000080,SkillLineAbility Spell 55339 (Skill 237)
0,19289,1,0x00000080,SkillLineAbility Spell 55340 (Skill 237)
0,20054,1,0x00000080,SkillLineAbility Spell 58659 (Skill 237)
0,20095,1,0x00000080,SkillLineAbility Spell 55342 (Skill 237)
0,20715,1,0x00000080,SkillLineAbility Spell 61721 (Skill 237)
0,4033,1,0x00000008,SkillLineAbility Spell 2098 (Skill 253)
0,4037,1,0x00000008,SkillLineAbility Spell 1943 (Skill 253)
0,4038,1,0x00000008,SkillLineAbility Spell 703 (Skill 253)
0,4050,1,0x00000008,SkillLineAbility Spell 6760 (Skill 253)
0,4051,1,0x00000008,SkillLineAbility Spell 6761 (Skill 253)
0,4052,1,0x00000008,SkillLineAbility Spell 6762 (Skill 253)
0,4770,1,0x00000008,SkillLineAbility Spell 8623 (Skill 253)
0,4771,1,0x00000008,SkillLineAbility Spell 8624 (Skill 253)
0,4772,1,0x00000008,SkillLineAbility Spell 8631 (Skill 253)
0,4773,1,0x00000008,SkillLineAbility Spell 8632 (Skill 253)
0,4774,1,0x00000008,SkillLineAbility Spell 8633 (Skill 253)
0,4778,1,0x00000008,SkillLineAbility Spell 8639 (Skill 253)
0,4779,1,0x00000008,SkillLineAbility Spell 8640 (Skill 253)
0,4827,1,0x00000008,SkillLineAbility Spell 8676 (Skill 253)
0,4828,1,0x00000008,SkillLineAbility Spell 8724 (Skill 253)
0,4829,1,0x00000008,SkillLineAbility Spell 8725 (Skill 253)
0,5939,1,0x00000008,SkillLineAbility Spell 11267 (Skill 253)
0,5940,1,0x00000008,SkillLineAbility Spell 11268 (Skill 253)
0,5941,1,0x00000008,SkillLineAbility Spell 11269 (Skill 253)
0,5945,1,0x00000008,SkillLineAbility Spell 11299 (Skill 253)
0,5946,1,0x00000008,SkillLineAbility Spell 11300 (Skill 253)
0,5947,1,0x00000008,SkillLineAbility Spell 11289 (Skill 253)
0,5948,1,0x00000008,SkillLineAbility Spell 11290 (Skill 253)
0,5949,1,0x00000008,SkillLineAbility Spell 11273 (Skill 253)
0,5950,1,0x00000008,SkillLineAbility Spell 11274 (Skill 253)
0,5951,1,0x00000008,SkillLineAbility Spell 11275 (Skill 253)
0,6386,1,0x00000008,SkillLineAbility Spell 5171 (Skill 253)
0,6387,1,0x00000008,SkillLineAbility Spell 6774 (Skill 253)
0,6388,1,0x00000008,SkillLineAbility Spell 408 (Skill 253)
0,6389,1,0x00000008,SkillLineAbility Spell 8643 (Skill 253)
0,6390,1,0x00000008,SkillLineAbility Spell 1833 (Skill 253)
0,13547,1,0x00000008,SkillLineAbility Spell 26679 (Skill 253)
0,13711,1,0x00000008,SkillLineAbility Spell 26865 (Skill 253)
0,13713,1,0x00000008,SkillLineAbility Spell 26867 (Skill 253)
0,13714,1,0x00000008,SkillLineAbility Spell 26839 (Skill 253)
0,13715,1,0x00000008,SkillLineAbility Spell 26884 (Skill 253)
0,13716,1,0x00000008,SkillLineAbility Spell 27441 (Skill 253)
0,14489,1,0x00000008,SkillLineAbility Spell 31016 (Skill 253)
0,14589,1,0x00000008,SkillLineAbility Spell 31226 (Skill 253)
0,14590,1,0x00000008,SkillLineAbility Spell 31227 (Skill 253)
0,14597,1,0x00000008,SkillLineAbility Spell 31234 (Skill 253)
0,14598,1,0x00000008,SkillLineAbility Spell 31235 (Skill 253)
0,14599,1,0x00000008,SkillLineAbility Spell 31236 (Skill 253)
0,14607,1,0x00000008,SkillLineAbility Spell 31208 (Skill 253)
0,14608,1,0x00000008,SkillLineAbility Spell 31209 (Skill 253)
0,14614,1,0x00000008,SkillLineAbility Spell 31380 (Skill 253)
0,14615,1,0x00000008,SkillLineAbility Spell 31382 (Skill 253)
0,14616,1,0x00000008,SkillLineAbility Spell 31383 (Skill 253)
0,14734,1,0x00000008,SkillLineAbility Spell 8647 (Skill 253)
0,14798,1,0x00000008,SkillLineAbility Spell 31244 (Skill 253)
0,14799,1,0x00000008,SkillLineAbility Spell 31245 (Skill 253)
0,14895,1,0x00000008,SkillLineAbility Spell 1329 (Skill 253)
0,14908,1,0x00000008,SkillLineAbility Spell 32645 (Skill 253)
0,14909,1,0x00000008,SkillLineAbility Spell 32684 (Skill 253)
0,15168,1,0x00000008,SkillLineAbility Spell 34411 (Skill 253)
0,15169,1,0x00000008,SkillLineAbility Spell 34412 (Skill 253)
0,15170,1,0x00000008,SkillLineAbility Spell 34413 (Skill 253)
0,16680,1,0x00000008,SkillLineAbility Spell 48663 (Skill 253)
0,16681,1,0x00000008,SkillLineAbility Spell 48666 (Skill 253)
0,16682,1,0x00000008,SkillLineAbility Spell 48667 (Skill 253)
0,16683,1,0x00000008,SkillLineAbility Spell 48668 (Skill 253)
0,16685,1,0x00000008,SkillLineAbility Spell 48671 (Skill 253)
0,16686,1,0x00000008,SkillLineAbility Spell 48672 (Skill 253)
0,16687,1,0x00000008,SkillLineAbility Spell 48673 (Skill 253)
0,16688,1,0x00000008,SkillLineAbility Spell 48674 (Skill 253)
0,16689,1,0x00000008,SkillLineAbility Spell 48675 (Skill 253)
0,16690,1,0x00000008,SkillLineAbility Spell 48676 (Skill 253)
0,16691,1,0x00000008,SkillLineAbility Spell 48689 (Skill 253)
0,16692,1,0x00000008,SkillLineAbility Spell 48690 (Skill 253)
0,16693,1,0x00000008,SkillLineAbility Spell 48691 (Skill 253)
0,17694,1,0x00000008,SkillLineAbility Spell 51625 (Skill 253)
0,17695,1,0x00000008,SkillLineAbility Spell 51626 (Skill 253)
0,17696,1,0x00000008,SkillLineAbility Spell 51627 (Skill 253)
0,17697,1,0x00000008,SkillLineAbility Spell 51628 (Skill 253)
0,17698,1,0x00000008,SkillLineAbility Spell 51629 (Skill 253)
0,17701,1,0x00000008,SkillLineAbility Spell 51632 (Skill 253)
0,17702,1,0x00000008,SkillLineAbility Spell 51633 (Skill 253)
0,17703,1,0x00000008,SkillLineAbility Spell 51634 (Skill 253)
0,17704,1,0x00000008,SkillLineAbility Spell 51635 (Skill 253)
0,17705,1,0x00000008,SkillLineAbility Spell 51636 (Skill 253)
0,17706,1,0x00000008,SkillLineAbility Spell 51634 (Skill 253)
0,17707,1,0x00000008,SkillLineAbility Spell 51635 (Skill 253)
0,17708,1,0x00000008,SkillLineAbility Spell 51636 (Skill 253)
0,17709,1,0x00000008,SkillLineAbility Spell 51637 (Skill 253)
0,17710,1,0x00000008,SkillLineAbility Spell 51662 (Skill 253)
0,17711,1,0x00000008,SkillLineAbility Spell 51664 (Skill 253)
0,17712,1,0x00000008,SkillLineAbility Spell 51665 (Skill 253)
0,17713,1,0x00000008,SkillLineAbility Spell 51667 (Skill 253)
0,17714,1,0x00000008,SkillLineAbility Spell 51668 (Skill 253)
0,17715,1,0x00000008,SkillLineAbility Spell 51669 (Skill 253)
0,17749,1,0x00000008,SkillLineAbility Spell 51722 (Skill 253)
0,19966,1,0x00000008,SkillLineAbility Spell 57992 (Skill 253)
0,19967,1,0x00000008,SkillLineAbility Spell 57993 (Skill 253)
0,19985,1,0x00000008,SkillLineAbility Spell 58410 (Skill 253)
0,19995,1,0x00000008,SkillLineAbility Spell 58426 (Skill 253)
0,19996,1,0x00000008,SkillLineAbility Spell 58427 (Skill 253)
0,19997,1,0x00000008,SkillLineAbility Spell 58428 (Skill 253)
0,21723,0,0x000006FF,SkillLineAbility Spell 75460 (Skill 253)
0,21723,1,0x00000008,SkillLineAbility Spell 75460 (Skill 253)
0,4724,1,0x00000001,SkillLineAbility Spell 1464 (Skill 256)
0,4886,1,0x00000001,SkillLineAbility Spell 8820 (Skill 256)
0,4888,1,0x00000001,SkillLineAbility Spell 1680 (Skill 256)
0,6079,1,0x00000001,SkillLineAbility Spell 2458 (Skill 256)
0,6080,1,0x00000001,SkillLineAbility Spell 7381 (Skill 256)
0,6081,1,0x00000001,SkillLineAbility Spell 845 (Skill 256)
0,6082,1,0x00000001,SkillLineAbility Spell 7369 (Skill 256)
0,6083,1,0x00000001,SkillLineAbility Spell 11608 (Skill 256)
0,6084,1,0x00000001,SkillLineAbility Spell 11609 (Skill 256)
0,6085,1,0x00000001,SkillLineAbility Spell 11604 (Skill 256)
0,6086,1,0x00000001,SkillLineAbility Spell 11605 (Skill 256)
0,6087,1,0x00000001,SkillLineAbility Spell 6673 (Skill 256)
0,6088,1,0x00000001,SkillLineAbility Spell 5242 (Skill 256)
0,6089,1,0x00000001,SkillLineAbility Spell 6192 (Skill 256)
0,6090,1,0x00000001,SkillLineAbility Spell 11549 (Skill 256)
0,6091,1,0x00000001,SkillLineAbility Spell 11550 (Skill 256)
0,6093,1,0x00000001,SkillLineAbility Spell 1161 (Skill 256)
0,6094,1,0x00000001,SkillLineAbility Spell 1160 (Skill 256)
0,6095,1,0x00000001,SkillLineAbility Spell 6190 (Skill 256)
0,6096,1,0x00000001,SkillLineAbility Spell 11554 (Skill 256)
0,6097,1,0x00000001,SkillLineAbility Spell 11555 (Skill 256)
0,6098,1,0x00000001,SkillLineAbility Spell 11556 (Skill 256)
0,6099,1,0x00000001,SkillLineAbility Spell 5246 (Skill 256)
0,10484,1,0x00000001,SkillLineAbility Spell 18499 (Skill 256)
0,11657,1,0x00000001,SkillLineAbility Spell 1719 (Skill 256)
0,11705,1,0x00000001,SkillLineAbility Spell 20569 (Skill 256)
0,11736,1,0x00000001,SkillLineAbility Spell 20252 (Skill 256)
0,11759,1,0x00000001,SkillLineAbility Spell 5308 (Skill 256)
0,11760,1,0x00000001,SkillLineAbility Spell 20647 (Skill 256)
0,11776,1,0x00000001,SkillLineAbility Spell 20658 (Skill 256)
0,11777,1,0x00000001,SkillLineAbility Spell 20660 (Skill 256)
0,11778,1,0x00000001,SkillLineAbility Spell 20661 (Skill 256)
0,11779,1,0x00000001,SkillLineAbility Spell 20662 (Skill 256)
0,12116,1,0x00000001,SkillLineAbility Spell 6552 (Skill 256)
0,12656,1,0x00000001,SkillLineAbility Spell 23584 (Skill 256)
0,12657,1,0x00000001,SkillLineAbility Spell 23585 (Skill 256)
0,12658,1,0x00000001,SkillLineAbility Spell 23586 (Skill 256)
0,12659,1,0x00000001,SkillLineAbility Spell 23587 (Skill 256)
0,12660,1,0x00000001,SkillLineAbility Spell 23588 (Skill 256)
0,12776,1,0x00000001,SkillLineAbility Spell 23881 (Skill 256)
0,12777,1,0x00000001,SkillLineAbility Spell 23885 (Skill 256)
0,12778,1,0x00000001,SkillLineAbility Spell 23880 (Skill 256)
0,13149,1,0x00000001,SkillLineAbility Spell 469 (Skill 256)
0,13161,1,0x00000001,SkillLineAbility Spell 25202 (Skill 256)
0,13162,1,0x00000001,SkillLineAbility Spell 25203 (Skill 256)
0,13168,1,0x00000001,SkillLineAbility Spell 25231 (Skill 256)
0,13169,1,0x00000001,SkillLineAbility Spell 25234 (Skill 256)
0,13170,1,0x00000001,SkillLineAbility Spell 25236 (Skill 256)
0,13171,1,0x00000001,SkillLineAbility Spell 25241 (Skill 256)
0,13172,1,0x00000001,SkillLineAbility Spell 25242 (Skill 256)
0,14161,1,0x00000001,SkillLineAbility Spell 29590 (Skill 256)
0,14162,1,0x00000001,SkillLineAbility Spell 29591 (Skill 256)
0,14163,1,0x00000001,SkillLineAbility Spell 29592 (Skill 256)
0,14164,1,0x00000001,SkillLineAbility Spell 29721 (Skill 256)
0,14165,1,0x00000001,SkillLineAbility Spell 29776 (Skill 256)
0,14168,1,0x00000001,SkillLineAbility Spell 29759 (Skill 256)
0,14169,1,0x00000001,SkillLineAbility Spell 29760 (Skill 256)
0,14171,1,0x00000001,SkillLineAbility Spell 29761 (Skill 256)
0,14177,1,0x00000001,SkillLineAbility Spell 29801 (Skill 256)
0,14291,1,0x00000001,SkillLineAbility Spell 30029 (Skill 256)
0,14801,1,0x00000001,SkillLineAbility Spell 11551 (Skill 256)
0,14802,1,0x00000001,SkillLineAbility Spell 25289 (Skill 256)
0,14803,1,0x00000001,SkillLineAbility Spell 2048 (Skill 256)
0,15171,1,0x00000001,SkillLineAbility Spell 34428 (Skill 256)
0,15503,1,0x00000001,SkillLineAbility Spell 29762 (Skill 256)
0,15504,1,0x00000001,SkillLineAbility Spell 29763 (Skill 256)
0,16325,1,0x00000001,SkillLineAbility Spell 46908 (Skill 256)
0,16326,1,0x00000001,SkillLineAbility Spell 46909 (Skill 256)
0,16327,1,0x00000001,SkillLineAbility Spell 46910 (Skill 256)
0,16328,1,0x00000001,SkillLineAbility Spell 46911 (Skill 256)
0,16330,1,0x00000001,SkillLineAbility Spell 46913 (Skill 256)
0,16331,1,0x00000001,SkillLineAbility Spell 46914 (Skill 256)
0,16333,1,0x00000001,SkillLineAbility Spell 46915 (Skill 256)
0,16334,1,0x00000001,SkillLineAbility Spell 46916 (Skill 256)
0,16335,1,0x00000001,SkillLineAbility Spell 46917 (Skill 256)
0,16396,1,0x00000001,SkillLineAbility Spell 47436 (Skill 256)
0,16397,1,0x00000001,SkillLineAbility Spell 47437 (Skill 256)
0,16398,1,0x00000001,SkillLineAbility Spell 47439 (Skill 256)
0,16399,1,0x00000001,SkillLineAbility Spell 47440 (Skill 256)
0,16404,1,0x00000001,SkillLineAbility Spell 47470 (Skill 256)
0,16405,1,0x00000001,SkillLineAbility Spell 47471 (Skill 256)
0,16406,1,0x00000001,SkillLineAbility Spell 47474 (Skill 256)
0,16407,1,0x00000001,SkillLineAbility Spell 47475 (Skill 256)
0,16425,1,0x00000001,SkillLineAbility Spell 47519 (Skill 256)
0,16426,1,0x00000001,SkillLineAbility Spell 47520 (Skill 256)
0,16427,1,0x00000001,SkillLineAbility Spell 12292 (Skill 256)
0,19386,1,0x00000001,SkillLineAbility Spell 55694 (Skill 256)
0,19514,1,0x00000001,SkillLineAbility Spell 56112 (Skill 256)
0,19645,1,0x00000001,SkillLineAbility Spell 56924 (Skill 256)
0,19649,1,0x00000001,SkillLineAbility Spell 56927 (Skill 256)
0,19650,1,0x00000001,SkillLineAbility Spell 56929 (Skill 256)
0,19651,1,0x00000001,SkillLineAbility Spell 56930 (Skill 256)
0,19652,1,0x00000001,SkillLineAbility Spell 56931 (Skill 256)
0,19653,1,0x00000001,SkillLineAbility Spell 56932 (Skill 256)
0,20390,1,0x00000001,SkillLineAbility Spell 60970 (Skill 256)
0,20490,1,0x00000001,SkillLineAbility Spell 61216 (Skill 256)
0,20491,1,0x00000001,SkillLineAbility Spell 61221 (Skill 256)
0,20492,1,0x00000001,SkillLineAbility Spell 61222 (Skill 256)
0,21021,1,0x00000001,SkillLineAbility Spell 29888 (Skill 256)
0,21022,1,0x00000001,SkillLineAbility Spell 29889 (Skill 256)
0,3424,1,0x00000001,SkillLineAbility Spell 72 (Skill 257)
0,3427,1,0x00000001,SkillLineAbility Spell 871 (Skill 257)
0,4278,1,0x00000001,SkillLineAbility Spell 2565 (Skill 257)
0,6100,1,0x00000001,SkillLineAbility Spell 2687 (Skill 257)
0,6101,1,0x00000001,SkillLineAbility Spell 71 (Skill 257)
0,6102,1,0x00000001,SkillLineAbility Spell 7376 (Skill 257)
0,6103,1,0x00000001,SkillLineAbility Spell 676 (Skill 257)
0,6104,1,0x00000001,SkillLineAbility Spell 6572 (Skill 257)
0,6105,1,0x00000001,SkillLineAbility Spell 6574 (Skill 257)
0,6106,1,0x00000001,SkillLineAbility Spell 7379 (Skill 257)
0,6107,1,0x00000001,SkillLineAbility Spell 11600 (Skill 257)
0,6108,1,0x00000001,SkillLineAbility Spell 11601 (Skill 257)
0,6109,1,0x00000001,SkillLineAbility Spell 7386 (Skill 257)
0,6114,1,0x00000001,SkillLineAbility Spell 355 (Skill 257)
0,6974,1,0x00000001,SkillLineAbility Spell 12308 (Skill 257)
0,6975,1,0x00000001,SkillLineAbility Spell 12810 (Skill 257)
0,12796,1,0x00000001,SkillLineAbility Spell 23922 (Skill 257)
0,12797,1,0x00000001,SkillLineAbility Spell 23923 (Skill 257)
0,12798,1,0x00000001,SkillLineAbility Spell 23924 (Skill 257)
0,12799,1,0x00000001,SkillLineAbility Spell 23925 (Skill 257)
0,13158,1,0x00000001,SkillLineAbility Spell 23920 (Skill 257)
0,13160,1,0x00000001,SkillLineAbility Spell 3411 (Skill 257)
0,13177,1,0x00000001,SkillLineAbility Spell 25258 (Skill 257)
0,13181,1,0x00000001,SkillLineAbility Spell 25269 (Skill 257)
0,13184,1,0x00000001,SkillLineAbility Spell 25288 (Skill 257)
0,14142,1,0x00000001,SkillLineAbility Spell 29593 (Skill 257)
0,14143,1,0x00000001,SkillLineAbility Spell 29594 (Skill 257)
0,14147,1,0x00000001,SkillLineAbility Spell 29598 (Skill 257)
0,14148,1,0x00000001,SkillLineAbility Spell 29599 (Skill 257)
0,14151,1,0x00000001,SkillLineAbility Spell 29140 (Skill 257)
0,14152,1,0x00000001,SkillLineAbility Spell 29143 (Skill 257)
0,14153,1,0x00000001,SkillLineAbility Spell 29144 (Skill 257)
0,14173,1,0x00000001,SkillLineAbility Spell 29787 (Skill 257)
0,14174,1,0x00000001,SkillLineAbility Spell 29790 (Skill 257)
0,14175,1,0x00000001,SkillLineAbility Spell 29792 (Skill 257)
0,14271,1,0x00000001,SkillLineAbility Spell 20243 (Skill 257)
0,14272,1,0x00000001,SkillLineAbility Spell 30016 (Skill 257)
0,14273,1,0x00000001,SkillLineAbility Spell 30022 (Skill 257)
0,14382,1,0x00000001,SkillLineAbility Spell 30357 (Skill 257)
0,14383,1,0x00000001,SkillLineAbility Spell 30356 (Skill 257)
0,15513,1,0x00000001,SkillLineAbility Spell 12678 (Skill 257)
0,16199,1,0x00000001,SkillLineAbility Spell 45471 (Skill 257)
0,16346,1,0x00000001,SkillLineAbility Spell 46945 (Skill 257)
0,16347,1,0x00000001,SkillLineAbility Spell 46949 (Skill 257)
0,16349,1,0x00000001,SkillLineAbility Spell 46946 (Skill 257)
0,16350,1,0x00000001,SkillLineAbility Spell 46947 (Skill 257)
0,16352,1,0x00000001,SkillLineAbility Spell 46951 (Skill 257)
0,16353,1,0x00000001,SkillLineAbility Spell 46952 (Skill 257)
0,16354,1,0x00000001,SkillLineAbility Spell 46953 (Skill 257)
0,16357,1,0x00000001,SkillLineAbility Spell 46968 (Skill 257)
0,16392,1,0x00000001,SkillLineAbility Spell 47294 (Skill 257)
0,16393,1,0x00000001,SkillLineAbility Spell 47295 (Skill 257)
0,16394,1,0x00000001,SkillLineAbility Spell 47296 (Skill 257)
0,16410,1,0x00000001,SkillLineAbility Spell 47487 (Skill 257)
0,16411,1,0x00000001,SkillLineAbility Spell 47488 (Skill 257)
0,16418,1,0x00000001,SkillLineAbility Spell 47497 (Skill 257)
0,16419,1,0x00000001,SkillLineAbility Spell 47498 (Skill 257)
0,17525,1,0x00000001,SkillLineAbility Spell 50685 (Skill 257)
0,17526,1,0x00000001,SkillLineAbility Spell 50686 (Skill 257)
0,17527,1,0x00000001,SkillLineAbility Spell 50687 (Skill 257)
0,17536,1,0x00000001,SkillLineAbility Spell 50720 (Skill 257)
0,19750,1,0x00000001,SkillLineAbility Spell 57499 (Skill 257)
0,19959,1,0x00000001,SkillLineAbility Spell 57823 (Skill 257)
0,20101,1,0x00000001,SkillLineAbility Spell 58872 (Skill 257)
0,20102,1,0x00000001,SkillLineAbility Spell 58874 (Skill 257)
0,20103,1,0x00000001,SkillLineAbility Spell 12811 (Skill 257)
0,20130,1,0x00000001,SkillLineAbility Spell 59088 (Skill 257)
0,20131,1,0x00000001,SkillLineAbility Spell 59089 (Skill 257)
0,20261,1,0x00000001,SkillLineAbility Spell 12287 (Skill 257)
0,20262,1,0x00000001,SkillLineAbility Spell 12665 (Skill 257)
0,20263,1,0x00000001,SkillLineAbility Spell 12666 (Skill 257)
0,3530,1,0x00000002,SkillLineAbility Spell 465 (Skill 267)
0,3531,1,0x00000002,SkillLineAbility Spell 643 (Skill 267)
0,3532,1,0x00000002,SkillLineAbility Spell 1032 (Skill 267)
0,5522,1,0x00000002,SkillLineAbility Spell 10290 (Skill 267)
0,5523,1,0x00000002,SkillLineAbility Spell 10291 (Skill 267)
0,5524,1,0x00000002,SkillLineAbility Spell 10292 (Skill 267)
0,5525,1,0x00000002,SkillLineAbility Spell 10293 (Skill 267)
0,6530,1,0x00000002,SkillLineAbility Spell 1022 (Skill 267)
0,6531,1,0x00000002,SkillLineAbility Spell 5599 (Skill 267)
0,6532,1,0x00000002,SkillLineAbility Spell 10278 (Skill 267)
0,6533,1,0x00000002,SkillLineAbility Spell 642 (Skill 267)
0,6535,1,0x00000002,SkillLineAbility Spell 1038 (Skill 267)
0,6536,1,0x00000002,SkillLineAbility Spell 6940 (Skill 267)
0,6537,1,0x00000002,SkillLineAbility Spell 498 (Skill 267)
0,10464,1,0x00000002,SkillLineAbility Spell 1044 (Skill 267)
0,11256,1,0x00000002,SkillLineAbility Spell 19876 (Skill 267)
0,11257,1,0x00000002,SkillLineAbility Spell 19895 (Skill 267)
0,11258,1,0x00000002,SkillLineAbility Spell 19896 (Skill 267)
0,11259,1,0x00000002,SkillLineAbility Spell 19891 (Skill 267)
0,11260,1,0x00000002,SkillLineAbility Spell 19899 (Skill 267)
0,11261,1,0x00000002,SkillLineAbility Spell 19900 (Skill 267)
0,11262,1,0x00000002,SkillLineAbility Spell 19888 (Skill 267)
0,11263,1,0x00000002,SkillLineAbility Spell 19897 (Skill 267)
0,11264,1,0x00000002,SkillLineAbility Spell 19898 (Skill 267)
0,11545,1,0x00000002,SkillLineAbility Spell 20164 (Skill 267)
0,11546,1,0x00000002,SkillLineAbility Spell 20184 (Skill 267)
0,11882,1,0x00000002,SkillLineAbility Spell 20911 (Skill 267)
0,11916,1,0x00000002,SkillLineAbility Spell 19752 (Skill 267)
0,13345,1,0x00000002,SkillLineAbility Spell 25780 (Skill 267)
0,13356,1,0x00000002,SkillLineAbility Spell 20096 (Skill 267)
0,13357,1,0x00000002,SkillLineAbility Spell 20097 (Skill 267)
0,13358,1,0x00000002,SkillLineAbility Spell 20098 (Skill 267)
0,13359,1,0x00000002,SkillLineAbility Spell 20099 (Skill 267)
0,13360,1,0x00000002,SkillLineAbility Spell 20100 (Skill 267)
0,13364,1,0x00000002,SkillLineAbility Spell 25781 (Skill 267)
0,13368,1,0x00000002,SkillLineAbility Spell 25899 (Skill 267)
0,13448,1,0x00000002,SkillLineAbility Spell 853 (Skill 267)
0,13449,1,0x00000002,SkillLineAbility Spell 5588 (Skill 267)
0,13450,1,0x00000002,SkillLineAbility Spell 5589 (Skill 267)
0,13452,1,0x00000002,SkillLineAbility Spell 10308 (Skill 267)
0,13455,1,0x00000002,SkillLineAbility Spell 20217 (Skill 267)
0,13456,1,0x00000002,SkillLineAbility Spell 25898 (Skill 267)
0,13701,1,0x00000002,SkillLineAbility Spell 27149 (Skill 267)
0,13703,1,0x00000002,SkillLineAbility Spell 27151 (Skill 267)
0,13704,1,0x00000002,SkillLineAbility Spell 27152 (Skill 267)
0,13705,1,0x00000002,SkillLineAbility Spell 27153 (Skill 267)
0,13706,1,0x00000002,SkillLineAbility Spell 27179 (Skill 267)
0,14710,1,0x00000002,SkillLineAbility Spell 31785 (Skill 267)
0,14711,1,0x00000002,SkillLineAbility Spell 31789 (Skill 267)
0,14741,1,0x00000002,SkillLineAbility Spell 31858 (Skill 267)
0,14742,1,0x00000002,SkillLineAbility Spell 31859 (Skill 267)
0,14743,1,0x00000002,SkillLineAbility Spell 31860 (Skill 267)
0,14749,1,0x00000002,SkillLineAbility Spell 31850 (Skill 267)
0,14750,1,0x00000002,SkillLineAbility Spell 31851 (Skill 267)
0,14751,1,0x00000002,SkillLineAbility Spell 31852 (Skill 267)
0,14754,1,0x00000002,SkillLineAbility Spell 31848 (Skill 267)
0,14755,1,0x00000002,SkillLineAbility Spell 31849 (Skill 267)
0,14758,1,0x00000002,SkillLineAbility Spell 31844 (Skill 267)
0,14759,1,0x00000002,SkillLineAbility Spell 31845 (Skill 267)
0,14780,1,0x00000002,SkillLineAbility Spell 31935 (Skill 267)
0,14910,1,0x00000002,SkillLineAbility Spell 32699 (Skill 267)
0,14911,1,0x00000002,SkillLineAbility Spell 32700 (Skill 267)
0,15052,1,0x00000002,SkillLineAbility Spell 33776 (Skill 267)
0,16763,1,0x00000002,SkillLineAbility Spell 48941 (Skill 267)
0,16764,1,0x00000002,SkillLineAbility Spell 48942 (Skill 267)
0,16765,1,0x00000002,SkillLineAbility Spell 48943 (Skill 267)
0,16767,1,0x00000002,SkillLineAbility Spell 48945 (Skill 267)
0,16769,1,0x00000002,SkillLineAbility Spell 48947 (Skill 267)
0,16772,1,0x00000002,SkillLineAbility Spell 48951 (Skill 267)
0,16773,1,0x00000002,SkillLineAbility Spell 48952 (Skill 267)
0,17585,1,0x00000002,SkillLineAbility Spell 48826 (Skill 267)
0,17586,1,0x00000002,SkillLineAbility Spell 48827 (Skill 267)
0,18176,1,0x00000002,SkillLineAbility Spell 53519 (Skill 267)
0,18186,1,0x00000002,SkillLineAbility Spell 20262 (Skill 267)
0,18187,1,0x00000002,SkillLineAbility Spell 20263 (Skill 267)
0,18188,1,0x00000002,SkillLineAbility Spell 20264 (Skill 267)
0,18189,1,0x00000002,SkillLineAbility Spell 20265 (Skill 267)
0,18190,1,0x00000002,SkillLineAbility Spell 20266 (Skill 267)
0,18236,1,0x00000002,SkillLineAbility Spell 53583 (Skill 267)
0,18237,1,0x00000002,SkillLineAbility Spell 53585 (Skill 267)
0,18238,1,0x00000002,SkillLineAbility Spell 53590 (Skill 267)
0,18239,1,0x00000002,SkillLineAbility Spell 53591 (Skill 267)
0,18240,1,0x00000002,SkillLineAbility Spell 53592 (Skill 267)
0,18251,1,0x00000002,SkillLineAbility Spell 53595 (Skill 267)
0,18252,1,0x00000002,SkillLineAbility Spell 53600 (Skill 267)
0,18294,1,0x00000002,SkillLineAbility Spell 53695 (Skill 267)
0,18295,1,0x00000002,SkillLineAbility Spell 53696 (Skill 267)
0,18296,1,0x00000002,SkillLineAbility Spell 53709 (Skill 267)
0,18297,1,0x00000002,SkillLineAbility Spell 53710 (Skill 267)
0,18298,1,0x00000002,SkillLineAbility Spell 53711 (Skill 267)
0,20721,1,0x00000002,SkillLineAbility Spell 61411 (Skill 267)
0,20743,1,0x00000002,SkillLineAbility Spell 62124 (Skill 267)
0,20851,1,0x00000002,SkillLineAbility Spell 63646 (Skill 267)
0,20852,1,0x00000002,SkillLineAbility Spell 63647 (Skill 267)
0,20853,1,0x00000002,SkillLineAbility Spell 63648 (Skill 267)
0,20854,1,0x00000002,SkillLineAbility Spell 63649 (Skill 267)
0,20855,1,0x00000002,SkillLineAbility Spell 63650 (Skill 267)
0,20923,1,0x00000002,SkillLineAbility Spell 64205 (Skill 267)
0,21002,1,0x00000002,SkillLineAbility Spell 53527 (Skill 267)
0,21003,1,0x00000002,SkillLineAbility Spell 53530 (Skill 267)
0,4141,1,0x00000023,SkillLineAbility Spell 750 (Skill 293)
0,4246,0,0x00000040,SkillLineAbility Spell 7340 (Skill 313)
0,4247,0,0x00000080,SkillLineAbility Spell 7341 (Skill 315)
0,4326,1,0x00000100,SkillLineAbility Spell 1098 (Skill 354)
0,4327,1,0x00000100,SkillLineAbility Spell 706 (Skill 354)
0,4328,1,0x00000100,SkillLineAbility Spell 1086 (Skill 354)
0,4329,1,0x00000100,SkillLineAbility Spell 5697 (Skill 354)
0,4330,1,0x00000100,SkillLineAbility Spell 687 (Skill 354)
0,4331,1,0x00000100,SkillLineAbility Spell 696 (Skill 354)
0,4332,1,0x00000100,SkillLineAbility Spell 5500 (Skill 354)
0,6165,1,0x00000100,SkillLineAbility Spell 11733 (Skill 354)
0,6166,1,0x00000100,SkillLineAbility Spell 11734 (Skill 354)
0,6167,1,0x00000100,SkillLineAbility Spell 11735 (Skill 354)
0,6168,1,0x00000100,SkillLineAbility Spell 11725 (Skill 354)
0,6169,1,0x00000100,SkillLineAbility Spell 11726 (Skill 354)
0,6391,1,0x00000100,SkillLineAbility Spell 688 (Skill 354)
0,6392,1,0x00000100,SkillLineAbility Spell 5784 (Skill 354)
0,6393,1,0x00000100,SkillLineAbility Spell 712 (Skill 354)
0,6394,1,0x00000100,SkillLineAbility Spell 697 (Skill 354)
0,6395,1,0x00000100,SkillLineAbility Spell 693 (Skill 354)
0,6396,1,0x00000100,SkillLineAbility Spell 6201 (Skill 354)
0,6397,1,0x00000100,SkillLineAbility Spell 6202 (Skill 354)
0,6398,1,0x00000100,SkillLineAbility Spell 5699 (Skill 354)
0,6399,1,0x00000100,SkillLineAbility Spell 11729 (Skill 354)
0,6400,1,0x00000100,SkillLineAbility Spell 11730 (Skill 354)
0,6401,1,0x00000100,SkillLineAbility Spell 755 (Skill 354)
0,6402,1,0x00000100,SkillLineAbility Spell 3698 (Skill 354)
0,6403,1,0x00000100,SkillLineAbility Spell 3699 (Skill 354)
0,6404,1,0x00000100,SkillLineAbility Spell 3700 (Skill 354)
0,6405,1,0x00000100,SkillLineAbility Spell 11693 (Skill 354)
0,6406,1,0x00000100,SkillLineAbility Spell 11694 (Skill 354)
0,6407,1,0x00000100,SkillLineAbility Spell 11695 (Skill 354)
0,6460,1,0x00000100,SkillLineAbility Spell 6229 (Skill 354)
0,6461,1,0x00000100,SkillLineAbility Spell 11739 (Skill 354)
0,6462,1,0x00000100,SkillLineAbility Spell 11740 (Skill 354)
0,6464,1,0x00000100,SkillLineAbility Spell 132 (Skill 354)
0,6467,1,0x00000100,SkillLineAbility Spell 698 (Skill 354)
0,6468,1,0x00000100,SkillLineAbility Spell 126 (Skill 354)
0,9996,1,0x00000100,SkillLineAbility Spell 2362 (Skill 354)
0,10018,1,0x00000100,SkillLineAbility Spell 17727 (Skill 354)
0,10019,1,0x00000100,SkillLineAbility Spell 17728 (Skill 354)
0,10077,1,0x00000100,SkillLineAbility Spell 6366 (Skill 354)
0,10107,1,0x00000100,SkillLineAbility Spell 17951 (Skill 354)
0,10108,1,0x00000100,SkillLineAbility Spell 17952 (Skill 354)
0,10109,1,0x00000100,SkillLineAbility Spell 17953 (Skill 354)
0,10336,1,0x00000100,SkillLineAbility Spell 1122 (Skill 354)
0,10477,1,0x00000100,SkillLineAbility Spell 18540 (Skill 354)
0,10478,1,0x00000100,SkillLineAbility Spell 18541 (Skill 354)
0,10497,1,0x00000100,SkillLineAbility Spell 710 (Skill 354)
0,10498,1,0x00000100,SkillLineAbility Spell 18647 (Skill 354)
0,10622,1,0x00000100,SkillLineAbility Spell 18822 (Skill 354)
0,11032,1,0x00000100,SkillLineAbility Spell 691 (Skill 354)
0,11789,1,0x00000100,SkillLineAbility Spell 20752 (Skill 354)
0,11790,1,0x00000100,SkillLineAbility Spell 20755 (Skill 354)
0,11791,1,0x00000100,SkillLineAbility Spell 20756 (Skill 354)
0,11792,1,0x00000100,SkillLineAbility Spell 20757 (Skill 354)
0,12517,1,0x00000100,SkillLineAbility Spell 23161 (Skill 354)
0,12736,1,0x00000100,SkillLineAbility Spell 23762 (Skill 354)
0,12737,1,0x00000100,SkillLineAbility Spell 23837 (Skill 354)
0,12738,1,0x00000100,SkillLineAbility Spell 23838 (Skill 354)
0,12739,1,0x00000100,SkillLineAbility Spell 23839 (Skill 354)
0,12740,1,0x00000100,SkillLineAbility Spell 23840 (Skill 354)
0,12741,1,0x00000100,SkillLineAbility Spell 23759 (Skill 354)
0,12742,1,0x00000100,SkillLineAbility Spell 23826 (Skill 354)
0,12743,1,0x00000100,SkillLineAbility Spell 23827 (Skill 354)
0,12744,1,0x00000100,SkillLineAbility Spell 23828 (Skill 354)
0,12745,1,0x00000100,SkillLineAbility Spell 23829 (Skill 354)
0,12746,1,0x00000100,SkillLineAbility Spell 23761 (Skill 354)
0,12747,1,0x00000100,SkillLineAbility Spell 23833 (Skill 354)
0,12748,1,0x00000100,SkillLineAbility Spell 23834 (Skill 354)
0,12749,1,0x00000100,SkillLineAbility Spell 23835 (Skill 354)
0,12750,1,0x00000100,SkillLineAbility Spell 23836 (Skill 354)
0,12751,1,0x00000100,SkillLineAbility Spell 23760 (Skill 354)
0,12752,1,0x00000100,SkillLineAbility Spell 23841 (Skill 354)
0,12753,1,0x00000100,SkillLineAbility Spell 23842 (Skill 354)
0,12754,1,0x00000100,SkillLineAbility Spell 23843 (Skill 354)
0,12755,1,0x00000100,SkillLineAbility Spell 23844 (Skill 354)
0,12756,1,0x00000100,SkillLineAbility Spell 23785 (Skill 354)
0,12757,1,0x00000100,SkillLineAbility Spell 23822 (Skill 354)
0,12758,1,0x00000100,SkillLineAbility Spell 23823 (Skill 354)
0,12759,1,0x00000100,SkillLineAbility Spell 23824 (Skill 354)
0,12760,1,0x00000100,SkillLineAbility Spell 23825 (Skill 354)
0,13735,1,0x00000100,SkillLineAbility Spell 27259 (Skill 354)
0,13746,1,0x00000100,SkillLineAbility Spell 27230 (Skill 354)
0,13747,1,0x00000100,SkillLineAbility Spell 27238 (Skill 354)
0,13749,1,0x00000100,SkillLineAbility Spell 27250 (Skill 354)
0,13750,1,0x00000100,SkillLineAbility Spell 27260 (Skill 354)
0,13906,1,0x00000100,SkillLineAbility Spell 28172 (Skill 354)
0,13907,1,0x00000100,SkillLineAbility Spell 28176 (Skill 354)
0,13908,1,0x00000100,SkillLineAbility Spell 28189 (Skill 354)
0,14005,1,0x00000100,SkillLineAbility Spell 28610 (Skill 354)
0,14249,1,0x00000100,SkillLineAbility Spell 29858 (Skill 354)
0,14297,1,0x00000100,SkillLineAbility Spell 30143 (Skill 354)
0,14298,1,0x00000100,SkillLineAbility Spell 30144 (Skill 354)
0,14299,1,0x00000100,SkillLineAbility Spell 30145 (Skill 354)
0,14306,1,0x00000100,SkillLineAbility Spell 30146 (Skill 354)
0,14317,1,0x00000100,SkillLineAbility Spell 30242 (Skill 354)
0,14318,1,0x00000100,SkillLineAbility Spell 30245 (Skill 354)
0,14319,1,0x00000100,SkillLineAbility Spell 30246 (Skill 354)
0,14320,1,0x00000100,SkillLineAbility Spell 30247 (Skill 354)
0,14321,1,0x00000100,SkillLineAbility Spell 30248 (Skill 354)
0,14339,1,0x00000100,SkillLineAbility Spell 30319 (Skill 354)
0,14340,1,0x00000100,SkillLineAbility Spell 30320 (Skill 354)
0,14341,1,0x00000100,SkillLineAbility Spell 30321 (Skill 354)
0,14344,1,0x00000100,SkillLineAbility Spell 30326 (Skill 354)
0,14812,1,0x00000100,SkillLineAbility Spell 29893 (Skill 354)
0,14813,1,0x00000100,SkillLineAbility Spell 29886 (Skill 354)
0,15575,1,0x00000100,SkillLineAbility Spell 35691 (Skill 354)
0,15576,1,0x00000100,SkillLineAbility Spell 35692 (Skill 354)
0,15577,1,0x00000100,SkillLineAbility Spell 35693 (Skill 354)
0,15601,1,0x00000100,SkillLineAbility Spell 35702 (Skill 354)
0,15602,1,0x00000100,SkillLineAbility Spell 35703 (Skill 354)
0,15603,1,0x00000100,SkillLineAbility Spell 35704 (Skill 354)
0,15604,1,0x00000100,SkillLineAbility Spell 35705 (Skill 354)
0,15605,1,0x00000100,SkillLineAbility Spell 35706 (Skill 354)
0,16467,1,0x00000100,SkillLineAbility Spell 47856 (Skill 354)
0,16479,1,0x00000100,SkillLineAbility Spell 47871 (Skill 354)
0,16480,1,0x00000100,SkillLineAbility Spell 47878 (Skill 354)
0,16481,1,0x00000100,SkillLineAbility Spell 47884 (Skill 354)
0,16482,1,0x00000100,SkillLineAbility Spell 47886 (Skill 354)
0,16483,1,0x00000100,SkillLineAbility Spell 47888 (Skill 354)
0,16484,1,0x00000100,SkillLineAbility Spell 47793 (Skill 354)
0,16485,1,0x00000100,SkillLineAbility Spell 47889 (Skill 354)
0,16486,1,0x00000100,SkillLineAbility Spell 47890 (Skill 354)
0,16487,1,0x00000100,SkillLineAbility Spell 47891 (Skill 354)
0,16488,1,0x00000100,SkillLineAbility Spell 47892 (Skill 354)
0,16489,1,0x00000100,SkillLineAbility Spell 47893 (Skill 354)
0,16514,1,0x00000100,SkillLineAbility Spell 48018 (Skill 354)
0,16515,1,0x00000100,SkillLineAbility Spell 48020 (Skill 354)
0,20108,1,0x00000100,SkillLineAbility Spell 58889 (Skill 354)
0,20109,1,0x00000100,SkillLineAbility Spell 58887 (Skill 354)
0,20464,1,0x00000100,SkillLineAbility Spell 61191 (Skill 354)
0,20658,1,0x00000100,SkillLineAbility Spell 61610 (Skill 354)
0,20813,1,0x00000100,SkillLineAbility Spell 63156 (Skill 354)
0,20814,1,0x00000100,SkillLineAbility Spell 63158 (Skill 354)
0,4333,1,0x00000100,SkillLineAbility Spell 1490 (Skill 355)
0,4334,1,0x00000100,SkillLineAbility Spell 980 (Skill 355)
0,4336,1,0x00000100,SkillLineAbility Spell 6217 (Skill 355)
0,4340,1,0x00000100,SkillLineAbility Spell 702 (Skill 355)
0,4341,1,0x00000100,SkillLineAbility Spell 1108 (Skill 355)
0,4342,1,0x00000100,SkillLineAbility Spell 6205 (Skill 355)
0,4343,1,0x00000100,SkillLineAbility Spell 7646 (Skill 355)
0,4410,1,0x00000100,SkillLineAbility Spell 1714 (Skill 355)
0,6156,1,0x00000100,SkillLineAbility Spell 11707 (Skill 355)
0,6157,1,0x00000100,SkillLineAbility Spell 11708 (Skill 355)
0,6159,1,0x00000100,SkillLineAbility Spell 11711 (Skill 355)
0,6160,1,0x00000100,SkillLineAbility Spell 11712 (Skill 355)
0,6161,1,0x00000100,SkillLineAbility Spell 11713 (Skill 355)
0,6162,1,0x00000100,SkillLineAbility Spell 11721 (Skill 355)
0,6163,1,0x00000100,SkillLineAbility Spell 11722 (Skill 355)
0,6164,1,0x00000100,SkillLineAbility Spell 11719 (Skill 355)
0,6451,1,0x00000100,SkillLineAbility Spell 5782 (Skill 355)
0,6452,1,0x00000100,SkillLineAbility Spell 6213 (Skill 355)
0,6453,1,0x00000100,SkillLineAbility Spell 6215 (Skill 355)
0,6454,1,0x00000100,SkillLineAbility Spell 1454 (Skill 355)
0,10057,1,0x00000100,SkillLineAbility Spell 6789 (Skill 355)
0,10076,1,0x00000100,SkillLineAbility Spell 5484 (Skill 355)
0,10100,1,0x00000100,SkillLineAbility Spell 17928 (Skill 355)
0,10116,1,0x00000100,SkillLineAbility Spell 1010 (Skill 355)
0,10144,1,0x00000100,SkillLineAbility Spell 172 (Skill 355)
0,10145,1,0x00000100,SkillLineAbility Spell 6222 (Skill 355)
0,10146,1,0x00000100,SkillLineAbility Spell 6223 (Skill 355)
0,10147,1,0x00000100,SkillLineAbility Spell 7648 (Skill 355)
0,10148,1,0x00000100,SkillLineAbility Spell 11671 (Skill 355)
0,10149,1,0x00000100,SkillLineAbility Spell 11672 (Skill 355)
0,10150,1,0x00000100,SkillLineAbility Spell 689 (Skill 355)
0,10151,1,0x00000100,SkillLineAbility Spell 699 (Skill 355)
0,10152,1,0x00000100,SkillLineAbility Spell 709 (Skill 355)
0,10153,1,0x00000100,SkillLineAbility Spell 7651 (Skill 355)
0,10154,1,0x00000100,SkillLineAbility Spell 11699 (Skill 355)
0,10155,1,0x00000100,SkillLineAbility Spell 11700 (Skill 355)
0,10156,1,0x00000100,SkillLineAbility Spell 5138 (Skill 355)
0,10160,1,0x00000100,SkillLineAbility Spell 1120 (Skill 355)
0,10161,1,0x00000100,SkillLineAbility Spell 8288 (Skill 355)
0,10162,1,0x00000100,SkillLineAbility Spell 8289 (Skill 355)
0,10163,1,0x00000100,SkillLineAbility Spell 11675 (Skill 355)
0,10203,1,0x00000100,SkillLineAbility Spell 17925 (Skill 355)
0,10204,1,0x00000100,SkillLineAbility Spell 17926 (Skill 355)
0,10205,1,0x00000100,SkillLineAbility Spell 603 (Skill 355)
0,10238,1,0x00000100,SkillLineAbility Spell 18220 (Skill 355)
0,10679,1,0x00000100,SkillLineAbility Spell 18662 (Skill 355)
0,10683,1,0x00000100,SkillLineAbility Spell 18937 (Skill 355)
0,10684,1,0x00000100,SkillLineAbility Spell 18938 (Skill 355)
0,13249,1,0x00000100,SkillLineAbility Spell 25311 (Skill 355)
0,13557,1,0x00000100,SkillLineAbility Spell 27243 (Skill 355)
0,13725,1,0x00000100,SkillLineAbility Spell 27216 (Skill 355)
0,13734,1,0x00000100,SkillLineAbility Spell 27217 (Skill 355)
0,13736,1,0x00000100,SkillLineAbility Spell 27219 (Skill 355)
0,13737,1,0x00000100,SkillLineAbility Spell 27220 (Skill 355)
0,13739,1,0x00000100,SkillLineAbility Spell 27223 (Skill 355)
0,13741,1,0x00000100,SkillLineAbility Spell 27224 (Skill 355)
0,13742,1,0x00000100,SkillLineAbility Spell 27218 (Skill 355)
0,13744,1,0x00000100,SkillLineAbility Spell 27228 (Skill 355)
0,13752,1,0x00000100,SkillLineAbility Spell 27265 (Skill 355)
0,14284,1,0x00000100,SkillLineAbility Spell 30054 (Skill 355)
0,14285,1,0x00000100,SkillLineAbility Spell 30057 (Skill 355)
0,14286,1,0x00000100,SkillLineAbility Spell 30060 (Skill 355)
0,14287,1,0x00000100,SkillLineAbility Spell 30061 (Skill 355)
0,14288,1,0x00000100,SkillLineAbility Spell 30062 (Skill 355)
0,14289,1,0x00000100,SkillLineAbility Spell 30063 (Skill 355)
0,14290,1,0x00000100,SkillLineAbility Spell 30064 (Skill 355)
0,14296,1,0x00000100,SkillLineAbility Spell 30108 (Skill 355)
0,14809,1,0x00000100,SkillLineAbility Spell 27285 (Skill 355)
0,14825,1,0x00000100,SkillLineAbility Spell 32385 (Skill 355)
0,14826,1,0x00000100,SkillLineAbility Spell 32387 (Skill 355)
0,14827,1,0x00000100,SkillLineAbility Spell 32392 (Skill 355)
0,14829,1,0x00000100,SkillLineAbility Spell 32393 (Skill 355)
0,14830,1,0x00000100,SkillLineAbility Spell 32394 (Skill 355)
0,14831,1,0x00000100,SkillLineAbility Spell 32386 (Skill 355)
0,14832,1,0x00000100,SkillLineAbility Spell 32388 (Skill 355)
0,14833,1,0x00000100,SkillLineAbility Spell 32389 (Skill 355)
0,14834,1,0x00000100,SkillLineAbility Spell 32390 (Skill 355)
0,14835,1,0x00000100,SkillLineAbility Spell 32391 (Skill 355)
0,14836,1,0x00000100,SkillLineAbility Spell 32381 (Skill 355)
0,14837,1,0x00000100,SkillLineAbility Spell 32382 (Skill 355)
0,14838,1,0x00000100,SkillLineAbility Spell 32383 (Skill 355)
0,14840,1,0x00000100,SkillLineAbility Spell 30404 (Skill 355)
0,14841,1,0x00000100,SkillLineAbility Spell 30405 (Skill 355)
0,14842,1,0x00000100,SkillLineAbility Spell 31117 (Skill 355)
0,14846,1,0x00000100,SkillLineAbility Spell 32477 (Skill 355)
0,14847,1,0x00000100,SkillLineAbility Spell 32483 (Skill 355)
0,14848,1,0x00000100,SkillLineAbility Spell 32484 (Skill 355)
0,15520,1,0x00000100,SkillLineAbility Spell 30909 (Skill 355)
0,15648,1,0x00000100,SkillLineAbility Spell 30910 (Skill 355)
0,16367,1,0x00000100,SkillLineAbility Spell 1455 (Skill 355)
0,16368,1,0x00000100,SkillLineAbility Spell 1456 (Skill 355)
0,16388,1,0x00000100,SkillLineAbility Spell 11687 (Skill 355)
0,16389,1,0x00000100,SkillLineAbility Spell 11688 (Skill 355)
0,16390,1,0x00000100,SkillLineAbility Spell 11689 (Skill 355)
0,16391,1,0x00000100,SkillLineAbility Spell 27222 (Skill 355)
0,16440,1,0x00000100,SkillLineAbility Spell 47812 (Skill 355)
0,16441,1,0x00000100,SkillLineAbility Spell 47813 (Skill 355)
0,16456,1,0x00000100,SkillLineAbility Spell 47835 (Skill 355)
0,16457,1,0x00000100,SkillLineAbility Spell 47836 (Skill 355)
0,16458,1,0x00000100,SkillLineAbility Spell 47833 (Skill 355)
0,16459,1,0x00000100,SkillLineAbility Spell 47834 (Skill 355)
0,16462,1,0x00000100,SkillLineAbility Spell 47841 (Skill 355)
0,16463,1,0x00000100,SkillLineAbility Spell 47843 (Skill 355)
0,16466,1,0x00000100,SkillLineAbility Spell 47855 (Skill 355)
0,16468,1,0x00000100,SkillLineAbility Spell 47857 (Skill 355)
0,16470,1,0x00000100,SkillLineAbility Spell 47859 (Skill 355)
0,16471,1,0x00000100,SkillLineAbility Spell 47860 (Skill 355)
0,16474,1,0x00000100,SkillLineAbility Spell 47863 (Skill 355)
0,16475,1,0x00000100,SkillLineAbility Spell 47864 (Skill 355)
0,16476,1,0x00000100,SkillLineAbility Spell 47865 (Skill 355)
0,16478,1,0x00000100,SkillLineAbility Spell 47867 (Skill 355)
0,16604,1,0x00000100,SkillLineAbility Spell 48181 (Skill 355)
0,16613,1,0x00000100,SkillLineAbility Spell 47206 (Skill 355)
0,18320,1,0x00000100,SkillLineAbility Spell 50511 (Skill 355)
0,19964,1,0x00000100,SkillLineAbility Spell 57946 (Skill 355)
0,20002,1,0x00000100,SkillLineAbility Spell 58435 (Skill 355)
0,20135,1,0x00000100,SkillLineAbility Spell 59161 (Skill 355)
0,20136,1,0x00000100,SkillLineAbility Spell 59163 (Skill 355)
0,20137,1,0x00000100,SkillLineAbility Spell 59164 (Skill 355)
0,20138,1,0x00000100,SkillLineAbility Spell 59092 (Skill 355)
0,20809,1,0x00000100,SkillLineAbility Spell 63108 (Skill 355)
0,4480,1,0x00000040,SkillLineAbility Spell 6495 (Skill 373)
0,4499,1,0x00000040,SkillLineAbility Spell 324 (Skill 373)
0,4500,1,0x00000040,SkillLineAbility Spell 325 (Skill 373)
0,4501,1,0x00000040,SkillLineAbility Spell 905 (Skill 373)
0,4502,1,0x00000040,SkillLineAbility Spell 945 (Skill 373)
0,4532,1,0x00000040,SkillLineAbility Spell 8134 (Skill 373)
0,4572,1,0x00000040,SkillLineAbility Spell 8232 (Skill 373)
0,4573,1,0x00000040,SkillLineAbility Spell 8235 (Skill 373)
0,4725,1,0x00000040,SkillLineAbility Spell 8512 (Skill 373)
0,5588,1,0x00000040,SkillLineAbility Spell 10431 (Skill 373)
0,5589,1,0x00000040,SkillLineAbility Spell 10432 (Skill 373)
0,5636,1,0x00000040,SkillLineAbility Spell 8177 (Skill 373)
0,5639,1,0x00000040,SkillLineAbility Spell 10595 (Skill 373)
0,5640,1,0x00000040,SkillLineAbility Spell 10600 (Skill 373)
0,5641,1,0x00000040,SkillLineAbility Spell 10601 (Skill 373)
0,8700,1,0x00000040,SkillLineAbility Spell 2645 (Skill 373)
0,8701,1,0x00000040,SkillLineAbility Spell 6196 (Skill 373)
0,8702,1,0x00000040,SkillLineAbility Spell 556 (Skill 373)
0,8747,1,0x00000040,SkillLineAbility Spell 8017 (Skill 373)
0,8748,1,0x00000040,SkillLineAbility Spell 8018 (Skill 373)
0,8749,1,0x00000040,SkillLineAbility Spell 8019 (Skill 373)
0,8750,1,0x00000040,SkillLineAbility Spell 10399 (Skill 373)
0,8756,1,0x00000040,SkillLineAbility Spell 8181 (Skill 373)
0,8757,1,0x00000040,SkillLineAbility Spell 10478 (Skill 373)
0,8758,1,0x00000040,SkillLineAbility Spell 10479 (Skill 373)
0,8759,1,0x00000040,SkillLineAbility Spell 8227 (Skill 373)
0,8760,1,0x00000040,SkillLineAbility Spell 8249 (Skill 373)
0,8761,1,0x00000040,SkillLineAbility Spell 8024 (Skill 373)
0,8762,1,0x00000040,SkillLineAbility Spell 8027 (Skill 373)
0,8763,1,0x00000040,SkillLineAbility Spell 8030 (Skill 373)
0,8764,1,0x00000040,SkillLineAbility Spell 8071 (Skill 373)
0,8765,1,0x00000040,SkillLineAbility Spell 8154 (Skill 373)
0,8766,1,0x00000040,SkillLineAbility Spell 8155 (Skill 373)
0,8767,1,0x00000040,SkillLineAbility Spell 10406 (Skill 373)
0,8769,1,0x00000040,SkillLineAbility Spell 10407 (Skill 373)
0,8770,1,0x00000040,SkillLineAbility Spell 10408 (Skill 373)
0,8771,1,0x00000040,SkillLineAbility Spell 8075 (Skill 373)
0,8772,1,0x00000040,SkillLineAbility Spell 8160 (Skill 373)
0,8773,1,0x00000040,SkillLineAbility Spell 8161 (Skill 373)
0,8774,1,0x00000040,SkillLineAbility Spell 10442 (Skill 373)
0,8775,1,0x00000040,SkillLineAbility Spell 8033 (Skill 373)
0,8776,1,0x00000040,SkillLineAbility Spell 8038 (Skill 373)
0,8777,1,0x00000040,SkillLineAbility Spell 10456 (Skill 373)
0,8778,1,0x00000040,SkillLineAbility Spell 8184 (Skill 373)
0,8779,1,0x00000040,SkillLineAbility Spell 10537 (Skill 373)
0,8780,1,0x00000040,SkillLineAbility Spell 10538 (Skill 373)
0,8781,1,0x00000040,SkillLineAbility Spell 131 (Skill 373)
0,8967,1,0x00000040,SkillLineAbility Spell 16266 (Skill 373)
0,8975,1,0x00000040,SkillLineAbility Spell 16268 (Skill 373)
0,8990,1,0x00000040,SkillLineAbility Spell 16339 (Skill 373)
0,8991,1,0x00000040,SkillLineAbility Spell 16341 (Skill 373)
0,8992,1,0x00000040,SkillLineAbility Spell 16342 (Skill 373)
0,8993,1,0x00000040,SkillLineAbility Spell 16355 (Skill 373)
0,8994,1,0x00000040,SkillLineAbility Spell 16356 (Skill 373)
0,8995,1,0x00000040,SkillLineAbility Spell 10486 (Skill 373)
0,8996,1,0x00000040,SkillLineAbility Spell 16362 (Skill 373)
0,9016,1,0x00000040,SkillLineAbility Spell 10526 (Skill 373)
0,9017,1,0x00000040,SkillLineAbility Spell 16387 (Skill 373)
0,9565,1,0x00000040,SkillLineAbility Spell 546 (Skill 373)
0,9860,1,0x00000040,SkillLineAbility Spell 17364 (Skill 373)
0,13151,0,0x000000A2,SkillLineAbility Spell 2825 (Skill 373)
0,13151,1,0x00000040,SkillLineAbility Spell 2825 (Skill 373)
0,13193,1,0x00000040,SkillLineAbility Spell 3738 (Skill 373)
0,13227,1,0x00000040,SkillLineAbility Spell 25361 (Skill 373)
0,13284,1,0x00000040,SkillLineAbility Spell 25469 (Skill 373)
0,13285,1,0x00000040,SkillLineAbility Spell 25472 (Skill 373)
0,13289,1,0x00000040,SkillLineAbility Spell 25489 (Skill 373)
0,13294,1,0x00000040,SkillLineAbility Spell 25500 (Skill 373)
0,13295,1,0x00000040,SkillLineAbility Spell 25508 (Skill 373)
0,13297,1,0x00000040,SkillLineAbility Spell 25509 (Skill 373)
0,13299,1,0x00000040,SkillLineAbility Spell 25528 (Skill 373)
0,13309,1,0x00000040,SkillLineAbility Spell 25557 (Skill 373)
0,13311,1,0x00000040,SkillLineAbility Spell 25560 (Skill 373)
0,13312,1,0x00000040,SkillLineAbility Spell 25563 (Skill 373)
0,13315,1,0x00000040,SkillLineAbility Spell 25574 (Skill 373)
0,14078,1,0x00000040,SkillLineAbility Spell 29079 (Skill 373)
0,14079,1,0x00000040,SkillLineAbility Spell 29080 (Skill 373)
0,14080,1,0x00000040,SkillLineAbility Spell 29082 (Skill 373)
0,14081,1,0x00000040,SkillLineAbility Spell 29084 (Skill 373)
0,14082,1,0x00000040,SkillLineAbility Spell 29086 (Skill 373)
0,14104,1,0x00000040,SkillLineAbility Spell 29192 (Skill 373)
0,14105,1,0x00000040,SkillLineAbility Spell 29193 (Skill 373)
0,14126,1,0x00000040,SkillLineAbility Spell 26372 (Skill 373)
0,14436,1,0x00000040,SkillLineAbility Spell 30802 (Skill 373)
0,14437,1,0x00000040,SkillLineAbility Spell 30808 (Skill 373)
0,14438,1,0x00000040,SkillLineAbility Spell 30809 (Skill 373)
0,14439,1,0x00000040,SkillLineAbility Spell 30810 (Skill 373)
0,14440,1,0x00000040,SkillLineAbility Spell 30811 (Skill 373)
0,14441,1,0x00000040,SkillLineAbility Spell 30803 (Skill 373)
0,14442,1,0x00000040,SkillLineAbility Spell 30804 (Skill 373)
0,14443,1,0x00000040,SkillLineAbility Spell 30805 (Skill 373)
0,14444,1,0x00000040,SkillLineAbility Spell 30806 (Skill 373)
0,14445,1,0x00000040,SkillLineAbility Spell 30807 (Skill 373)
0,14446,1,0x00000040,SkillLineAbility Spell 30798 (Skill 373)
0,14447,1,0x00000040,SkillLineAbility Spell 30812 (Skill 373)
0,14448,1,0x00000040,SkillLineAbility Spell 30813 (Skill 373)
0,14449,1,0x00000040,SkillLineAbility Spell 30814 (Skill 373)
0,14450,1,0x00000040,SkillLineAbility Spell 30816 (Skill 373)
0,14451,1,0x00000040,SkillLineAbility Spell 30818 (Skill 373)
0,14452,1,0x00000040,SkillLineAbility Spell 30819 (Skill 373)
0,14455,1,0x00000040,SkillLineAbility Spell 30823 (Skill 373)
0,14456,1,0x00000040,SkillLineAbility Spell 30824 (Skill 373)
0,14793,1,0x00000040,SkillLineAbility Spell 32175 (Skill 373)
0,14794,1,0x00000040,SkillLineAbility Spell 32176 (Skill 373)
0,14795,0,0x00000400,SkillLineAbility Spell 32182 (Skill 373)
0,14795,1,0x00000040,SkillLineAbility Spell 32182 (Skill 373)
0,15347,1,0x00000040,SkillLineAbility Spell 2062 (Skill 373)
0,15639,1,0x00000040,SkillLineAbility Spell 25505 (Skill 373)
0,15700,1,0x00000040,SkillLineAbility Spell 36591 (Skill 373)
0,15972,1,0x00000040,SkillLineAbility Spell 43338 (Skill 373)
0,15973,1,0x00000040,SkillLineAbility Spell 43339 (Skill 373)
0,16988,1,0x00000040,SkillLineAbility Spell 49280 (Skill 373)
0,16989,1,0x00000040,SkillLineAbility Spell 49278 (Skill 373)
0,16990,1,0x00000040,SkillLineAbility Spell 49281 (Skill 373)
0,16991,1,0x00000040,SkillLineAbility Spell 49279 (Skill 373)
0,19765,1,0x00000040,SkillLineAbility Spell 57622 (Skill 373)
0,20063,1,0x00000040,SkillLineAbility Spell 58737 (Skill 373)
0,20064,1,0x00000040,SkillLineAbility Spell 58739 (Skill 373)
0,20065,1,0x00000040,SkillLineAbility Spell 58649 (Skill 373)
0,20066,1,0x00000040,SkillLineAbility Spell 58652 (Skill 373)
0,20067,1,0x00000040,SkillLineAbility Spell 58656 (Skill 373)
0,20068,1,0x00000040,SkillLineAbility Spell 58741 (Skill 373)
0,20069,1,0x00000040,SkillLineAbility Spell 58745 (Skill 373)
0,20070,1,0x00000040,SkillLineAbility Spell 58751 (Skill 373)
0,20072,1,0x00000040,SkillLineAbility Spell 58643 (Skill 373)
0,20079,1,0x00000040,SkillLineAbility Spell 58801 (Skill 373)
0,20080,1,0x00000040,SkillLineAbility Spell 58803 (Skill 373)
0,20081,1,0x00000040,SkillLineAbility Spell 58804 (Skill 373)
0,20082,1,0x00000040,SkillLineAbility Spell 58785 (Skill 373)
0,20084,1,0x00000040,SkillLineAbility Spell 58790 (Skill 373)
0,20085,1,0x00000040,SkillLineAbility Spell 58794 (Skill 373)
0,20086,1,0x00000040,SkillLineAbility Spell 58795 (Skill 373)
0,20087,1,0x00000040,SkillLineAbility Spell 58796 (Skill 373)
0,20248,1,0x00000040,SkillLineAbility Spell 60103 (Skill 373)
0,20288,1,0x00000040,SkillLineAbility Spell 60348 (Skill 373)
0,4486,1,0x00000040,SkillLineAbility Spell 939 (Skill 374)
0,4487,1,0x00000040,SkillLineAbility Spell 959 (Skill 374)
0,4488,1,0x00000040,SkillLineAbility Spell 8005 (Skill 374)
0,4489,1,0x00000040,SkillLineAbility Spell 8004 (Skill 374)
0,4490,1,0x00000040,SkillLineAbility Spell 8008 (Skill 374)
0,4491,1,0x00000040,SkillLineAbility Spell 8010 (Skill 374)
0,4492,1,0x00000040,SkillLineAbility Spell 331 (Skill 374)
0,4493,1,0x00000040,SkillLineAbility Spell 332 (Skill 374)
0,4494,1,0x00000040,SkillLineAbility Spell 547 (Skill 374)
0,4495,1,0x00000040,SkillLineAbility Spell 913 (Skill 374)
0,4496,1,0x00000040,SkillLineAbility Spell 5394 (Skill 374)
0,4497,1,0x00000040,SkillLineAbility Spell 6375 (Skill 374)
0,4498,1,0x00000040,SkillLineAbility Spell 6377 (Skill 374)
0,4539,1,0x00000040,SkillLineAbility Spell 8170 (Skill 374)
0,4544,1,0x00000040,SkillLineAbility Spell 5675 (Skill 374)
0,5569,1,0x00000040,SkillLineAbility Spell 10395 (Skill 374)
0,5570,1,0x00000040,SkillLineAbility Spell 10396 (Skill 374)
0,5598,1,0x00000040,SkillLineAbility Spell 10462 (Skill 374)
0,5599,1,0x00000040,SkillLineAbility Spell 10463 (Skill 374)
0,5600,1,0x00000040,SkillLineAbility Spell 10466 (Skill 374)
0,5601,1,0x00000040,SkillLineAbility Spell 10467 (Skill 374)
0,5602,1,0x00000040,SkillLineAbility Spell 10468 (Skill 374)
0,5626,1,0x00000040,SkillLineAbility Spell 10495 (Skill 374)
0,5627,1,0x00000040,SkillLineAbility Spell 10496 (Skill 374)
0,5628,1,0x00000040,SkillLineAbility Spell 10497 (Skill 374)
0,5648,1,0x00000040,SkillLineAbility Spell 1064 (Skill 374)
0,5649,1,0x00000040,SkillLineAbility Spell 10622 (Skill 374)
0,5650,1,0x00000040,SkillLineAbility Spell 10623 (Skill 374)
0,8696,1,0x00000040,SkillLineAbility Spell 2008 (Skill 374)
0,8699,1,0x00000040,SkillLineAbility Spell 8143 (Skill 374)
0,8876,1,0x00000040,SkillLineAbility Spell 16176 (Skill 374)
0,8877,1,0x00000040,SkillLineAbility Spell 16235 (Skill 374)
0,8878,1,0x00000040,SkillLineAbility Spell 16240 (Skill 374)
0,8910,1,0x00000040,SkillLineAbility Spell 16190 (Skill 374)
0,11732,1,0x00000040,SkillLineAbility Spell 20608 (Skill 374)
0,11798,1,0x00000040,SkillLineAbility Spell 20609 (Skill 374)
0,11799,1,0x00000040,SkillLineAbility Spell 20610 (Skill 374)
0,11800,1,0x00000040,SkillLineAbility Spell 20776 (Skill 374)
0,11801,1,0x00000040,SkillLineAbility Spell 20777 (Skill 374)
0,11996,1,0x00000040,SkillLineAbility Spell 21169 (Skill 374)
0,13148,1,0x00000040,SkillLineAbility Spell 24398 (Skill 374)
0,13228,1,0x00000040,SkillLineAbility Spell 25357 (Skill 374)
0,13258,1,0x00000040,SkillLineAbility Spell 25391 (Skill 374)
0,13259,1,0x00000040,SkillLineAbility Spell 25396 (Skill 374)
0,13260,1,0x00000040,SkillLineAbility Spell 25420 (Skill 374)
0,13261,1,0x00000040,SkillLineAbility Spell 25422 (Skill 374)
0,13262,1,0x00000040,SkillLineAbility Spell 25423 (Skill 374)
0,13313,1,0x00000040,SkillLineAbility Spell 25567 (Skill 374)
0,13314,1,0x00000040,SkillLineAbility Spell 25570 (Skill 374)
0,14085,1,0x00000040,SkillLineAbility Spell 16177 (Skill 374)
0,14086,1,0x00000040,SkillLineAbility Spell 16236 (Skill 374)
0,14087,1,0x00000040,SkillLineAbility Spell 16237 (Skill 374)
0,14101,1,0x00000040,SkillLineAbility Spell 29187 (Skill 374)
0,14102,1,0x00000040,SkillLineAbility Spell 29189 (Skill 374)
0,14103,1,0x00000040,SkillLineAbility Spell 29191 (Skill 374)
0,14106,1,0x00000040,SkillLineAbility Spell 29206 (Skill 374)
0,14107,1,0x00000040,SkillLineAbility Spell 29205 (Skill 374)
0,14108,1,0x00000040,SkillLineAbility Spell 29202 (Skill 374)
0,14109,1,0x00000040,SkillLineAbility Spell 29203 (Skill 374)
0,14457,1,0x00000040,SkillLineAbility Spell 30874 (Skill 374)
0,14458,1,0x00000040,SkillLineAbility Spell 30872 (Skill 374)
0,14459,1,0x00000040,SkillLineAbility Spell 30873 (Skill 374)
0,14460,1,0x00000040,SkillLineAbility Spell 30867 (Skill 374)
0,14461,1,0x00000040,SkillLineAbility Spell 30868 (Skill 374)
0,14462,1,0x00000040,SkillLineAbility Spell 30869 (Skill 374)
0,14465,1,0x00000040,SkillLineAbility Spell 30864 (Skill 374)
0,14466,1,0x00000040,SkillLineAbility Spell 30865 (Skill 374)
0,14467,1,0x00000040,SkillLineAbility Spell 30866 (Skill 374)
0,14471,1,0x00000040,SkillLineAbility Spell 30881 (Skill 374)
0,14472,1,0x00000040,SkillLineAbility Spell 30883 (Skill 374)
0,14473,1,0x00000040,SkillLineAbility Spell 30884 (Skill 374)
0,14474,1,0x00000040,SkillLineAbility Spell 30885 (Skill 374)
0,14475,1,0x00000040,SkillLineAbility Spell 30886 (Skill 374)
0,14796,1,0x00000040,SkillLineAbility Spell 974 (Skill 374)
0,14797,1,0x00000040,SkillLineAbility Spell 379 (Skill 374)
0,14892,1,0x00000040,SkillLineAbility Spell 32593 (Skill 374)
0,14893,1,0x00000040,SkillLineAbility Spell 32594 (Skill 374)
0,15042,1,0x00000040,SkillLineAbility Spell 33736 (Skill 374)
0,15699,1,0x00000040,SkillLineAbility Spell 36936 (Skill 374)
0,16982,1,0x00000040,SkillLineAbility Spell 49272 (Skill 374)
0,16983,1,0x00000040,SkillLineAbility Spell 49273 (Skill 374)
0,16984,1,0x00000040,SkillLineAbility Spell 49275 (Skill 374)
0,16985,1,0x00000040,SkillLineAbility Spell 49276 (Skill 374)
0,16986,1,0x00000040,SkillLineAbility Spell 49277 (Skill 374)
0,16987,1,0x00000040,SkillLineAbility Spell 25590 (Skill 374)
0,16992,1,0x00000040,SkillLineAbility Spell 49283 (Skill 374)
0,16993,1,0x00000040,SkillLineAbility Spell 49284 (Skill 374)
0,17788,1,0x00000040,SkillLineAbility Spell 51886 (Skill 374)
0,19965,1,0x00000040,SkillLineAbility Spell 57960 (Skill 374)
0,20073,1,0x00000040,SkillLineAbility Spell 58755 (Skill 374)
0,20074,1,0x00000040,SkillLineAbility Spell 58756 (Skill 374)
0,20075,1,0x00000040,SkillLineAbility Spell 58757 (Skill 374)
0,20076,1,0x00000040,SkillLineAbility Spell 58771 (Skill 374)
0,20077,1,0x00000040,SkillLineAbility Spell 58773 (Skill 374)
0,20078,1,0x00000040,SkillLineAbility Spell 58774 (Skill 374)
0,20159,1,0x00000040,SkillLineAbility Spell 55458 (Skill 374)
0,20160,1,0x00000040,SkillLineAbility Spell 55459 (Skill 374)
0,4456,1,0x00000040,SkillLineAbility Spell 5730 (Skill 375)
0,4457,1,0x00000040,SkillLineAbility Spell 6390 (Skill 375)
0,4458,1,0x00000040,SkillLineAbility Spell 6391 (Skill 375)
0,4459,1,0x00000040,SkillLineAbility Spell 6392 (Skill 375)
0,4468,1,0x00000040,SkillLineAbility Spell 8042 (Skill 375)
0,4469,1,0x00000040,SkillLineAbility Spell 8044 (Skill 375)
0,4470,1,0x00000040,SkillLineAbility Spell 8045 (Skill 375)
0,4471,1,0x00000040,SkillLineAbility Spell 8046 (Skill 375)
0,4481,1,0x00000040,SkillLineAbility Spell 2484 (Skill 375)
0,5576,1,0x00000040,SkillLineAbility Spell 10412 (Skill 375)
0,5577,1,0x00000040,SkillLineAbility Spell 10413 (Skill 375)
0,5578,1,0x00000040,SkillLineAbility Spell 10414 (Skill 375)
0,5590,1,0x00000040,SkillLineAbility Spell 10427 (Skill 375)
0,5591,1,0x00000040,SkillLineAbility Spell 10428 (Skill 375)
0,8703,1,0x00000040,SkillLineAbility Spell 370 (Skill 375)
0,8704,1,0x00000040,SkillLineAbility Spell 8012 (Skill 375)
0,8705,1,0x00000040,SkillLineAbility Spell 8050 (Skill 375)
0,8706,1,0x00000040,SkillLineAbility Spell 8052 (Skill 375)
0,8707,1,0x00000040,SkillLineAbility Spell 8053 (Skill 375)
0,8708,1,0x00000040,SkillLineAbility Spell 10447 (Skill 375)
0,8709,1,0x00000040,SkillLineAbility Spell 10448 (Skill 375)
0,8710,1,0x00000040,SkillLineAbility Spell 8056 (Skill 375)
0,8711,1,0x00000040,SkillLineAbility Spell 8058 (Skill 375)
0,8712,1,0x00000040,SkillLineAbility Spell 10472 (Skill 375)
0,8713,1,0x00000040,SkillLineAbility Spell 10473 (Skill 375)
0,8714,1,0x00000040,SkillLineAbility Spell 403 (Skill 375)
0,8715,1,0x00000040,SkillLineAbility Spell 15208 (Skill 375)
0,8716,1,0x00000040,SkillLineAbility Spell 529 (Skill 375)
0,8717,1,0x00000040,SkillLineAbility Spell 548 (Skill 375)
0,8718,1,0x00000040,SkillLineAbility Spell 943 (Skill 375)
0,8719,1,0x00000040,SkillLineAbility Spell 915 (Skill 375)
0,8720,1,0x00000040,SkillLineAbility Spell 6041 (Skill 375)
0,8721,1,0x00000040,SkillLineAbility Spell 10391 (Skill 375)
0,8722,1,0x00000040,SkillLineAbility Spell 10392 (Skill 375)
0,8723,1,0x00000040,SkillLineAbility Spell 15207 (Skill 375)
0,8724,1,0x00000040,SkillLineAbility Spell 421 (Skill 375)
0,8725,1,0x00000040,SkillLineAbility Spell 930 (Skill 375)
0,8726,1,0x00000040,SkillLineAbility Spell 2860 (Skill 375)
0,8727,1,0x00000040,SkillLineAbility Spell 10605 (Skill 375)
0,8728,1,0x00000040,SkillLineAbility Spell 3599 (Skill 375)
0,8729,1,0x00000040,SkillLineAbility Spell 6363 (Skill 375)
0,8730,1,0x00000040,SkillLineAbility Spell 6364 (Skill 375)
0,8731,1,0x00000040,SkillLineAbility Spell 6365 (Skill 375)
0,8732,1,0x00000040,SkillLineAbility Spell 10437 (Skill 375)
0,8733,1,0x00000040,SkillLineAbility Spell 10438 (Skill 375)
0,8734,1,0x00000040,SkillLineAbility Spell 1535 (Skill 375)
0,8735,1,0x00000040,SkillLineAbility Spell 8498 (Skill 375)
0,8736,1,0x00000040,SkillLineAbility Spell 8499 (Skill 375)
0,8737,1,0x00000040,SkillLineAbility Spell 11314 (Skill 375)
0,8738,1,0x00000040,SkillLineAbility Spell 11315 (Skill 375)
0,8743,1,0x00000040,SkillLineAbility Spell 8190 (Skill 375)
0,8744,1,0x00000040,SkillLineAbility Spell 10585 (Skill 375)
0,8745,1,0x00000040,SkillLineAbility Spell 10586 (Skill 375)
0,8746,1,0x00000040,SkillLineAbility Spell 10587 (Skill 375)
0,13270,1,0x00000040,SkillLineAbility Spell 25439 (Skill 375)
0,13271,1,0x00000040,SkillLineAbility Spell 25442 (Skill 375)
0,13273,1,0x00000040,SkillLineAbility Spell 25448 (Skill 375)
0,13274,1,0x00000040,SkillLineAbility Spell 25449 (Skill 375)
0,13276,1,0x00000040,SkillLineAbility Spell 25454 (Skill 375)
0,13278,1,0x00000040,SkillLineAbility Spell 25457 (Skill 375)
0,13281,1,0x00000040,SkillLineAbility Spell 25464 (Skill 375)
0,13298,1,0x00000040,SkillLineAbility Spell 25525 (Skill 375)
0,13302,1,0x00000040,SkillLineAbility Spell 25533 (Skill 375)
0,13304,1,0x00000040,SkillLineAbility Spell 25546 (Skill 375)
0,13305,1,0x00000040,SkillLineAbility Spell 25547 (Skill 375)
0,13306,1,0x00000040,SkillLineAbility Spell 25552 (Skill 375)
0,14050,1,0x00000040,SkillLineAbility Spell 28996 (Skill 375)
0,14051,1,0x00000040,SkillLineAbility Spell 28997 (Skill 375)
0,14052,1,0x00000040,SkillLineAbility Spell 28998 (Skill 375)
0,14053,1,0x00000040,SkillLineAbility Spell 28999 (Skill 375)
0,14054,1,0x00000040,SkillLineAbility Spell 29000 (Skill 375)
0,14055,1,0x00000040,SkillLineAbility Spell 29062 (Skill 375)
0,14056,1,0x00000040,SkillLineAbility Spell 29064 (Skill 375)
0,14057,1,0x00000040,SkillLineAbility Spell 29065 (Skill 375)
0,14096,1,0x00000040,SkillLineAbility Spell 29179 (Skill 375)
0,14097,1,0x00000040,SkillLineAbility Spell 29180 (Skill 375)
0,14099,1,0x00000040,SkillLineAbility Spell 29177 (Skill 375)
0,14100,1,0x00000040,SkillLineAbility Spell 29178 (Skill 375)
0,14110,1,0x00000040,SkillLineAbility Spell 29228 (Skill 375)
0,14307,1,0x00000040,SkillLineAbility Spell 30160 (Skill 375)
0,14410,1,0x00000040,SkillLineAbility Spell 30664 (Skill 375)
0,14411,1,0x00000040,SkillLineAbility Spell 30665 (Skill 375)
0,14412,1,0x00000040,SkillLineAbility Spell 30666 (Skill 375)
0,14415,1,0x00000040,SkillLineAbility Spell 30669 (Skill 375)
0,14416,1,0x00000040,SkillLineAbility Spell 30670 (Skill 375)
0,14417,1,0x00000040,SkillLineAbility Spell 30671 (Skill 375)
0,14423,1,0x00000040,SkillLineAbility Spell 30672 (Skill 375)
0,14424,1,0x00000040,SkillLineAbility Spell 30673 (Skill 375)
0,14425,1,0x00000040,SkillLineAbility Spell 30674 (Skill 375)
0,14426,1,0x00000040,SkillLineAbility Spell 30675 (Skill 375)
0,14427,1,0x00000040,SkillLineAbility Spell 30678 (Skill 375)
0,14428,1,0x00000040,SkillLineAbility Spell 30679 (Skill 375)
0,14431,1,0x00000040,SkillLineAbility Spell 30706 (Skill 375)
0,14432,1,0x00000040,SkillLineAbility Spell 30708 (Skill 375)
0,16962,1,0x00000040,SkillLineAbility Spell 49230 (Skill 375)
0,16963,1,0x00000040,SkillLineAbility Spell 49231 (Skill 375)
0,16964,1,0x00000040,SkillLineAbility Spell 49232 (Skill 375)
0,16965,1,0x00000040,SkillLineAbility Spell 49233 (Skill 375)
0,16966,1,0x00000040,SkillLineAbility Spell 49235 (Skill 375)
0,16967,1,0x00000040,SkillLineAbility Spell 49236 (Skill 375)
0,16968,1,0x00000040,SkillLineAbility Spell 49237 (Skill 375)
0,16969,1,0x00000040,SkillLineAbility Spell 49239 (Skill 375)
0,16970,1,0x00000040,SkillLineAbility Spell 49240 (Skill 375)
0,16971,1,0x00000040,SkillLineAbility Spell 49238 (Skill 375)
0,16978,1,0x00000040,SkillLineAbility Spell 49268 (Skill 375)
0,16979,1,0x00000040,SkillLineAbility Spell 49270 (Skill 375)
0,16980,1,0x00000040,SkillLineAbility Spell 49269 (Skill 375)
0,16981,1,0x00000040,SkillLineAbility Spell 49271 (Skill 375)
0,17644,1,0x00000040,SkillLineAbility Spell 51466 (Skill 375)
0,17645,1,0x00000040,SkillLineAbility Spell 51470 (Skill 375)
0,19790,1,0x00000040,SkillLineAbility Spell 57720 (Skill 375)
0,19791,1,0x00000040,SkillLineAbility Spell 57721 (Skill 375)
0,19792,1,0x00000040,SkillLineAbility Spell 57722 (Skill 375)
0,19968,1,0x00000040,SkillLineAbility Spell 57994 (Skill 375)
0,20055,1,0x00000040,SkillLineAbility Spell 58580 (Skill 375)
0,20056,1,0x00000040,SkillLineAbility Spell 58581 (Skill 375)
0,20057,1,0x00000040,SkillLineAbility Spell 58582 (Skill 375)
0,20058,1,0x00000040,SkillLineAbility Spell 58699 (Skill 375)
0,20059,1,0x00000040,SkillLineAbility Spell 58703 (Skill 375)
0,20060,1,0x00000040,SkillLineAbility Spell 58704 (Skill 375)
0,20061,1,0x00000040,SkillLineAbility Spell 58731 (Skill 375)
0,20062,1,0x00000040,SkillLineAbility Spell 58734 (Skill 375)
0,20132,1,0x00000040,SkillLineAbility Spell 59156 (Skill 375)
0,20133,1,0x00000040,SkillLineAbility Spell 59158 (Skill 375)
0,20134,1,0x00000040,SkillLineAbility Spell 59159 (Skill 375)
0,20235,1,0x00000040,SkillLineAbility Spell 60043 (Skill 375)
0,20663,1,0x00000040,SkillLineAbility Spell 61649 (Skill 375)
0,20664,1,0x00000040,SkillLineAbility Spell 61657 (Skill 375)
0,20837,1,0x00000040,SkillLineAbility Spell 63370 (Skill 375)
0,20838,1,0x00000040,SkillLineAbility Spell 63372 (Skill 375)
0,21724,0,0x000006FF,SkillLineAbility Spell 75461 (Skill 375)
0,21724,1,0x00000040,SkillLineAbility Spell 75461 (Skill 375)
0,4997,1,0x00000067,SkillLineAbility Spell 8737 (Skill 413)
0,4998,1,0x0000046F,SkillLineAbility Spell 9077 (Skill 414)
0,4999,1,0x000005FF,SkillLineAbility Spell 9078 (Skill 415)
0,5006,1,0x00000043,SkillLineAbility Spell 9116 (Skill 433)
0,8438,1,0x0000044D,SkillLineAbility Spell 15590 (Skill 473)
0,6261,1,0x00000400,SkillLineAbility Spell 5185 (Skill 573)
0,6262,1,0x00000400,SkillLineAbility Spell 5186 (Skill 573)
0,6263,1,0x00000400,SkillLineAbility Spell 5187 (Skill 573)
0,6264,1,0x00000400,SkillLineAbility Spell 5188 (Skill 573)
0,6265,1,0x00000400,SkillLineAbility Spell 5189 (Skill 573)
0,6266,1,0x00000400,SkillLineAbility Spell 6778 (Skill 573)
0,6267,1,0x00000400,SkillLineAbility Spell 8903 (Skill 573)
0,6268,1,0x00000400,SkillLineAbility Spell 9758 (Skill 573)
0,6269,1,0x00000400,SkillLineAbility Spell 9888 (Skill 573)
0,6270,1,0x00000400,SkillLineAbility Spell 9889 (Skill 573)
0,6271,1,0x00000400,SkillLineAbility Spell 1126 (Skill 573)
0,6272,1,0x00000400,SkillLineAbility Spell 5232 (Skill 573)
0,6273,1,0x00000400,SkillLineAbility Spell 6756 (Skill 573)
0,6274,1,0x00000400,SkillLineAbility Spell 5234 (Skill 573)
0,6275,1,0x00000400,SkillLineAbility Spell 8907 (Skill 573)
0,6276,1,0x00000400,SkillLineAbility Spell 9884 (Skill 573)
0,6277,1,0x00000400,SkillLineAbility Spell 9885 (Skill 573)
0,6278,1,0x00000400,SkillLineAbility Spell 774 (Skill 573)
0,6279,1,0x00000400,SkillLineAbility Spell 1058 (Skill 573)
0,6280,1,0x00000400,SkillLineAbility Spell 1430 (Skill 573)
0,6281,1,0x00000400,SkillLineAbility Spell 2090 (Skill 573)
0,6282,1,0x00000400,SkillLineAbility Spell 2091 (Skill 573)
0,6283,1,0x00000400,SkillLineAbility Spell 3627 (Skill 573)
0,6284,1,0x00000400,SkillLineAbility Spell 8910 (Skill 573)
0,6285,1,0x00000400,SkillLineAbility Spell 9839 (Skill 573)
0,6286,1,0x00000400,SkillLineAbility Spell 9840 (Skill 573)
0,6287,1,0x00000400,SkillLineAbility Spell 9841 (Skill 573)
0,6296,1,0x00000400,SkillLineAbility Spell 8936 (Skill 573)
0,6297,1,0x00000400,SkillLineAbility Spell 8938 (Skill 573)
0,6298,1,0x00000400,SkillLineAbility Spell 8939 (Skill 573)
0,6299,1,0x00000400,SkillLineAbility Spell 8940 (Skill 573)
0,6300,1,0x00000400,SkillLineAbility Spell 8941 (Skill 573)
0,6301,1,0x00000400,SkillLineAbility Spell 9750 (Skill 573)
0,6302,1,0x00000400,SkillLineAbility Spell 9856 (Skill 573)
0,6303,1,0x00000400,SkillLineAbility Spell 9857 (Skill 573)
0,6304,1,0x00000400,SkillLineAbility Spell 9858 (Skill 573)
0,6305,1,0x00000400,SkillLineAbility Spell 740 (Skill 573)
0,6306,1,0x00000400,SkillLineAbility Spell 8918 (Skill 573)
0,6307,1,0x00000400,SkillLineAbility Spell 9862 (Skill 573)
0,6308,1,0x00000400,SkillLineAbility Spell 9863 (Skill 573)
0,6349,1,0x00000400,SkillLineAbility Spell 2893 (Skill 573)
0,6350,1,0x00000400,SkillLineAbility Spell 3137 (Skill 573)
0,6351,1,0x00000400,SkillLineAbility Spell 8946 (Skill 573)
0,6352,1,0x00000400,SkillLineAbility Spell 2782 (Skill 573)
0,9545,1,0x00000400,SkillLineAbility Spell 17104 (Skill 573)
0,11656,1,0x00000400,SkillLineAbility Spell 20484 (Skill 573)
0,11785,1,0x00000400,SkillLineAbility Spell 20739 (Skill 573)
0,11786,1,0x00000400,SkillLineAbility Spell 20742 (Skill 573)
0,11787,1,0x00000400,SkillLineAbility Spell 20747 (Skill 573)
0,11788,1,0x00000400,SkillLineAbility Spell 20748 (Skill 573)
0,12096,1,0x00000400,SkillLineAbility Spell 21849 (Skill 573)
0,12097,1,0x00000400,SkillLineAbility Spell 21850 (Skill 573)
0,13088,1,0x00000400,SkillLineAbility Spell 24943 (Skill 573)
0,13089,1,0x00000400,SkillLineAbility Spell 24944 (Skill 573)
0,13090,1,0x00000400,SkillLineAbility Spell 24945 (Skill 573)
0,13091,1,0x00000400,SkillLineAbility Spell 24946 (Skill 573)
0,13094,1,0x00000400,SkillLineAbility Spell 24968 (Skill 573)
0,13095,1,0x00000400,SkillLineAbility Spell 24969 (Skill 573)
0,13096,1,0x00000400,SkillLineAbility Spell 24970 (Skill 573)
0,13097,1,0x00000400,SkillLineAbility Spell 24971 (Skill 573)
0,13098,1,0x00000400,SkillLineAbility Spell 24972 (Skill 573)
0,13236,1,0x00000400,SkillLineAbility Spell 25299 (Skill 573)
0,13237,1,0x00000400,SkillLineAbility Spell 25297 (Skill 573)
0,13559,1,0x00000400,SkillLineAbility Spell 26978 (Skill 573)
0,13560,1,0x00000400,SkillLineAbility Spell 26979 (Skill 573)
0,13561,1,0x00000400,SkillLineAbility Spell 26980 (Skill 573)
0,13562,1,0x00000400,SkillLineAbility Spell 26981 (Skill 573)
0,13563,1,0x00000400,SkillLineAbility Spell 26982 (Skill 573)
0,13564,1,0x00000400,SkillLineAbility Spell 26983 (Skill 573)
0,13574,1,0x00000400,SkillLineAbility Spell 26990 (Skill 573)
0,13575,1,0x00000400,SkillLineAbility Spell 26991 (Skill 573)
0,13579,1,0x00000400,SkillLineAbility Spell 26994 (Skill 573)
0,15049,1,0x00000400,SkillLineAbility Spell 33763 (Skill 573)
0,15077,1,0x00000400,SkillLineAbility Spell 33879 (Skill 573)
0,15078,1,0x00000400,SkillLineAbility Spell 33880 (Skill 573)
0,15079,1,0x00000400,SkillLineAbility Spell 33886 (Skill 573)
0,15080,1,0x00000400,SkillLineAbility Spell 33887 (Skill 573)
0,15081,1,0x00000400,SkillLineAbility Spell 33888 (Skill 573)
0,15082,1,0x00000400,SkillLineAbility Spell 33889 (Skill 573)
0,15083,1,0x00000400,SkillLineAbility Spell 33890 (Skill 573)
0,15084,1,0x00000400,SkillLineAbility Spell 33881 (Skill 573)
0,15085,1,0x00000400,SkillLineAbility Spell 33882 (Skill 573)
0,15086,1,0x00000400,SkillLineAbility Spell 33883 (Skill 573)
0,15089,1,0x00000400,SkillLineAbility Spell 33891 (Skill 573)
0,15152,1,0x00000400,SkillLineAbility Spell 34151 (Skill 573)
0,15153,1,0x00000400,SkillLineAbility Spell 34152 (Skill 573)
0,15154,1,0x00000400,SkillLineAbility Spell 34153 (Skill 573)
0,15413,1,0x00000400,SkillLineAbility Spell 16864 (Skill 573)
0,15414,1,0x00000400,SkillLineAbility Spell 16833 (Skill 573)
0,15415,1,0x00000400,SkillLineAbility Spell 16834 (Skill 573)
0,15416,1,0x00000400,SkillLineAbility Spell 16835 (Skill 573)
0,16614,1,0x00000400,SkillLineAbility Spell 48377 (Skill 573)
0,16615,1,0x00000400,SkillLineAbility Spell 48378 (Skill 573)
0,16622,1,0x00000400,SkillLineAbility Spell 48440 (Skill 573)
0,16623,1,0x00000400,SkillLineAbility Spell 48441 (Skill 573)
0,16624,1,0x00000400,SkillLineAbility Spell 48442 (Skill 573)
0,16625,1,0x00000400,SkillLineAbility Spell 48443 (Skill 573)
0,16626,1,0x00000400,SkillLineAbility Spell 48450 (Skill 573)
0,16627,1,0x00000400,SkillLineAbility Spell 48451 (Skill 573)
0,16641,1,0x00000400,SkillLineAbility Spell 48469 (Skill 573)
0,16642,1,0x00000400,SkillLineAbility Spell 48470 (Skill 573)
0,16645,1,0x00000400,SkillLineAbility Spell 48477 (Skill 573)
0,17366,1,0x00000400,SkillLineAbility Spell 48438 (Skill 573)
0,17455,1,0x00000400,SkillLineAbility Spell 50464 (Skill 573)
0,18166,1,0x00000400,SkillLineAbility Spell 53248 (Skill 573)
0,18167,1,0x00000400,SkillLineAbility Spell 53249 (Skill 573)
0,18168,1,0x00000400,SkillLineAbility Spell 53251 (Skill 573)
0,19960,1,0x00000400,SkillLineAbility Spell 48446 (Skill 573)
0,19961,1,0x00000400,SkillLineAbility Spell 48447 (Skill 573)
0,21049,1,0x00000400,SkillLineAbility Spell 65139 (Skill 573)
0,21102,1,0x00000400,SkillLineAbility Spell 66530 (Skill 573)
0,6309,1,0x00000400,SkillLineAbility Spell 467 (Skill 574)
0,6310,1,0x00000400,SkillLineAbility Spell 782 (Skill 574)
0,6311,1,0x00000400,SkillLineAbility Spell 1075 (Skill 574)
0,6312,1,0x00000400,SkillLineAbility Spell 8914 (Skill 574)
0,6313,1,0x00000400,SkillLineAbility Spell 9756 (Skill 574)
0,6314,1,0x00000400,SkillLineAbility Spell 9910 (Skill 574)
0,6315,1,0x00000400,SkillLineAbility Spell 770 (Skill 574)
0,6319,1,0x00000400,SkillLineAbility Spell 5176 (Skill 574)
0,6320,1,0x00000400,SkillLineAbility Spell 5177 (Skill 574)
0,6321,1,0x00000400,SkillLineAbility Spell 5178 (Skill 574)
0,6322,1,0x00000400,SkillLineAbility Spell 5179 (Skill 574)
0,6323,1,0x00000400,SkillLineAbility Spell 5180 (Skill 574)
0,6324,1,0x00000400,SkillLineAbility Spell 6780 (Skill 574)
0,6325,1,0x00000400,SkillLineAbility Spell 8905 (Skill 574)
0,6326,1,0x00000400,SkillLineAbility Spell 9912 (Skill 574)
0,6327,1,0x00000400,SkillLineAbility Spell 2912 (Skill 574)
0,6328,1,0x00000400,SkillLineAbility Spell 8949 (Skill 574)
0,6329,1,0x00000400,SkillLineAbility Spell 8950 (Skill 574)
0,6330,1,0x00000400,SkillLineAbility Spell 8951 (Skill 574)
0,6331,1,0x00000400,SkillLineAbility Spell 9875 (Skill 574)
0,6332,1,0x00000400,SkillLineAbility Spell 9876 (Skill 574)
0,6333,1,0x00000400,SkillLineAbility Spell 8921 (Skill 574)
0,6334,1,0x00000400,SkillLineAbility Spell 8924 (Skill 574)
0,6335,1,0x00000400,SkillLineAbility Spell 8925 (Skill 574)
0,6336,1,0x00000400,SkillLineAbility Spell 8926 (Skill 574)
0,6337,1,0x00000400,SkillLineAbility Spell 8927 (Skill 574)
0,6338,1,0x00000400,SkillLineAbility Spell 8928 (Skill 574)
0,6339,1,0x00000400,SkillLineAbility Spell 8929 (Skill 574)
0,6340,1,0x00000400,SkillLineAbility Spell 9833 (Skill 574)
0,6341,1,0x00000400,SkillLineAbility Spell 9834 (Skill 574)
0,6342,1,0x00000400,SkillLineAbility Spell 9835 (Skill 574)
0,6343,1,0x00000400,SkillLineAbility Spell 339 (Skill 574)
0,6344,1,0x00000400,SkillLineAbility Spell 1062 (Skill 574)
0,6345,1,0x00000400,SkillLineAbility Spell 5195 (Skill 574)
0,6346,1,0x00000400,SkillLineAbility Spell 5196 (Skill 574)
0,6347,1,0x00000400,SkillLineAbility Spell 9852 (Skill 574)
0,6348,1,0x00000400,SkillLineAbility Spell 9853 (Skill 574)
0,6353,1,0x00000400,SkillLineAbility Spell 2908 (Skill 574)
0,6354,1,0x00000400,SkillLineAbility Spell 8955 (Skill 574)
0,6355,1,0x00000400,SkillLineAbility Spell 9901 (Skill 574)
0,9356,1,0x00000400,SkillLineAbility Spell 16914 (Skill 574)
0,9395,1,0x00000400,SkillLineAbility Spell 16689 (Skill 574)
0,9876,1,0x00000400,SkillLineAbility Spell 16810 (Skill 574)
0,9877,1,0x00000400,SkillLineAbility Spell 16811 (Skill 574)
0,9878,1,0x00000400,SkillLineAbility Spell 16812 (Skill 574)
0,9879,1,0x00000400,SkillLineAbility Spell 16813 (Skill 574)
0,9891,1,0x00000400,SkillLineAbility Spell 17329 (Skill 574)
0,9892,1,0x00000400,SkillLineAbility Spell 17401 (Skill 574)
0,9893,1,0x00000400,SkillLineAbility Spell 17402 (Skill 574)
0,10499,1,0x00000400,SkillLineAbility Spell 2637 (Skill 574)
0,10500,1,0x00000400,SkillLineAbility Spell 18657 (Skill 574)
0,10501,1,0x00000400,SkillLineAbility Spell 18658 (Skill 574)
0,10737,1,0x00000400,SkillLineAbility Spell 18960 (Skill 574)
0,12324,1,0x00000400,SkillLineAbility Spell 22812 (Skill 574)
0,13083,1,0x00000400,SkillLineAbility Spell 24858 (Skill 574)
0,13084,1,0x00000400,SkillLineAbility Spell 24905 (Skill 574)
0,13086,1,0x00000400,SkillLineAbility Spell 24907 (Skill 574)
0,13235,1,0x00000400,SkillLineAbility Spell 25298 (Skill 574)
0,13565,1,0x00000400,SkillLineAbility Spell 26984 (Skill 574)
0,13566,1,0x00000400,SkillLineAbility Spell 26988 (Skill 574)
0,13567,1,0x00000400,SkillLineAbility Spell 26987 (Skill 574)
0,13568,1,0x00000400,SkillLineAbility Spell 26989 (Skill 574)
0,13569,1,0x00000400,SkillLineAbility Spell 27009 (Skill 574)
0,13570,1,0x00000400,SkillLineAbility Spell 26986 (Skill 574)
0,13571,1,0x00000400,SkillLineAbility Spell 27012 (Skill 574)
0,13576,1,0x00000400,SkillLineAbility Spell 26992 (Skill 574)
0,13580,1,0x00000400,SkillLineAbility Spell 26995 (Skill 574)
0,15057,1,0x00000400,SkillLineAbility Spell 33786 (Skill 574)
0,15059,1,0x00000400,SkillLineAbility Spell 33831 (Skill 574)
0,15060,1,0x00000400,SkillLineAbility Spell 33589 (Skill 574)
0,15061,1,0x00000400,SkillLineAbility Spell 33590 (Skill 574)
0,15062,1,0x00000400,SkillLineAbility Spell 33591 (Skill 574)
0,15063,1,0x00000400,SkillLineAbility Spell 33592 (Skill 574)
0,15064,1,0x00000400,SkillLineAbility Spell 33596 (Skill 574)
0,15065,1,0x00000400,SkillLineAbility Spell 33597 (Skill 574)
0,15066,1,0x00000400,SkillLineAbility Spell 33599 (Skill 574)
0,15068,1,0x00000400,SkillLineAbility Spell 33600 (Skill 574)
0,15069,1,0x00000400,SkillLineAbility Spell 33601 (Skill 574)
0,15070,1,0x00000400,SkillLineAbility Spell 33602 (Skill 574)
0,15071,1,0x00000400,SkillLineAbility Spell 33603 (Skill 574)
0,15072,1,0x00000400,SkillLineAbility Spell 33604 (Skill 574)
0,15073,1,0x00000400,SkillLineAbility Spell 33605 (Skill 574)
0,15074,1,0x00000400,SkillLineAbility Spell 33606 (Skill 574)
0,15075,1,0x00000400,SkillLineAbility Spell 33607 (Skill 574)
0,15120,1,0x00000400,SkillLineAbility Spell 33956 (Skill 574)
0,15158,1,0x00000400,SkillLineAbility Spell 29166 (Skill 574)
0,15406,1,0x00000400,SkillLineAbility Spell 5570 (Skill 574)
0,15407,1,0x00000400,SkillLineAbility Spell 24974 (Skill 574)
0,15408,1,0x00000400,SkillLineAbility Spell 24975 (Skill 574)
0,15409,1,0x00000400,SkillLineAbility Spell 24976 (Skill 574)
0,15411,1,0x00000400,SkillLineAbility Spell 24977 (Skill 574)
0,15412,1,0x00000400,SkillLineAbility Spell 27013 (Skill 574)
0,15417,1,0x00000400,SkillLineAbility Spell 35363 (Skill 574)
0,15418,1,0x00000400,SkillLineAbility Spell 35364 (Skill 574)
0,15611,1,0x00000400,SkillLineAbility Spell 26985 (Skill 574)
0,15974,1,0x00000400,SkillLineAbility Spell 42231 (Skill 574)
0,15978,1,0x00000400,SkillLineAbility Spell 42232 (Skill 574)
0,15979,1,0x00000400,SkillLineAbility Spell 42233 (Skill 574)
0,15980,1,0x00000400,SkillLineAbility Spell 42230 (Skill 574)
0,16632,1,0x00000400,SkillLineAbility Spell 48459 (Skill 574)
0,16633,1,0x00000400,SkillLineAbility Spell 48461 (Skill 574)
0,16634,1,0x00000400,SkillLineAbility Spell 48462 (Skill 574)
0,16635,1,0x00000400,SkillLineAbility Spell 48463 (Skill 574)
0,16636,1,0x00000400,SkillLineAbility Spell 48464 (Skill 574)
0,16637,1,0x00000400,SkillLineAbility Spell 48465 (Skill 574)
0,16638,1,0x00000400,SkillLineAbility Spell 48466 (Skill 574)
0,16640,1,0x00000400,SkillLineAbility Spell 48468 (Skill 574)
0,17467,1,0x00000400,SkillLineAbility Spell 50516 (Skill 574)
0,18025,1,0x00000400,SkillLineAbility Spell 53307 (Skill 574)
0,18026,1,0x00000400,SkillLineAbility Spell 53312 (Skill 574)
0,18027,1,0x00000400,SkillLineAbility Spell 53308 (Skill 574)
0,18169,1,0x00000400,SkillLineAbility Spell 53223 (Skill 574)
0,18170,1,0x00000400,SkillLineAbility Spell 53225 (Skill 574)
0,18171,1,0x00000400,SkillLineAbility Spell 53226 (Skill 574)
0,20662,1,0x00000400,SkillLineAbility Spell 61384 (Skill 574)
0,20710,1,0x00000400,SkillLineAbility Spell 61391 (Skill 574)
0,20711,1,0x00000400,SkillLineAbility Spell 61390 (Skill 574)
0,20712,1,0x00000400,SkillLineAbility Spell 61388 (Skill 574)
0,20713,1,0x00000400,SkillLineAbility Spell 61387 (Skill 574)
0,20729,1,0x00000400,SkillLineAbility Spell 53227 (Skill 574)
0,6408,1,0x00000100,SkillLineAbility Spell 686 (Skill 593)
0,6409,1,0x00000100,SkillLineAbility Spell 695 (Skill 593)
0,6410,1,0x00000100,SkillLineAbility Spell 705 (Skill 593)
0,6411,1,0x00000100,SkillLineAbility Spell 1088 (Skill 593)
0,6412,1,0x00000100,SkillLineAbility Spell 1106 (Skill 593)
0,6413,1,0x00000100,SkillLineAbility Spell 7641 (Skill 593)
0,6414,1,0x00000100,SkillLineAbility Spell 11659 (Skill 593)
0,6415,1,0x00000100,SkillLineAbility Spell 11660 (Skill 593)
0,6416,1,0x00000100,SkillLineAbility Spell 11661 (Skill 593)
0,6417,1,0x00000100,SkillLineAbility Spell 348 (Skill 593)
0,6418,1,0x00000100,SkillLineAbility Spell 707 (Skill 593)
0,6419,1,0x00000100,SkillLineAbility Spell 1094 (Skill 593)
0,6420,1,0x00000100,SkillLineAbility Spell 2941 (Skill 593)
0,6421,1,0x00000100,SkillLineAbility Spell 11665 (Skill 593)
0,6422,1,0x00000100,SkillLineAbility Spell 11667 (Skill 593)
0,6423,1,0x00000100,SkillLineAbility Spell 11668 (Skill 593)
0,6430,1,0x00000100,SkillLineAbility Spell 5740 (Skill 593)
0,6431,1,0x00000100,SkillLineAbility Spell 6219 (Skill 593)
0,6432,1,0x00000100,SkillLineAbility Spell 11677 (Skill 593)
0,6433,1,0x00000100,SkillLineAbility Spell 11678 (Skill 593)
0,6434,1,0x00000100,SkillLineAbility Spell 1949 (Skill 593)
0,6435,1,0x00000100,SkillLineAbility Spell 11683 (Skill 593)
0,6436,1,0x00000100,SkillLineAbility Spell 11684 (Skill 593)
0,6437,1,0x00000100,SkillLineAbility Spell 5857 (Skill 593)
0,6438,1,0x00000100,SkillLineAbility Spell 11681 (Skill 593)
0,6439,1,0x00000100,SkillLineAbility Spell 11682 (Skill 593)
0,10039,1,0x00000100,SkillLineAbility Spell 5676 (Skill 593)
0,10040,1,0x00000100,SkillLineAbility Spell 6353 (Skill 593)
0,10091,1,0x00000100,SkillLineAbility Spell 17877 (Skill 593)
0,10094,1,0x00000100,SkillLineAbility Spell 17919 (Skill 593)
0,10095,1,0x00000100,SkillLineAbility Spell 17920 (Skill 593)
0,10096,1,0x00000100,SkillLineAbility Spell 17921 (Skill 593)
0,10097,1,0x00000100,SkillLineAbility Spell 17922 (Skill 593)
0,10098,1,0x00000100,SkillLineAbility Spell 17923 (Skill 593)
0,10099,1,0x00000100,SkillLineAbility Spell 17924 (Skill 593)
0,10117,1,0x00000100,SkillLineAbility Spell 17962 (Skill 593)
0,10656,1,0x00000100,SkillLineAbility Spell 18867 (Skill 593)
0,10657,1,0x00000100,SkillLineAbility Spell 18868 (Skill 593)
0,10658,1,0x00000100,SkillLineAbility Spell 18869 (Skill 593)
0,10659,1,0x00000100,SkillLineAbility Spell 18870 (Skill 593)
0,10660,1,0x00000100,SkillLineAbility Spell 18871 (Skill 593)
0,13247,1,0x00000100,SkillLineAbility Spell 25307 (Skill 593)
0,13248,1,0x00000100,SkillLineAbility Spell 25309 (Skill 593)
0,13723,1,0x00000100,SkillLineAbility Spell 27209 (Skill 593)
0,13724,1,0x00000100,SkillLineAbility Spell 27215 (Skill 593)
0,13726,1,0x00000100,SkillLineAbility Spell 27210 (Skill 593)
0,13727,1,0x00000100,SkillLineAbility Spell 27212 (Skill 593)
0,13728,1,0x00000100,SkillLineAbility Spell 27213 (Skill 593)
0,13729,1,0x00000100,SkillLineAbility Spell 27214 (Skill 593)
0,13730,1,0x00000100,SkillLineAbility Spell 27211 (Skill 593)
0,13731,1,0x00000100,SkillLineAbility Spell 27263 (Skill 593)
0,14160,1,0x00000100,SkillLineAbility Spell 29722 (Skill 593)
0,14326,1,0x00000100,SkillLineAbility Spell 30283 (Skill 593)
0,14327,1,0x00000100,SkillLineAbility Spell 30288 (Skill 593)
0,14328,1,0x00000100,SkillLineAbility Spell 30289 (Skill 593)
0,14329,1,0x00000100,SkillLineAbility Spell 30290 (Skill 593)
0,14330,1,0x00000100,SkillLineAbility Spell 30291 (Skill 593)
0,14331,1,0x00000100,SkillLineAbility Spell 30292 (Skill 593)
0,14332,1,0x00000100,SkillLineAbility Spell 30295 (Skill 593)
0,14333,1,0x00000100,SkillLineAbility Spell 30293 (Skill 593)
0,14334,1,0x00000100,SkillLineAbility Spell 30296 (Skill 593)
0,14335,1,0x00000100,SkillLineAbility Spell 30299 (Skill 593)
0,14336,1,0x00000100,SkillLineAbility Spell 30301 (Skill 593)
0,14337,1,0x00000100,SkillLineAbility Spell 30302 (Skill 593)
0,14810,1,0x00000100,SkillLineAbility Spell 32231 (Skill 593)
0,14844,1,0x00000100,SkillLineAbility Spell 30413 (Skill 593)
0,14845,1,0x00000100,SkillLineAbility Spell 30414 (Skill 593)
0,15311,1,0x00000100,SkillLineAbility Spell 34935 (Skill 593)
0,15312,1,0x00000100,SkillLineAbility Spell 34938 (Skill 593)
0,15313,1,0x00000100,SkillLineAbility Spell 34939 (Skill 593)
0,15314,1,0x00000100,SkillLineAbility Spell 34936 (Skill 593)
0,15352,1,0x00000100,SkillLineAbility Spell 30459 (Skill 593)
0,15608,1,0x00000100,SkillLineAbility Spell 30545 (Skill 593)
0,15650,1,0x00000100,SkillLineAbility Spell 30546 (Skill 593)
0,15992,1,0x00000100,SkillLineAbility Spell 42223 (Skill 593)
0,15993,1,0x00000100,SkillLineAbility Spell 42224 (Skill 593)
0,15994,1,0x00000100,SkillLineAbility Spell 42225 (Skill 593)
0,15995,1,0x00000100,SkillLineAbility Spell 42226 (Skill 593)
0,15996,1,0x00000100,SkillLineAbility Spell 42218 (Skill 593)
0,16436,1,0x00000100,SkillLineAbility Spell 47808 (Skill 593)
0,16437,1,0x00000100,SkillLineAbility Spell 47809 (Skill 593)
0,16438,1,0x00000100,SkillLineAbility Spell 47810 (Skill 593)
0,16439,1,0x00000100,SkillLineAbility Spell 47811 (Skill 593)
0,16442,1,0x00000100,SkillLineAbility Spell 47814 (Skill 593)
0,16443,1,0x00000100,SkillLineAbility Spell 47815 (Skill 593)
0,16444,1,0x00000100,SkillLineAbility Spell 47819 (Skill 593)
0,16445,1,0x00000100,SkillLineAbility Spell 47820 (Skill 593)
0,16446,1,0x00000100,SkillLineAbility Spell 47817 (Skill 593)
0,16447,1,0x00000100,SkillLineAbility Spell 47818 (Skill 593)
0,16448,1,0x00000100,SkillLineAbility Spell 47823 (Skill 593)
0,16449,1,0x00000100,SkillLineAbility Spell 47822 (Skill 593)
0,16450,1,0x00000100,SkillLineAbility Spell 47824 (Skill 593)
0,16451,1,0x00000100,SkillLineAbility Spell 47825 (Skill 593)
0,16452,1,0x00000100,SkillLineAbility Spell 47826 (Skill 593)
0,16453,1,0x00000100,SkillLineAbility Spell 47827 (Skill 593)
0,16460,1,0x00000100,SkillLineAbility Spell 47837 (Skill 593)
0,16461,1,0x00000100,SkillLineAbility Spell 47838 (Skill 593)
0,16464,1,0x00000100,SkillLineAbility Spell 47846 (Skill 593)
0,16465,1,0x00000100,SkillLineAbility Spell 47847 (Skill 593)
0,16513,1,0x00000100,SkillLineAbility Spell 47897 (Skill 593)
0,17537,1,0x00000100,SkillLineAbility Spell 50796 (Skill 593)
0,19982,1,0x00000100,SkillLineAbility Spell 58284 (Skill 593)
0,20139,1,0x00000100,SkillLineAbility Spell 59170 (Skill 593)
0,20140,1,0x00000100,SkillLineAbility Spell 59171 (Skill 593)
0,20141,1,0x00000100,SkillLineAbility Spell 59172 (Skill 593)
0,20507,1,0x00000100,SkillLineAbility Spell 61290 (Skill 593)
0,21722,1,0x00000100,SkillLineAbility Spell 75445 (Skill 593)
0,6501,1,0x00000002,SkillLineAbility Spell 635 (Skill 594)
0,6502,1,0x00000002,SkillLineAbility Spell 639 (Skill 594)
0,6503,1,0x00000002,SkillLineAbility Spell 647 (Skill 594)
0,6504,1,0x00000002,SkillLineAbility Spell 1026 (Skill 594)
0,6506,1,0x00000002,SkillLineAbility Spell 3472 (Skill 594)
0,6507,1,0x00000002,SkillLineAbility Spell 10328 (Skill 594)
0,6508,1,0x00000002,SkillLineAbility Spell 10329 (Skill 594)
0,6509,1,0x00000002,SkillLineAbility Spell 633 (Skill 594)
0,6510,1,0x00000002,SkillLineAbility Spell 2800 (Skill 594)
0,6511,1,0x00000002,SkillLineAbility Spell 10310 (Skill 594)
0,6512,1,0x00000002,SkillLineAbility Spell 879 (Skill 594)
0,6513,1,0x00000002,SkillLineAbility Spell 5614 (Skill 594)
0,6514,1,0x00000002,SkillLineAbility Spell 5615 (Skill 594)
0,6515,1,0x00000002,SkillLineAbility Spell 10312 (Skill 594)
0,6516,1,0x00000002,SkillLineAbility Spell 10313 (Skill 594)
0,6517,1,0x00000002,SkillLineAbility Spell 10314 (Skill 594)
0,6518,1,0x00000002,SkillLineAbility Spell 2812 (Skill 594)
0,6519,1,0x00000002,SkillLineAbility Spell 10318 (Skill 594)
0,6521,1,0x00000002,SkillLineAbility Spell 7328 (Skill 594)
0,6526,1,0x00000002,SkillLineAbility Spell 10326 (Skill 594)
0,6527,1,0x00000002,SkillLineAbility Spell 5502 (Skill 594)
0,6528,1,0x00000002,SkillLineAbility Spell 4987 (Skill 594)
0,6529,1,0x00000002,SkillLineAbility Spell 1152 (Skill 594)
0,7594,0,0x00000405,SkillLineAbility Spell 13819 (Skill 594)
0,7594,1,0x00000002,SkillLineAbility Spell 13819 (Skill 594)
0,11245,1,0x00000002,SkillLineAbility Spell 19742 (Skill 594)
0,11246,1,0x00000002,SkillLineAbility Spell 19850 (Skill 594)
0,11247,1,0x00000002,SkillLineAbility Spell 19852 (Skill 594)
0,11248,1,0x00000002,SkillLineAbility Spell 19853 (Skill 594)
0,11249,1,0x00000002,SkillLineAbility Spell 19854 (Skill 594)
0,11276,1,0x00000002,SkillLineAbility Spell 19750 (Skill 594)
0,11277,1,0x00000002,SkillLineAbility Spell 19939 (Skill 594)
0,11278,1,0x00000002,SkillLineAbility Spell 19940 (Skill 594)
0,11279,1,0x00000002,SkillLineAbility Spell 19941 (Skill 594)
0,11280,1,0x00000002,SkillLineAbility Spell 19942 (Skill 594)
0,11281,1,0x00000002,SkillLineAbility Spell 19943 (Skill 594)
0,11536,1,0x00000002,SkillLineAbility Spell 20154 (Skill 594)
0,11537,1,0x00000002,SkillLineAbility Spell 20187 (Skill 594)
0,11538,1,0x00000002,SkillLineAbility Spell 20165 (Skill 594)
0,11539,1,0x00000002,SkillLineAbility Spell 20185 (Skill 594)
0,11540,1,0x00000002,SkillLineAbility Spell 20166 (Skill 594)
0,11541,1,0x00000002,SkillLineAbility Spell 20186 (Skill 594)
0,11605,1,0x00000002,SkillLineAbility Spell 20359 (Skill 594)
0,11606,1,0x00000002,SkillLineAbility Spell 20360 (Skill 594)
0,11607,1,0x00000002,SkillLineAbility Spell 20361 (Skill 594)
0,11641,1,0x00000002,SkillLineAbility Spell 20473 (Skill 594)
0,11794,1,0x00000002,SkillLineAbility Spell 10322 (Skill 594)
0,11795,1,0x00000002,SkillLineAbility Spell 10324 (Skill 594)
0,11796,1,0x00000002,SkillLineAbility Spell 20772 (Skill 594)
0,11797,1,0x00000002,SkillLineAbility Spell 20773 (Skill 594)
0,11896,1,0x00000002,SkillLineAbility Spell 20929 (Skill 594)
0,11897,1,0x00000002,SkillLineAbility Spell 20930 (Skill 594)
0,11957,1,0x00000002,SkillLineAbility Spell 21084 (Skill 594)
0,12518,0,0x00000405,SkillLineAbility Spell 23214 (Skill 594)
0,12518,1,0x00000002,SkillLineAbility Spell 23214 (Skill 594)
0,13229,1,0x00000002,SkillLineAbility Spell 25292 (Skill 594)
0,13230,1,0x00000002,SkillLineAbility Spell 25290 (Skill 594)
0,13349,1,0x00000002,SkillLineAbility Spell 5923 (Skill 594)
0,13350,1,0x00000002,SkillLineAbility Spell 5924 (Skill 594)
0,13351,1,0x00000002,SkillLineAbility Spell 5925 (Skill 594)
0,13354,1,0x00000002,SkillLineAbility Spell 9453 (Skill 594)
0,13355,1,0x00000002,SkillLineAbility Spell 25836 (Skill 594)
0,13366,1,0x00000002,SkillLineAbility Spell 25894 (Skill 594)
0,13394,1,0x00000002,SkillLineAbility Spell 5926 (Skill 594)
0,13395,1,0x00000002,SkillLineAbility Spell 25829 (Skill 594)
0,13421,1,0x00000002,SkillLineAbility Spell 25918 (Skill 594)
0,13444,1,0x00000002,SkillLineAbility Spell 20116 (Skill 594)
0,13445,1,0x00000002,SkillLineAbility Spell 20922 (Skill 594)
0,13446,1,0x00000002,SkillLineAbility Spell 20923 (Skill 594)
0,13447,1,0x00000002,SkillLineAbility Spell 20924 (Skill 594)
0,13453,1,0x00000002,SkillLineAbility Spell 26573 (Skill 594)
0,13664,1,0x00000002,SkillLineAbility Spell 27135 (Skill 594)
0,13665,1,0x00000002,SkillLineAbility Spell 27136 (Skill 594)
0,13666,1,0x00000002,SkillLineAbility Spell 27137 (Skill 594)
0,13667,1,0x00000002,SkillLineAbility Spell 27154 (Skill 594)
0,13668,1,0x00000002,SkillLineAbility Spell 27138 (Skill 594)
0,13670,1,0x00000002,SkillLineAbility Spell 27139 (Skill 594)
0,13671,1,0x00000002,SkillLineAbility Spell 27173 (Skill 594)
0,13672,1,0x00000002,SkillLineAbility Spell 27174 (Skill 594)
0,13676,1,0x00000002,SkillLineAbility Spell 27176 (Skill 594)
0,13680,1,0x00000002,SkillLineAbility Spell 27175 (Skill 594)
0,13693,1,0x00000002,SkillLineAbility Spell 27142 (Skill 594)
0,13694,1,0x00000002,SkillLineAbility Spell 27143 (Skill 594)
0,13935,1,0x00000002,SkillLineAbility Spell 25912 (Skill 594)
0,13936,1,0x00000002,SkillLineAbility Spell 25911 (Skill 594)
0,13937,1,0x00000002,SkillLineAbility Spell 25902 (Skill 594)
0,13938,1,0x00000002,SkillLineAbility Spell 25914 (Skill 594)
0,13939,1,0x00000002,SkillLineAbility Spell 25913 (Skill 594)
0,13940,1,0x00000002,SkillLineAbility Spell 25903 (Skill 594)
0,14713,1,0x00000002,SkillLineAbility Spell 31842 (Skill 594)
0,14714,1,0x00000002,SkillLineAbility Spell 31837 (Skill 594)
0,14715,1,0x00000002,SkillLineAbility Spell 31838 (Skill 594)
0,14716,1,0x00000002,SkillLineAbility Spell 31839 (Skill 594)
0,14717,1,0x00000002,SkillLineAbility Spell 31840 (Skill 594)
0,14718,1,0x00000002,SkillLineAbility Spell 31841 (Skill 594)
0,14719,1,0x00000002,SkillLineAbility Spell 31833 (Skill 594)
0,14720,1,0x00000002,SkillLineAbility Spell 31835 (Skill 594)
0,14721,1,0x00000002,SkillLineAbility Spell 31836 (Skill 594)
0,14722,1,0x00000002,SkillLineAbility Spell 31834 (Skill 594)
0,14723,1,0x00000002,SkillLineAbility Spell 31828 (Skill 594)
0,14724,1,0x00000002,SkillLineAbility Spell 31829 (Skill 594)
0,14725,1,0x00000002,SkillLineAbility Spell 31830 (Skill 594)
0,14728,1,0x00000002,SkillLineAbility Spell 31825 (Skill 594)
0,14729,1,0x00000002,SkillLineAbility Spell 31826 (Skill 594)
0,14730,1,0x00000002,SkillLineAbility Spell 31822 (Skill 594)
0,14731,1,0x00000002,SkillLineAbility Spell 31823 (Skill 594)
0,14733,1,0x00000002,SkillLineAbility Spell 31821 (Skill 594)
0,14923,1,0x00000010,SkillLineAbility Spell 32841 (Skill 594)
0,14940,1,0x00000002,SkillLineAbility Spell 33072 (Skill 594)
0,14941,1,0x00000002,SkillLineAbility Spell 33073 (Skill 594)
0,14942,1,0x00000002,SkillLineAbility Spell 33074 (Skill 594)
0,15252,0,0x00000200,SkillLineAbility Spell 34767 (Skill 594)
0,15252,1,0x00000002,SkillLineAbility Spell 34767 (Skill 594)
0,15253,0,0x00000200,SkillLineAbility Spell 34769 (Skill 594)
0,15253,1,0x00000002,SkillLineAbility Spell 34769 (Skill 594)
0,16699,1,0x00000002,SkillLineAbility Spell 48781 (Skill 594)
0,16700,1,0x00000002,SkillLineAbility Spell 48782 (Skill 594)
0,16701,1,0x00000002,SkillLineAbility Spell 48784 (Skill 594)
0,16702,1,0x00000002,SkillLineAbility Spell 48785 (Skill 594)
0,16703,1,0x00000002,SkillLineAbility Spell 48788 (Skill 594)
0,16705,1,0x00000002,SkillLineAbility Spell 48800 (Skill 594)
0,16706,1,0x00000002,SkillLineAbility Spell 48801 (Skill 594)
0,16710,1,0x00000002,SkillLineAbility Spell 48816 (Skill 594)
0,16711,1,0x00000002,SkillLineAbility Spell 48817 (Skill 594)
0,16712,1,0x00000002,SkillLineAbility Spell 48818 (Skill 594)
0,16713,1,0x00000002,SkillLineAbility Spell 48819 (Skill 594)
0,16714,1,0x00000002,SkillLineAbility Spell 48824 (Skill 594)
0,16715,1,0x00000002,SkillLineAbility Spell 48825 (Skill 594)
0,16716,1,0x00000002,SkillLineAbility Spell 48822 (Skill 594)
0,16717,1,0x00000002,SkillLineAbility Spell 48823 (Skill 594)
0,16718,1,0x00000002,SkillLineAbility Spell 48820 (Skill 594)
0,16719,1,0x00000002,SkillLineAbility Spell 48821 (Skill 594)
0,16757,1,0x00000002,SkillLineAbility Spell 48935 (Skill 594)
0,16758,1,0x00000002,SkillLineAbility Spell 48936 (Skill 594)
0,16759,1,0x00000002,SkillLineAbility Spell 48937 (Skill 594)
0,16760,1,0x00000002,SkillLineAbility Spell 48938 (Skill 594)
0,16770,1,0x00000002,SkillLineAbility Spell 48949 (Skill 594)
0,16771,1,0x00000002,SkillLineAbility Spell 48950 (Skill 594)
0,18191,1,0x00000002,SkillLineAbility Spell 19746 (Skill 594)
0,18192,1,0x00000002,SkillLineAbility Spell 20254 (Skill 594)
0,18193,1,0x00000002,SkillLineAbility Spell 20255 (Skill 594)
0,18194,1,0x00000002,SkillLineAbility Spell 20256 (Skill 594)
0,18207,1,0x00000002,SkillLineAbility Spell 53551 (Skill 594)
0,18208,1,0x00000002,SkillLineAbility Spell 53552 (Skill 594)
0,18210,1,0x00000002,SkillLineAbility Spell 53556 (Skill 594)
0,18211,1,0x00000002,SkillLineAbility Spell 53557 (Skill 594)
0,18217,1,0x00000002,SkillLineAbility Spell 53563 (Skill 594)
0,18228,1,0x00000002,SkillLineAbility Spell 53569 (Skill 594)
0,18229,1,0x00000002,SkillLineAbility Spell 53576 (Skill 594)
0,18253,1,0x00000002,SkillLineAbility Spell 53601 (Skill 594)
0,18266,1,0x00000002,SkillLineAbility Spell 53651 (Skill 594)
0,18267,1,0x00000002,SkillLineAbility Spell 53652 (Skill 594)
0,18268,1,0x00000002,SkillLineAbility Spell 53653 (Skill 594)
0,18269,1,0x00000002,SkillLineAbility Spell 53654 (Skill 594)
0,18270,1,0x00000002,SkillLineAbility Spell 53655 (Skill 594)
0,18271,1,0x00000002,SkillLineAbility Spell 53656 (Skill 594)
0,18272,1,0x00000002,SkillLineAbility Spell 53657 (Skill 594)
0,18273,1,0x00000002,SkillLineAbility Spell 53659 (Skill 594)
0,18274,1,0x00000002,SkillLineAbility Spell 53553 (Skill 594)
0,18275,1,0x00000002,SkillLineAbility Spell 53660 (Skill 594)
0,18276,1,0x00000002,SkillLineAbility Spell 53661 (Skill 594)
0,18282,1,0x00000002,SkillLineAbility Spell 53671 (Skill 594)
0,18283,1,0x00000002,SkillLineAbility Spell 53673 (Skill 594)
0,18287,1,0x00000002,SkillLineAbility Spell 53672 (Skill 594)
0,18523,1,0x00000002,SkillLineAbility Spell 54149 (Skill 594)
0,18525,1,0x00000002,SkillLineAbility Spell 54151 (Skill 594)
0,18526,1,0x00000002,SkillLineAbility Spell 54154 (Skill 594)
0,18527,1,0x00000002,SkillLineAbility Spell 54155 (Skill 594)
0,18528,1,0x00000002,SkillLineAbility Spell 54152 (Skill 594)
0,18529,1,0x00000002,SkillLineAbility Spell 54153 (Skill 594)
0,18887,1,0x00000002,SkillLineAbility Spell 54428 (Skill 594)
0,7919,1,0x00000010,SkillLineAbility Spell 9484 (Skill 613)
0,7920,1,0x00000010,SkillLineAbility Spell 9485 (Skill 613)
0,7921,1,0x00000010,SkillLineAbility Spell 10955 (Skill 613)
0,7922,1,0x00000010,SkillLineAbility Spell 588 (Skill 613)
0,7923,1,0x00000010,SkillLineAbility Spell 7128 (Skill 613)
0,7924,1,0x00000010,SkillLineAbility Spell 602 (Skill 613)
0,7925,1,0x00000010,SkillLineAbility Spell 1006 (Skill 613)
0,7926,1,0x00000010,SkillLineAbility Spell 10951 (Skill 613)
0,7927,1,0x00000010,SkillLineAbility Spell 10952 (Skill 613)
0,7928,1,0x00000010,SkillLineAbility Spell 17 (Skill 613)
0,7929,1,0x00000010,SkillLineAbility Spell 10901 (Skill 613)
0,7930,1,0x00000010,SkillLineAbility Spell 592 (Skill 613)
0,7931,1,0x00000010,SkillLineAbility Spell 600 (Skill 613)
0,7932,1,0x00000010,SkillLineAbility Spell 3747 (Skill 613)
0,7933,1,0x00000010,SkillLineAbility Spell 6065 (Skill 613)
0,7934,1,0x00000010,SkillLineAbility Spell 6066 (Skill 613)
0,7935,1,0x00000010,SkillLineAbility Spell 10898 (Skill 613)
0,7936,1,0x00000010,SkillLineAbility Spell 10899 (Skill 613)
0,7937,1,0x00000010,SkillLineAbility Spell 10900 (Skill 613)
0,7938,1,0x00000010,SkillLineAbility Spell 1243 (Skill 613)
0,7939,1,0x00000010,SkillLineAbility Spell 1244 (Skill 613)
0,7940,1,0x00000010,SkillLineAbility Spell 1245 (Skill 613)
0,7941,1,0x00000010,SkillLineAbility Spell 2791 (Skill 613)
0,7942,1,0x00000010,SkillLineAbility Spell 10937 (Skill 613)
0,7943,1,0x00000010,SkillLineAbility Spell 10938 (Skill 613)
0,7944,1,0x00000010,SkillLineAbility Spell 8129 (Skill 613)
0,7950,1,0x00000010,SkillLineAbility Spell 527 (Skill 613)
0,7951,1,0x00000010,SkillLineAbility Spell 988 (Skill 613)
0,7956,1,0x00000010,SkillLineAbility Spell 14752 (Skill 613)
0,7972,1,0x00000010,SkillLineAbility Spell 14531 (Skill 613)
0,7973,1,0x00000010,SkillLineAbility Spell 14774 (Skill 613)
0,8003,1,0x00000010,SkillLineAbility Spell 14818 (Skill 613)
0,8004,1,0x00000010,SkillLineAbility Spell 14819 (Skill 613)
0,9580,1,0x00000010,SkillLineAbility Spell 1706 (Skill 613)
0,12042,1,0x00000010,SkillLineAbility Spell 21562 (Skill 613)
0,12043,1,0x00000010,SkillLineAbility Spell 21564 (Skill 613)
0,13187,1,0x00000010,SkillLineAbility Spell 25217 (Skill 613)
0,13188,1,0x00000010,SkillLineAbility Spell 25218 (Skill 613)
0,13195,1,0x00000010,SkillLineAbility Spell 25312 (Skill 613)
0,13255,1,0x00000010,SkillLineAbility Spell 25389 (Skill 613)
0,13256,1,0x00000010,SkillLineAbility Spell 25392 (Skill 613)
0,13264,1,0x00000010,SkillLineAbility Spell 25431 (Skill 613)
0,13809,1,0x00000010,SkillLineAbility Spell 27681 (Skill 613)
0,13831,1,0x00000010,SkillLineAbility Spell 10060 (Skill 613)
0,13840,1,0x00000010,SkillLineAbility Spell 14743 (Skill 613)
0,13841,1,0x00000010,SkillLineAbility Spell 27828 (Skill 613)
0,13848,1,0x00000010,SkillLineAbility Spell 27841 (Skill 613)
0,14823,1,0x00000010,SkillLineAbility Spell 32375 (Skill 613)
0,14939,1,0x00000010,SkillLineAbility Spell 32999 (Skill 613)
0,14959,1,0x00000010,SkillLineAbility Spell 33206 (Skill 613)
0,14975,1,0x00000010,SkillLineAbility Spell 33186 (Skill 613)
0,14976,1,0x00000010,SkillLineAbility Spell 33190 (Skill 613)
0,14979,1,0x00000010,SkillLineAbility Spell 33167 (Skill 613)
0,14980,1,0x00000010,SkillLineAbility Spell 33171 (Skill 613)
0,14981,1,0x00000010,SkillLineAbility Spell 33172 (Skill 613)
0,15289,1,0x00000010,SkillLineAbility Spell 34908 (Skill 613)
0,15290,1,0x00000010,SkillLineAbility Spell 34909 (Skill 613)
0,15291,1,0x00000010,SkillLineAbility Spell 34910 (Skill 613)
0,16049,1,0x00000010,SkillLineAbility Spell 44416 (Skill 613)
0,16161,1,0x00000010,SkillLineAbility Spell 6346 (Skill 613)
0,16163,1,0x00000010,SkillLineAbility Spell 45234 (Skill 613)
0,16164,1,0x00000010,SkillLineAbility Spell 45243 (Skill 613)
0,16165,1,0x00000010,SkillLineAbility Spell 45244 (Skill 613)
0,16166,1,0x00000010,SkillLineAbility Spell 45237 (Skill 613)
0,16167,1,0x00000010,SkillLineAbility Spell 45241 (Skill 613)
0,16168,1,0x00000010,SkillLineAbility Spell 45242 (Skill 613)
0,16521,1,0x00000010,SkillLineAbility Spell 48065 (Skill 613)
0,16522,1,0x00000010,SkillLineAbility Spell 48066 (Skill 613)
0,16528,1,0x00000010,SkillLineAbility Spell 48073 (Skill 613)
0,16529,1,0x00000010,SkillLineAbility Spell 48074 (Skill 613)
0,16563,1,0x00000010,SkillLineAbility Spell 48040 (Skill 613)
0,16577,1,0x00000010,SkillLineAbility Spell 48161 (Skill 613)
0,16578,1,0x00000010,SkillLineAbility Spell 48162 (Skill 613)
0,16581,1,0x00000010,SkillLineAbility Spell 48168 (Skill 613)
0,8439,1,0x00000008,SkillLineAbility Spell 1804 (Skill 633)
0,10021,0,0x00000010,SkillLineAbility Spell 17737 (Skill 673)
0,11701,0,0x00000080,SkillLineAbility Spell 20555 (Skill 733)
0,11703,0,0x00000080,SkillLineAbility Spell 20557 (Skill 733)
0,11704,0,0x00000080,SkillLineAbility Spell 20558 (Skill 733)
0,13418,0,0x00000080,SkillLineAbility Spell 26290 (Skill 733)
0,13419,0,0x00000080,SkillLineAbility Spell 26297 (Skill 733)
0,20111,0,0x00000080,SkillLineAbility Spell 58943 (Skill 733)
0,11720,0,0x00000040,SkillLineAbility Spell 20589 (Skill 753)
0,11721,0,0x00000040,SkillLineAbility Spell 20591 (Skill 753)
0,11722,0,0x00000040,SkillLineAbility Spell 20593 (Skill 753)
0,11723,0,0x00000040,SkillLineAbility Spell 20592 (Skill 753)
0,11728,0,0x00000001,SkillLineAbility Spell 20599 (Skill 754)
0,11730,0,0x00000001,SkillLineAbility Spell 20597 (Skill 754)
0,11731,0,0x00000001,SkillLineAbility Spell 20598 (Skill 754)
0,11861,0,0x00000001,SkillLineAbility Spell 20864 (Skill 754)
0,20114,0,0x00000001,SkillLineAbility Spell 58985 (Skill 754)
0,20205,0,0x00000001,SkillLineAbility Spell 59752 (Skill 754)
0,13338,0,0x00000200,SkillLineAbility Spell 25046 (Skill 756)
0,13338,1,0x00000008,SkillLineAbility Spell 25046 (Skill 756)
0,14013,1,0x00000196,SkillLineAbility Spell 28730 (Skill 756)
0,17510,1,0x00000020,SkillLineAbility Spell 50613 (Skill 756)
0,14260,0,0x00000400,SkillLineAbility Spell 29932 (Skill 759)
0,14022,0,0x00000400,SkillLineAbility Spell 6562 (Skill 760)
0,14022,1,0x00000027,SkillLineAbility Spell 6562 (Skill 760)
0,14023,0,0x00000400,SkillLineAbility Spell 28878 (Skill 760)
0,14023,1,0x000000D0,SkillLineAbility Spell 28878 (Skill 760)
0,14024,0,0x00000400,SkillLineAbility Spell 28880 (Skill 760)
0,14024,1,0x00000001,SkillLineAbility Spell 28880 (Skill 760)
0,20142,0,0x00000400,SkillLineAbility Spell 59221 (Skill 760)
0,20142,1,0x00000001,SkillLineAbility Spell 59221 (Skill 760)
0,20171,1,0x00000020,SkillLineAbility Spell 59539 (Skill 760)
0,20172,0,0x00000400,SkillLineAbility Spell 59536 (Skill 760)
0,20172,1,0x00000004,SkillLineAbility Spell 59536 (Skill 760)
0,20173,0,0x00000400,SkillLineAbility Spell 59541 (Skill 760)
0,20173,1,0x00000080,SkillLineAbility Spell 59541 (Skill 760)
0,20174,0,0x00000400,SkillLineAbility Spell 59535 (Skill 760)
0,20174,1,0x00000002,SkillLineAbility Spell 59535 (Skill 760)
0,20175,0,0x00000400,SkillLineAbility Spell 59538 (Skill 760)
0,20175,1,0x00000010,SkillLineAbility Spell 59538 (Skill 760)
0,20176,0,0x00000400,SkillLineAbility Spell 59540 (Skill 760)
0,20176,1,0x00000040,SkillLineAbility Spell 59540 (Skill 760)
0,20177,0,0x00000400,SkillLineAbility Spell 59545 (Skill 760)
0,20177,1,0x00000020,SkillLineAbility Spell 59545 (Skill 760)
0,20178,0,0x00000400,SkillLineAbility Spell 59543 (Skill 760)
0,20178,1,0x00000004,SkillLineAbility Spell 59543 (Skill 760)
0,20179,0,0x00000400,SkillLineAbility Spell 59548 (Skill 760)
0,20179,1,0x00000080,SkillLineAbility Spell 59548 (Skill 760)
0,20180,0,0x00000400,SkillLineAbility Spell 59542 (Skill 760)
0,20180,1,0x00000002,SkillLineAbility Spell 59542 (Skill 760)
0,20181,0,0x00000400,SkillLineAbility Spell 59544 (Skill 760)
0,20181,1,0x00000010,SkillLineAbility Spell 59544 (Skill 760)
0,20182,0,0x00000400,SkillLineAbility Spell 59547 (Skill 760)
0,20182,1,0x00000040,SkillLineAbility Spell 59547 (Skill 760)
0,15030,1,0x000005DF,SkillLineAbility Spell 33391 (Skill 762)
0,19184,1,0x00000020,SkillLineAbility Spell 33391 (Skill 762)
0,16229,1,0x00000020,SkillLineAbility Spell 45529 (Skill 770)
0,16430,1,0x00000020,SkillLineAbility Spell 47476 (Skill 770)
0,16616,1,0x00000020,SkillLineAbility Spell 45902 (Skill 770)
0,16695,1,0x00000020,SkillLineAbility Spell 48721 (Skill 770)
0,16696,1,0x00000020,SkillLineAbility Spell 48743 (Skill 770)
0,17016,1,0x00000020,SkillLineAbility Spell 48266 (Skill 770)
0,17282,1,0x00000020,SkillLineAbility Spell 49939 (Skill 770)
0,17283,1,0x00000020,SkillLineAbility Spell 49940 (Skill 770)
0,17284,1,0x00000020,SkillLineAbility Spell 49941 (Skill 770)
0,17545,1,0x00000020,SkillLineAbility Spell 50842 (Skill 770)
0,20151,1,0x00000020,SkillLineAbility Spell 50447 (Skill 770)
0,20152,1,0x00000020,SkillLineAbility Spell 50448 (Skill 770)
0,20153,1,0x00000020,SkillLineAbility Spell 50449 (Skill 770)
0,16230,1,0x00000020,SkillLineAbility Spell 45524 (Skill 771)
0,16231,1,0x00000020,SkillLineAbility Spell 45477 (Skill 771)
0,16431,1,0x00000020,SkillLineAbility Spell 47568 (Skill 771)
0,16432,1,0x00000020,SkillLineAbility Spell 47528 (Skill 771)
0,16611,1,0x00000020,SkillLineAbility Spell 48263 (Skill 771)
0,16707,1,0x00000020,SkillLineAbility Spell 48792 (Skill 771)
0,17254,1,0x00000020,SkillLineAbility Spell 49896 (Skill 771)
0,17255,1,0x00000020,SkillLineAbility Spell 49903 (Skill 771)
0,17256,1,0x00000020,SkillLineAbility Spell 49904 (Skill 771)
0,17257,1,0x00000020,SkillLineAbility Spell 49909 (Skill 771)
0,17546,1,0x00000020,SkillLineAbility Spell 49796 (Skill 771)
0,17555,1,0x00000020,SkillLineAbility Spell 49020 (Skill 771)
0,18034,1,0x00000020,SkillLineAbility Spell 53341 (Skill 771)
0,18108,1,0x00000020,SkillLineAbility Spell 53343 (Skill 771)
0,20226,1,0x00000020,SkillLineAbility Spell 59921 (Skill 771)
0,20646,1,0x00000020,SkillLineAbility Spell 61455 (Skill 771)
0,16232,1,0x00000020,SkillLineAbility Spell 42650 (Skill 772)
0,16233,1,0x00000020,SkillLineAbility Spell 42651 (Skill 772)
0,16237,1,0x00000020,SkillLineAbility Spell 43265 (Skill 772)
0,16238,1,0x00000020,SkillLineAbility Spell 45462 (Skill 772)
0,16291,1,0x00000020,SkillLineAbility Spell 46584 (Skill 772)
0,16433,1,0x00000020,SkillLineAbility Spell 47541 (Skill 772)
0,16434,1,0x00000020,SkillLineAbility Spell 47632 (Skill 772)
0,16435,1,0x00000020,SkillLineAbility Spell 47633 (Skill 772)
0,16612,1,0x00000020,SkillLineAbility Spell 48265 (Skill 772)
0,16694,1,0x00000020,SkillLineAbility Spell 48707 (Skill 772)
0,16698,1,0x00000020,SkillLineAbility Spell 48778 (Skill 772)
0,16939,1,0x00000020,SkillLineAbility Spell 49194 (Skill 772)
0,17101,1,0x00000020,SkillLineAbility Spell 49576 (Skill 772)
0,17103,1,0x00000020,SkillLineAbility Spell 49575 (Skill 772)
0,17250,1,0x00000020,SkillLineAbility Spell 49892 (Skill 772)
0,17251,1,0x00000020,SkillLineAbility Spell 49893 (Skill 772)
0,17252,1,0x00000020,SkillLineAbility Spell 49894 (Skill 772)
0,17253,1,0x00000020,SkillLineAbility Spell 49895 (Skill 772)
0,17265,1,0x00000020,SkillLineAbility Spell 49917 (Skill 772)
0,17266,1,0x00000020,SkillLineAbility Spell 49918 (Skill 772)
0,17267,1,0x00000020,SkillLineAbility Spell 49919 (Skill 772)
0,17268,1,0x00000020,SkillLineAbility Spell 49920 (Skill 772)
0,17269,1,0x00000020,SkillLineAbility Spell 49921 (Skill 772)
0,17279,1,0x00000020,SkillLineAbility Spell 49936 (Skill 772)
0,17280,1,0x00000020,SkillLineAbility Spell 49937 (Skill 772)
0,17281,1,0x00000020,SkillLineAbility Spell 49938 (Skill 772)
0,17562,1,0x00000020,SkillLineAbility Spell 51052 (Skill 772)
0,17761,1,0x00000020,SkillLineAbility Spell 49998 (Skill 772)
0,17762,1,0x00000020,SkillLineAbility Spell 49999 (Skill 772)
0,17763,1,0x00000020,SkillLineAbility Spell 45463 (Skill 772)
0,17764,1,0x00000020,SkillLineAbility Spell 49923 (Skill 772)
0,17765,1,0x00000020,SkillLineAbility Spell 49924 (Skill 772)
0,18121,1,0x00000020,SkillLineAbility Spell 53323 (Skill 776)
0,18122,1,0x00000020,SkillLineAbility Spell 53331 (Skill 776)
0,18123,1,0x00000020,SkillLineAbility Spell 53341 (Skill 776)
0,18124,1,0x00000020,SkillLineAbility Spell 53343 (Skill 776)
0,18125,1,0x00000020,SkillLineAbility Spell 53342 (Skill 776)
0,18126,1,0x00000020,SkillLineAbility Spell 53344 (Skill 776)
0,18127,1,0x00000020,SkillLineAbility Spell 53428 (Skill 776)
0,18888,1,0x00000020,SkillLineAbility Spell 54447 (Skill 776)
0,18889,1,0x00000020,SkillLineAbility Spell 54446 (Skill 776)
0,20748,1,0x00000020,SkillLineAbility Spell 62158 (Skill 776)
0,21341,1,0x00000020,SkillLineAbility Spell 70164 (Skill 776)
0,20089,0,0x00000405,SkillLineAbility Spell 23214 (Skill 777)
0,20089,1,0x00000002,SkillLineAbility Spell 23214 (Skill 777)
0,20090,0,0x00000200,SkillLineAbility Spell 34767 (Skill 777)
0,20090,1,0x00000002,SkillLineAbility Spell 34767 (Skill 777)
0,20091,0,0x00000405,SkillLineAbility Spell 13819 (Skill 777)
0,20091,1,0x00000002,SkillLineAbility Spell 13819 (Skill 777)
0,20092,0,0x00000200,SkillLineAbility Spell 34769 (Skill 777)
0,20092,1,0x00000002,SkillLineAbility Spell 34769 (Skill 777)
0,20110,0,0x000002B2,SkillLineAbility Spell 55531 (Skill 777)
0,20283,0,0x0000044D,SkillLineAbility Spell 60424 (Skill 777)
1,57,0,0xFFFFFFFF,SkillRaceClassInfo Entry 57 (Skill 6)
1,57,1,0x00000080,SkillRaceClassInfo Entry 57 (Skill 6)
1,301,0,0xFFFFFFFF,SkillRaceClassInfo Entry 301 (Skill 8)
1,301,1,0x00000080,SkillRaceClassInfo Entry 301 (Skill 8)
1,107,0,0xFFFFFFFF,SkillRaceClassInfo Entry 107 (Skill 26)
1,107,1,0x00000001,SkillRaceClassInfo Entry 107 (Skill 26)
1,82,0,0xFFFFFFFF,SkillRaceClassInfo Entry 82 (Skill 38)
1,82,1,0x00000008,SkillRaceClassInfo Entry 82 (Skill 38)
1,75,0,0xFFFFFFFF,SkillRaceClassInfo Entry 75 (Skill 39)
1,75,1,0x00000008,SkillRaceClassInfo Entry 75 (Skill 39)
1,140,0,0x0000045B,SkillRaceClassInfo Entry 140 (Skill 43)
1,140,1,0x00000001,SkillRaceClassInfo Entry 140 (Skill 43)
1,328,0,0x00000BFF,SkillRaceClassInfo Entry 328 (Skill 43)
1,328,1,0x00000004,SkillRaceClassInfo Entry 328 (Skill 43)
1,638,0,0x000000A4,SkillRaceClassInfo Entry 638 (Skill 43)
1,638,1,0x00000001,SkillRaceClassInfo Entry 638 (Skill 43)
1,872,0,0x00007FFF,SkillRaceClassInfo Entry 872 (Skill 43)
1,872,1,0x00000008,SkillRaceClassInfo Entry 872 (Skill 43)
1,880,0,0x00000400,SkillRaceClassInfo Entry 880 (Skill 43)
1,880,1,0x00000004,SkillRaceClassInfo Entry 880 (Skill 43)
1,881,0,0x00007FFF,SkillRaceClassInfo Entry 881 (Skill 43)
1,881,1,0x00000180,SkillRaceClassInfo Entry 881 (Skill 43)
1,885,0,0x00000405,SkillRaceClassInfo Entry 885 (Skill 43)
1,885,1,0x00000002,SkillRaceClassInfo Entry 885 (Skill 43)
1,886,0,0x00000200,SkillRaceClassInfo Entry 886 (Skill 43)
1,886,1,0x00000002,SkillRaceClassInfo Entry 886 (Skill 43)
1,910,0,0x0003FFFF,SkillRaceClassInfo Entry 910 (Skill 43)
1,910,1,0x00000020,SkillRaceClassInfo Entry 910 (Skill 43)
1,117,0,0x000000A6,SkillRaceClassInfo Entry 117 (Skill 44)
1,117,1,0x00000004,SkillRaceClassInfo Entry 117 (Skill 44)
1,335,0,0x7FFFFFFF,SkillRaceClassInfo Entry 335 (Skill 44)
1,335,1,0x0000004A,SkillRaceClassInfo Entry 335 (Skill 44)
1,628,0,0x00000608,SkillRaceClassInfo Entry 628 (Skill 44)
1,628,1,0x00000004,SkillRaceClassInfo Entry 628 (Skill 44)
1,629,0,0x000000A7,SkillRaceClassInfo Entry 629 (Skill 44)
1,629,1,0x00000001,SkillRaceClassInfo Entry 629 (Skill 44)
1,630,0,0x00000458,SkillRaceClassInfo Entry 630 (Skill 44)
1,630,1,0x00000001,SkillRaceClassInfo Entry 630 (Skill 44)
1,912,0,0x0003FFFF,SkillRaceClassInfo Entry 912 (Skill 44)
1,912,1,0x00000020,SkillRaceClassInfo Entry 912 (Skill 44)
1,126,0,0x0000028A,SkillRaceClassInfo Entry 126 (Skill 45)
1,126,1,0x00000004,SkillRaceClassInfo Entry 126 (Skill 45)
1,127,0,0x00007FFF,SkillRaceClassInfo Entry 127 (Skill 45)
1,127,1,0x0000000D,SkillRaceClassInfo Entry 127 (Skill 45)
1,133,0,0x00000024,SkillRaceClassInfo Entry 133 (Skill 46)
1,133,1,0x00000004,SkillRaceClassInfo Entry 133 (Skill 46)
1,134,0,0x00007FFF,SkillRaceClassInfo Entry 134 (Skill 46)
1,134,1,0x00000009,SkillRaceClassInfo Entry 134 (Skill 46)
1,635,0,0x0000068A,SkillRaceClassInfo Entry 635 (Skill 46)
1,635,1,0x00000004,SkillRaceClassInfo Entry 635 (Skill 46)
1,31,0,0xFFFFFFFF,SkillRaceClassInfo Entry 31 (Skill 50)
1,31,1,0x00000004,SkillRaceClassInfo Entry 31 (Skill 50)
1,39,0,0xFFFFFFFF,SkillRaceClassInfo Entry 39 (Skill 51)
1,39,1,0x00000004,SkillRaceClassInfo Entry 39 (Skill 51)
1,135,0,0x7FFFFFFF,SkillRaceClassInfo Entry 135 (Skill 54)
1,135,1,0x00000050,SkillRaceClassInfo Entry 135 (Skill 54)
1,325,0,0xFFFFFFFF,SkillRaceClassInfo Entry 325 (Skill 54)
1,325,1,0x00000008,SkillRaceClassInfo Entry 325 (Skill 54)
1,636,0,0x0000046D,SkillRaceClassInfo Entry 636 (Skill 54)
1,636,1,0x00000001,SkillRaceClassInfo Entry 636 (Skill 54)
1,637,0,0x00000292,SkillRaceClassInfo Entry 637 (Skill 54)
1,637,1,0x00000001,SkillRaceClassInfo Entry 637 (Skill 54)
1,643,0,0x00000008,SkillRaceClassInfo Entry 643 (Skill 54)
1,643,1,0x00000400,SkillRaceClassInfo Entry 643 (Skill 54)
1,644,0,0x00000020,SkillRaceClassInfo Entry 644 (Skill 54)
1,644,1,0x00000400,SkillRaceClassInfo Entry 644 (Skill 54)
1,888,0,0x0003FDFF,SkillRaceClassInfo Entry 888 (Skill 54)
1,888,1,0x00000002,SkillRaceClassInfo Entry 888 (Skill 54)
1,889,0,0x00000200,SkillRaceClassInfo Entry 889 (Skill 54)
1,889,1,0x00000002,SkillRaceClassInfo Entry 889 (Skill 54)
1,914,0,0x0003FFFF,SkillRaceClassInfo Entry 914 (Skill 54)
1,914,1,0x00000020,SkillRaceClassInfo Entry 914 (Skill 54)
1,125,0,0x0003FFFF,SkillRaceClassInfo Entry 125 (Skill 55)
1,125,1,0x00000004,SkillRaceClassInfo Entry 125 (Skill 55)
1,626,0,0x00027FFF,SkillRaceClassInfo Entry 626 (Skill 55)
1,626,1,0x00000001,SkillRaceClassInfo Entry 626 (Skill 55)
1,884,0,0x00000200,SkillRaceClassInfo Entry 884 (Skill 55)
1,884,1,0x00000002,SkillRaceClassInfo Entry 884 (Skill 55)
1,898,0,0x0003FFFF,SkillRaceClassInfo Entry 898 (Skill 55)
1,898,1,0x00000020,SkillRaceClassInfo Entry 898 (Skill 55)
1,901,0,0x0003FDFF,SkillRaceClassInfo Entry 901 (Skill 55)
1,901,1,0x00000002,SkillRaceClassInfo Entry 901 (Skill 55)
1,58,0,0xFFFFFFFF,SkillRaceClassInfo Entry 58 (Skill 56)
1,58,1,0x00000010,SkillRaceClassInfo Entry 58 (Skill 56)
1,60,0,0xFFFFFFFF,SkillRaceClassInfo Entry 60 (Skill 78)
1,60,1,0x00000010,SkillRaceClassInfo Entry 60 (Skill 78)
1,4,0,0x7FFFFFFF,SkillRaceClassInfo Entry 4 (Skill 95)
1,4,1,0x0003FFDF,SkillRaceClassInfo Entry 4 (Skill 95)
1,916,0,0x0007FFFF,SkillRaceClassInfo Entry 916 (Skill 95)
1,916,1,0x00000020,SkillRaceClassInfo Entry 916 (Skill 95)
1,59,0,0x000007FF,SkillRaceClassInfo Entry 59 (Skill 96)
1,59,1,0x00000400,SkillRaceClassInfo Entry 59 (Skill 96)
1,40,0,0x0000044D,SkillRaceClassInfo Entry 40 (Skill 98)
1,40,1,0x000005FF,SkillRaceClassInfo Entry 40 (Skill 98)
1,41,0,0x000002A2,SkillRaceClassInfo Entry 41 (Skill 98)
1,41,1,0x000005DF,SkillRaceClassInfo Entry 41 (Skill 98)
1,68,0,0x00000004,SkillRaceClassInfo Entry 68 (Skill 101)
1,68,1,0x000005FF,SkillRaceClassInfo Entry 68 (Skill 101)
1,48,0,0x000002B2,SkillRaceClassInfo Entry 48 (Skill 109)
1,48,1,0x000005FF,SkillRaceClassInfo Entry 48 (Skill 109)
1,49,0,0x0000044D,SkillRaceClassInfo Entry 49 (Skill 109)
1,49,1,0x000005DF,SkillRaceClassInfo Entry 49 (Skill 109)
1,44,0,0x00000004,SkillRaceClassInfo Entry 44 (Skill 111)
1,44,1,0x000005FF,SkillRaceClassInfo Entry 44 (Skill 111)
1,45,0,0x000007FB,SkillRaceClassInfo Entry 45 (Skill 111)
1,45,1,0x000005DF,SkillRaceClassInfo Entry 45 (Skill 111)
1,42,0,0x00000008,SkillRaceClassInfo Entry 42 (Skill 113)
1,42,1,0x000005FF,SkillRaceClassInfo Entry 42 (Skill 113)
1,43,0,0x000007F7,SkillRaceClassInfo Entry 43 (Skill 113)
1,43,1,0x000005DF,SkillRaceClassInfo Entry 43 (Skill 113)
1,50,0,0x00000020,SkillRaceClassInfo Entry 50 (Skill 115)
1,50,1,0x000005FF,SkillRaceClassInfo Entry 50 (Skill 115)
1,51,0,0x000007DF,SkillRaceClassInfo Entry 51 (Skill 115)
1,51,1,0x000005DF,SkillRaceClassInfo Entry 51 (Skill 115)
1,131,0,0x00007FFF,SkillRaceClassInfo Entry 131 (Skill 118)
1,131,1,0x00000008,SkillRaceClassInfo Entry 131 (Skill 118)
1,132,0,0x00007FFF,SkillRaceClassInfo Entry 132 (Skill 118)
1,132,1,0x00000005,SkillRaceClassInfo Entry 132 (Skill 118)
1,883,0,0x00007FFF,SkillRaceClassInfo Entry 883 (Skill 118)
1,883,1,0x00000040,SkillRaceClassInfo Entry 883 (Skill 118)
1,913,0,0x0003FFFF,SkillRaceClassInfo Entry 913 (Skill 118)
1,913,1,0x00000020,SkillRaceClassInfo Entry 913 (Skill 118)
1,105,0,0x000007FF,SkillRaceClassInfo Entry 105 (Skill 120)
1,105,1,0x00000100,SkillRaceClassInfo Entry 105 (Skill 120)
1,71,0,0x00000020,SkillRaceClassInfo Entry 71 (Skill 124)
1,71,1,0x000005FF,SkillRaceClassInfo Entry 71 (Skill 124)
1,70,0,0x00000002,SkillRaceClassInfo Entry 70 (Skill 125)
1,70,1,0x000005FF,SkillRaceClassInfo Entry 70 (Skill 125)
1,69,0,0x00000008,SkillRaceClassInfo Entry 69 (Skill 126)
1,69,1,0x000005FF,SkillRaceClassInfo Entry 69 (Skill 126)
1,86,0,0xFFFFFFFF,SkillRaceClassInfo Entry 86 (Skill 129)
1,86,1,0x0003FFDF,SkillRaceClassInfo Entry 86 (Skill 129)
1,925,0,0xFFFFFFFF,SkillRaceClassInfo Entry 925 (Skill 129)
1,925,1,0x00000020,SkillRaceClassInfo Entry 925 (Skill 129)
1,54,0,0x000007FF,SkillRaceClassInfo Entry 54 (Skill 130)
1,54,1,0x00000080,SkillRaceClassInfo Entry 54 (Skill 130)
1,25,0,0xFFFFFFFF,SkillRaceClassInfo Entry 25 (Skill 134)
1,25,1,0x00000400,SkillRaceClassInfo Entry 25 (Skill 134)
1,138,0,0x00007FFF,SkillRaceClassInfo Entry 138 (Skill 136)
1,138,1,0x000005D0,SkillRaceClassInfo Entry 138 (Skill 136)
1,139,0,0x00007FFF,SkillRaceClassInfo Entry 139 (Skill 136)
1,139,1,0x00000005,SkillRaceClassInfo Entry 139 (Skill 136)
1,91,0,0x000005FF,SkillRaceClassInfo Entry 91 (Skill 137)
1,91,1,0x000005DF,SkillRaceClassInfo Entry 91 (Skill 137)
1,882,0,0x00000200,SkillRaceClassInfo Entry 882 (Skill 137)
1,882,1,0x000005FF,SkillRaceClassInfo Entry 882 (Skill 137)
1,85,0,0x000007FF,SkillRaceClassInfo Entry 85 (Skill 138)
1,85,1,0x000005FF,SkillRaceClassInfo Entry 85 (Skill 138)
1,84,0,0x000007FF,SkillRaceClassInfo Entry 84 (Skill 139)
1,84,1,0x000005FF,SkillRaceClassInfo Entry 84 (Skill 139)
1,93,0,0x000007FF,SkillRaceClassInfo Entry 93 (Skill 140)
1,93,1,0x000005FF,SkillRaceClassInfo Entry 93 (Skill 140)
1,88,0,0x000007FF,SkillRaceClassInfo Entry 88 (Skill 141)
1,88,1,0x000005FF,SkillRaceClassInfo Entry 88 (Skill 141)
1,865,0,0x000007FF,SkillRaceClassInfo Entry 865 (Skill 142)
1,865,1,0x000005FF,SkillRaceClassInfo Entry 865 (Skill 142)
1,87,0,0x00000001,SkillRaceClassInfo Entry 87 (Skill 148)
1,87,1,0x000005DF,SkillRaceClassInfo Entry 87 (Skill 148)
1,441,0,0x000000DE,SkillRaceClassInfo Entry 441 (Skill 148)
1,441,1,0x000005FF,SkillRaceClassInfo Entry 441 (Skill 148)
1,94,0,0x00000002,SkillRaceClassInfo Entry 94 (Skill 149)
1,94,1,0x000005DF,SkillRaceClassInfo Entry 94 (Skill 149)
1,443,0,0x000001FD,SkillRaceClassInfo Entry 443 (Skill 149)
1,443,1,0x000005FF,SkillRaceClassInfo Entry 443 (Skill 149)
1,92,0,0x00000008,SkillRaceClassInfo Entry 92 (Skill 150)
1,92,1,0x000005DF,SkillRaceClassInfo Entry 92 (Skill 150)
1,481,0,0x000000D7,SkillRaceClassInfo Entry 481 (Skill 150)
1,481,1,0x000005FF,SkillRaceClassInfo Entry 481 (Skill 150)
1,89,0,0x00000004,SkillRaceClassInfo Entry 89 (Skill 152)
1,89,1,0x000005DF,SkillRaceClassInfo Entry 89 (Skill 152)
1,442,0,0x000000DB,SkillRaceClassInfo Entry 442 (Skill 152)
1,442,1,0x000005FF,SkillRaceClassInfo Entry 442 (Skill 152)
1,123,0,0x0003FFFF,SkillRaceClassInfo Entry 123 (Skill 160)
1,123,1,0x00000002,SkillRaceClassInfo Entry 123 (Skill 160)
1,124,0,0xFFFFFFFF,SkillRaceClassInfo Entry 124 (Skill 160)
1,124,1,0x00000400,SkillRaceClassInfo Entry 124 (Skill 160)
1,624,0,0x00000020,SkillRaceClassInfo Entry 624 (Skill 160)
1,624,1,0x00000001,SkillRaceClassInfo Entry 624 (Skill 160)
1,625,0,0x0003FFDF,SkillRaceClassInfo Entry 625 (Skill 160)
1,625,1,0x00000001,SkillRaceClassInfo Entry 625 (Skill 160)
1,702,0,0xFFFFFFFF,SkillRaceClassInfo Entry 702 (Skill 160)
1,702,1,0x00000040,SkillRaceClassInfo Entry 702 (Skill 160)
1,908,0,0x0003FFFF,SkillRaceClassInfo Entry 908 (Skill 160)
1,908,1,0x00000020,SkillRaceClassInfo Entry 908 (Skill 160)
1,6,0,0x7FFFFFFF,SkillRaceClassInfo Entry 6 (Skill 162)
1,6,1,0x000005DF,SkillRaceClassInfo Entry 6 (Skill 162)
1,922,0,0x0003FFFF,SkillRaceClassInfo Entry 922 (Skill 162)
1,922,1,0x00000020,SkillRaceClassInfo Entry 922 (Skill 162)
1,33,0,0xFFFFFFFF,SkillRaceClassInfo Entry 33 (Skill 163)
1,33,1,0x00000004,SkillRaceClassInfo Entry 33 (Skill 163)
1,243,0,0x000007FF,SkillRaceClassInfo Entry 243 (Skill 164)
1,243,1,0x000005FF,SkillRaceClassInfo Entry 243 (Skill 164)
1,899,0,0x000007FF,SkillRaceClassInfo Entry 899 (Skill 165)
1,899,1,0x000005FF,SkillRaceClassInfo Entry 899 (Skill 165)
1,241,0,0x000007FF,SkillRaceClassInfo Entry 241 (Skill 171)
1,241,1,0x000005FF,SkillRaceClassInfo Entry 241 (Skill 171)
1,122,0,0x00027FFF,SkillRaceClassInfo Entry 122 (Skill 172)
1,122,1,0x00000002,SkillRaceClassInfo Entry 122 (Skill 172)
1,621,0,0x00000006,SkillRaceClassInfo Entry 621 (Skill 172)
1,621,1,0x00000001,SkillRaceClassInfo Entry 621 (Skill 172)
1,622,0,0x000005F9,SkillRaceClassInfo Entry 622 (Skill 172)
1,622,1,0x00000001,SkillRaceClassInfo Entry 622 (Skill 172)
1,701,0,0x00027FFF,SkillRaceClassInfo Entry 701 (Skill 172)
1,701,1,0x00000040,SkillRaceClassInfo Entry 701 (Skill 172)
1,907,0,0x0007FFFF,SkillRaceClassInfo Entry 907 (Skill 172)
1,907,1,0x00000020,SkillRaceClassInfo Entry 907 (Skill 172)
1,970,0,0x00027FFF,SkillRaceClassInfo Entry 970 (Skill 172)
1,970,1,0x00000004,SkillRaceClassInfo Entry 970 (Skill 172)
1,129,0,0x00007FFF,SkillRaceClassInfo Entry 129 (Skill 173)
1,129,1,0x00000108,SkillRaceClassInfo Entry 129 (Skill 173)
1,323,0,0x00007FFF,SkillRaceClassInfo Entry 323 (Skill 173)
1,323,1,0x000000D0,SkillRaceClassInfo Entry 323 (Skill 173)
1,631,0,0x00000208,SkillRaceClassInfo Entry 631 (Skill 173)
1,631,1,0x00000004,SkillRaceClassInfo Entry 631 (Skill 173)
1,632,0,0x000004A6,SkillRaceClassInfo Entry 632 (Skill 173)
1,632,1,0x00000004,SkillRaceClassInfo Entry 632 (Skill 173)
1,633,0,0x000000D8,SkillRaceClassInfo Entry 633 (Skill 173)
1,633,1,0x00000001,SkillRaceClassInfo Entry 633 (Skill 173)
1,634,0,0x00000427,SkillRaceClassInfo Entry 634 (Skill 173)
1,634,1,0x00000001,SkillRaceClassInfo Entry 634 (Skill 173)
1,641,0,0x00000020,SkillRaceClassInfo Entry 641 (Skill 173)
1,641,1,0x00000400,SkillRaceClassInfo Entry 641 (Skill 173)
1,642,0,0x00000008,SkillRaceClassInfo Entry 642 (Skill 173)
1,642,1,0x00000400,SkillRaceClassInfo Entry 642 (Skill 173)
1,142,0,0xFFFFFFFF,SkillRaceClassInfo Entry 142 (Skill 176)
1,142,1,0x00000008,SkillRaceClassInfo Entry 142 (Skill 176)
1,143,0,0xFFFFFFFF,SkillRaceClassInfo Entry 143 (Skill 176)
1,143,1,0x00000004,SkillRaceClassInfo Entry 143 (Skill 176)
1,639,0,0x00000080,SkillRaceClassInfo Entry 639 (Skill 176)
1,639,1,0x00000001,SkillRaceClassInfo Entry 639 (Skill 176)
1,640,0,0x0003FF7F,SkillRaceClassInfo Entry 640 (Skill 176)
1,640,1,0x00000001,SkillRaceClassInfo Entry 640 (Skill 176)
1,28,0,0x000007FF,SkillRaceClassInfo Entry 28 (Skill 182)
1,28,1,0x000005FF,SkillRaceClassInfo Entry 28 (Skill 182)
1,5,0,0xFFFFFFFF,SkillRaceClassInfo Entry 5 (Skill 183)
1,5,1,0x0003FFFF,SkillRaceClassInfo Entry 5 (Skill 183)
1,63,0,0xFFFFFFFF,SkillRaceClassInfo Entry 63 (Skill 184)
1,63,1,0x00000002,SkillRaceClassInfo Entry 63 (Skill 184)
1,282,0,0x000007FF,SkillRaceClassInfo Entry 282 (Skill 185)
1,282,1,0x000005FF,SkillRaceClassInfo Entry 282 (Skill 185)
1,29,0,0x000007FF,SkillRaceClassInfo Entry 29 (Skill 186)
1,29,1,0x000005FF,SkillRaceClassInfo Entry 29 (Skill 186)
1,284,0,0x000007FF,SkillRaceClassInfo Entry 284 (Skill 197)
1,284,1,0x000005FF,SkillRaceClassInfo Entry 284 (Skill 197)
1,65,0,0x000007FF,SkillRaceClassInfo Entry 65 (Skill 198)
1,65,1,0x00000002,SkillRaceClassInfo Entry 65 (Skill 198)
1,97,0,0x000007FF,SkillRaceClassInfo Entry 97 (Skill 199)
1,97,1,0x00000040,SkillRaceClassInfo Entry 97 (Skill 199)
1,244,0,0x000007FF,SkillRaceClassInfo Entry 244 (Skill 202)
1,244,1,0x000005FF,SkillRaceClassInfo Entry 244 (Skill 202)
1,940,0,0x0007FFFF,SkillRaceClassInfo Entry 940 (Skill 205)
1,940,1,0x00000080,SkillRaceClassInfo Entry 940 (Skill 205)
1,72,0,0x00000010,SkillRaceClassInfo Entry 72 (Skill 220)
1,72,1,0x000005FF,SkillRaceClassInfo Entry 72 (Skill 220)
1,128,0,0x00007FFF,SkillRaceClassInfo Entry 128 (Skill 226)
1,128,1,0x00000009,SkillRaceClassInfo Entry 128 (Skill 226)
1,878,0,0x00000400,SkillRaceClassInfo Entry 878 (Skill 226)
1,878,1,0x00000004,SkillRaceClassInfo Entry 878 (Skill 226)
1,879,0,0x00007BFF,SkillRaceClassInfo Entry 879 (Skill 226)
1,879,1,0x00000004,SkillRaceClassInfo Entry 879 (Skill 226)
1,137,0,0x000007FF,SkillRaceClassInfo Entry 137 (Skill 227)
1,137,1,0x00000405,SkillRaceClassInfo Entry 137 (Skill 227)
1,144,0,0xFFFFFFFF,SkillRaceClassInfo Entry 144 (Skill 228)
1,144,1,0x00000190,SkillRaceClassInfo Entry 144 (Skill 228)
1,136,0,0x00007FFF,SkillRaceClassInfo Entry 136 (Skill 229)
1,136,1,0x00000407,SkillRaceClassInfo Entry 136 (Skill 229)
1,915,0,0x0003FFFF,SkillRaceClassInfo Entry 915 (Skill 229)
1,915,1,0x00000020,SkillRaceClassInfo Entry 915 (Skill 229)
1,55,0,0xFFFFFFFF,SkillRaceClassInfo Entry 55 (Skill 237)
1,55,1,0x00000080,SkillRaceClassInfo Entry 55 (Skill 237)
1,79,0,0x000007FF,SkillRaceClassInfo Entry 79 (Skill 238)
1,79,1,0x00000008,SkillRaceClassInfo Entry 79 (Skill 238)
1,81,0,0x000007FF,SkillRaceClassInfo Entry 81 (Skill 239)
1,81,1,0x00000008,SkillRaceClassInfo Entry 81 (Skill 239)
1,76,0,0x000007FF,SkillRaceClassInfo Entry 76 (Skill 241)
1,76,1,0x00000008,SkillRaceClassInfo Entry 76 (Skill 241)
1,149,0,0x000007FF,SkillRaceClassInfo Entry 149 (Skill 242)
1,149,1,0x00000008,SkillRaceClassInfo Entry 149 (Skill 242)
1,112,0,0x000007FF,SkillRaceClassInfo Entry 112 (Skill 243)
1,112,1,0x00000001,SkillRaceClassInfo Entry 112 (Skill 243)
1,111,0,0x000007FF,SkillRaceClassInfo Entry 111 (Skill 244)
1,111,1,0x00000001,SkillRaceClassInfo Entry 111 (Skill 244)
1,106,0,0x000007FF,SkillRaceClassInfo Entry 106 (Skill 245)
1,106,1,0x00000001,SkillRaceClassInfo Entry 106 (Skill 245)
1,66,0,0x000007FF,SkillRaceClassInfo Entry 66 (Skill 246)
1,66,1,0x00000002,SkillRaceClassInfo Entry 66 (Skill 246)
1,26,0,0x000007FF,SkillRaceClassInfo Entry 26 (Skill 247)
1,26,1,0x00000400,SkillRaceClassInfo Entry 26 (Skill 247)
1,83,0,0x000007FF,SkillRaceClassInfo Entry 83 (Skill 252)
1,83,1,0x00000009,SkillRaceClassInfo Entry 83 (Skill 252)
1,74,0,0xFFFFFFFF,SkillRaceClassInfo Entry 74 (Skill 253)
1,74,1,0x00000008,SkillRaceClassInfo Entry 74 (Skill 253)
1,73,0,0x000007FF,SkillRaceClassInfo Entry 73 (Skill 254)
1,73,1,0x00000008,SkillRaceClassInfo Entry 73 (Skill 254)
1,108,0,0x000007FF,SkillRaceClassInfo Entry 108 (Skill 255)
1,108,1,0x00000001,SkillRaceClassInfo Entry 108 (Skill 255)
1,109,0,0xFFFFFFFF,SkillRaceClassInfo Entry 109 (Skill 256)
1,109,1,0x00000001,SkillRaceClassInfo Entry 109 (Skill 256)
1,110,0,0xFFFFFFFF,SkillRaceClassInfo Entry 110 (Skill 257)
1,110,1,0x00000001,SkillRaceClassInfo Entry 110 (Skill 257)
1,113,0,0x000007FF,SkillRaceClassInfo Entry 113 (Skill 258)
1,113,1,0x00000001,SkillRaceClassInfo Entry 113 (Skill 258)
1,38,0,0x000007FF,SkillRaceClassInfo Entry 38 (Skill 260)
1,38,1,0x00000004,SkillRaceClassInfo Entry 38 (Skill 260)
1,35,0,0x000007FF,SkillRaceClassInfo Entry 35 (Skill 262)
1,35,1,0x00000004,SkillRaceClassInfo Entry 35 (Skill 262)
1,36,0,0x000007FF,SkillRaceClassInfo Entry 36 (Skill 263)
1,36,1,0x00000004,SkillRaceClassInfo Entry 36 (Skill 263)
1,37,0,0x000007FF,SkillRaceClassInfo Entry 37 (Skill 264)
1,37,1,0x00000004,SkillRaceClassInfo Entry 37 (Skill 264)
1,61,0,0xFFFFFFFF,SkillRaceClassInfo Entry 61 (Skill 267)
1,61,1,0x00000002,SkillRaceClassInfo Entry 61 (Skill 267)
1,62,0,0x000007FF,SkillRaceClassInfo Entry 62 (Skill 268)
1,62,1,0x00000002,SkillRaceClassInfo Entry 62 (Skill 268)
1,64,0,0x000007FF,SkillRaceClassInfo Entry 64 (Skill 269)
1,64,1,0x00000002,SkillRaceClassInfo Entry 64 (Skill 269)
1,24,0,0x000007FF,SkillRaceClassInfo Entry 24 (Skill 272)
1,24,1,0x00000400,SkillRaceClassInfo Entry 24 (Skill 272)
1,34,0,0x000007FF,SkillRaceClassInfo Entry 34 (Skill 273)
1,34,1,0x00000004,SkillRaceClassInfo Entry 34 (Skill 273)
1,21,0,0x000007FF,SkillRaceClassInfo Entry 21 (Skill 293)
1,21,1,0x00000003,SkillRaceClassInfo Entry 21 (Skill 293)
1,906,0,0x0003FFFF,SkillRaceClassInfo Entry 906 (Skill 293)
1,906,1,0x00000020,SkillRaceClassInfo Entry 906 (Skill 293)
1,46,0,0x00000040,SkillRaceClassInfo Entry 46 (Skill 313)
1,46,1,0x000005FF,SkillRaceClassInfo Entry 46 (Skill 313)
1,47,0,0x000007BF,SkillRaceClassInfo Entry 47 (Skill 313)
1,47,1,0x000005DF,SkillRaceClassInfo Entry 47 (Skill 313)
1,52,0,0x00000080,SkillRaceClassInfo Entry 52 (Skill 315)
1,52,1,0x000005FF,SkillRaceClassInfo Entry 52 (Skill 315)
1,53,0,0x0000077F,SkillRaceClassInfo Entry 53 (Skill 315)
1,53,1,0x000005DF,SkillRaceClassInfo Entry 53 (Skill 315)
1,281,0,0x000007FF,SkillRaceClassInfo Entry 281 (Skill 333)
1,281,1,0x000005FF,SkillRaceClassInfo Entry 281 (Skill 333)
1,104,0,0x000007FF,SkillRaceClassInfo Entry 104 (Skill 353)
1,104,1,0x00000100,SkillRaceClassInfo Entry 104 (Skill 353)
1,102,0,0xFFFFFFFF,SkillRaceClassInfo Entry 102 (Skill 354)
1,102,1,0x00000100,SkillRaceClassInfo Entry 102 (Skill 354)
1,101,0,0xFFFFFFFF,SkillRaceClassInfo Entry 101 (Skill 355)
1,101,1,0x00000100,SkillRaceClassInfo Entry 101 (Skill 355)
1,27,0,0x000007FF,SkillRaceClassInfo Entry 27 (Skill 356)
1,27,1,0x000005FF,SkillRaceClassInfo Entry 27 (Skill 356)
1,95,0,0xFFFFFFFF,SkillRaceClassInfo Entry 95 (Skill 373)
1,95,1,0x00000040,SkillRaceClassInfo Entry 95 (Skill 373)
1,98,0,0x0003FFFF,SkillRaceClassInfo Entry 98 (Skill 374)
1,98,1,0x00000040,SkillRaceClassInfo Entry 98 (Skill 374)
1,96,0,0x0003FFFF,SkillRaceClassInfo Entry 96 (Skill 375)
1,96,1,0x00000040,SkillRaceClassInfo Entry 96 (Skill 375)
1,30,0,0x000007FF,SkillRaceClassInfo Entry 30 (Skill 393)
1,30,1,0x000005FF,SkillRaceClassInfo Entry 30 (Skill 393)
1,145,0,0x000007FF,SkillRaceClassInfo Entry 145 (Skill 413)
1,145,1,0x00000044,SkillRaceClassInfo Entry 145 (Skill 413)
1,146,0,0x000007FF,SkillRaceClassInfo Entry 146 (Skill 413)
1,146,1,0x00000023,SkillRaceClassInfo Entry 146 (Skill 413)
1,147,0,0x000007FF,SkillRaceClassInfo Entry 147 (Skill 414)
1,147,1,0x0000046F,SkillRaceClassInfo Entry 147 (Skill 414)
1,148,0,0x000007FF,SkillRaceClassInfo Entry 148 (Skill 415)
1,148,1,0x000005FF,SkillRaceClassInfo Entry 148 (Skill 415)
1,151,0,0x000007FF,SkillRaceClassInfo Entry 151 (Skill 416)
1,151,1,0x00000001,SkillRaceClassInfo Entry 151 (Skill 416)
1,155,0,0x000007FF,SkillRaceClassInfo Entry 155 (Skill 416)
1,155,1,0x00000002,SkillRaceClassInfo Entry 155 (Skill 416)
1,158,0,0x000007FF,SkillRaceClassInfo Entry 158 (Skill 416)
1,158,1,0x00000440,SkillRaceClassInfo Entry 158 (Skill 416)
1,159,0,0x000007FF,SkillRaceClassInfo Entry 159 (Skill 416)
1,159,1,0x0000000C,SkillRaceClassInfo Entry 159 (Skill 416)
1,271,0,0x000007FF,SkillRaceClassInfo Entry 271 (Skill 416)
1,271,1,0x00000190,SkillRaceClassInfo Entry 271 (Skill 416)
1,175,0,0x000007FF,SkillRaceClassInfo Entry 175 (Skill 418)
1,175,1,0x00000001,SkillRaceClassInfo Entry 175 (Skill 418)
1,178,0,0x000007FF,SkillRaceClassInfo Entry 178 (Skill 418)
1,178,1,0x00000002,SkillRaceClassInfo Entry 178 (Skill 418)
1,183,0,0x000007FF,SkillRaceClassInfo Entry 183 (Skill 418)
1,183,1,0x00000504,SkillRaceClassInfo Entry 183 (Skill 418)
1,186,0,0x000007FF,SkillRaceClassInfo Entry 186 (Skill 418)
1,186,1,0x00000090,SkillRaceClassInfo Entry 186 (Skill 418)
1,270,0,0x000007FF,SkillRaceClassInfo Entry 270 (Skill 418)
1,270,1,0x00000048,SkillRaceClassInfo Entry 270 (Skill 418)
1,189,0,0x000007FF,SkillRaceClassInfo Entry 189 (Skill 419)
1,189,1,0x0000000C,SkillRaceClassInfo Entry 189 (Skill 419)
1,191,0,0x000007FF,SkillRaceClassInfo Entry 191 (Skill 419)
1,191,1,0x00000400,SkillRaceClassInfo Entry 191 (Skill 419)
1,193,0,0x000007FF,SkillRaceClassInfo Entry 193 (Skill 419)
1,193,1,0x00000090,SkillRaceClassInfo Entry 193 (Skill 419)
1,198,0,0x000007FF,SkillRaceClassInfo Entry 198 (Skill 419)
1,198,1,0x00000002,SkillRaceClassInfo Entry 198 (Skill 419)
1,200,0,0x000007FF,SkillRaceClassInfo Entry 200 (Skill 419)
1,200,1,0x00000001,SkillRaceClassInfo Entry 200 (Skill 419)
1,265,0,0x000007FF,SkillRaceClassInfo Entry 265 (Skill 419)
1,265,1,0x00000100,SkillRaceClassInfo Entry 265 (Skill 419)
1,266,0,0x000007FF,SkillRaceClassInfo Entry 266 (Skill 419)
1,266,1,0x00000040,SkillRaceClassInfo Entry 266 (Skill 419)
1,203,0,0x000007FF,SkillRaceClassInfo Entry 203 (Skill 420)
1,203,1,0x0000000D,SkillRaceClassInfo Entry 203 (Skill 420)
1,204,0,0x000007FF,SkillRaceClassInfo Entry 204 (Skill 420)
1,204,1,0x00000402,SkillRaceClassInfo Entry 204 (Skill 420)
1,205,0,0x000007FF,SkillRaceClassInfo Entry 205 (Skill 420)
1,205,1,0x00000110,SkillRaceClassInfo Entry 205 (Skill 420)
1,268,0,0x000007FF,SkillRaceClassInfo Entry 268 (Skill 420)
1,268,1,0x00000080,SkillRaceClassInfo Entry 268 (Skill 420)
1,269,0,0x000007FF,SkillRaceClassInfo Entry 269 (Skill 420)
1,269,1,0x00000040,SkillRaceClassInfo Entry 269 (Skill 420)
1,246,0,0x000007FF,SkillRaceClassInfo Entry 246 (Skill 433)
1,246,1,0x00000043,SkillRaceClassInfo Entry 246 (Skill 433)
1,272,0,0x000007FF,SkillRaceClassInfo Entry 272 (Skill 453)
1,272,1,0x00000003,SkillRaceClassInfo Entry 272 (Skill 453)
1,330,0,0x00000FFF,SkillRaceClassInfo Entry 330 (Skill 473)
1,330,1,0x0000044D,SkillRaceClassInfo Entry 330 (Skill 473)
1,381,0,0x00000008,SkillRaceClassInfo Entry 381 (Skill 493)
1,381,1,0x000005FF,SkillRaceClassInfo Entry 381 (Skill 493)
1,403,0,0x000007FF,SkillRaceClassInfo Entry 403 (Skill 515)
1,403,1,0x000005DF,SkillRaceClassInfo Entry 403 (Skill 515)
1,445,0,0x00000080,SkillRaceClassInfo Entry 445 (Skill 533)
1,445,1,0x000005FF,SkillRaceClassInfo Entry 445 (Skill 533)
1,446,0,0x0000005F,SkillRaceClassInfo Entry 446 (Skill 533)
1,446,1,0x000005DF,SkillRaceClassInfo Entry 446 (Skill 533)
1,461,0,0x00000040,SkillRaceClassInfo Entry 461 (Skill 553)
1,461,1,0x000005DF,SkillRaceClassInfo Entry 461 (Skill 553)
1,501,0,0x00000004,SkillRaceClassInfo Entry 501 (Skill 553)
1,501,1,0x000005FF,SkillRaceClassInfo Entry 501 (Skill 553)
1,463,0,0x00000010,SkillRaceClassInfo Entry 463 (Skill 554)
1,463,1,0x000005DF,SkillRaceClassInfo Entry 463 (Skill 554)
1,464,0,0x000000CF,SkillRaceClassInfo Entry 464 (Skill 554)
1,464,1,0x000005FF,SkillRaceClassInfo Entry 464 (Skill 554)
1,521,0,0xFFFFFFFF,SkillRaceClassInfo Entry 521 (Skill 573)
1,521,1,0x00000400,SkillRaceClassInfo Entry 521 (Skill 573)
1,522,0,0xFFFFFFFF,SkillRaceClassInfo Entry 522 (Skill 574)
1,522,1,0x00000400,SkillRaceClassInfo Entry 522 (Skill 574)
1,541,0,0xFFFFFFFF,SkillRaceClassInfo Entry 541 (Skill 593)
1,541,1,0x00000100,SkillRaceClassInfo Entry 541 (Skill 593)
1,544,0,0xFFFFFFFF,SkillRaceClassInfo Entry 544 (Skill 594)
1,544,1,0x00000002,SkillRaceClassInfo Entry 544 (Skill 594)
1,581,0,0xFFFFFFFF,SkillRaceClassInfo Entry 581 (Skill 613)
1,581,1,0x00000010,SkillRaceClassInfo Entry 581 (Skill 613)
1,601,0,0xFFFFFFFF,SkillRaceClassInfo Entry 601 (Skill 633)
1,601,1,0x00000008,SkillRaceClassInfo Entry 601 (Skill 633)
1,741,0,0x00000010,SkillRaceClassInfo Entry 741 (Skill 673)
1,741,1,0x000005FF,SkillRaceClassInfo Entry 741 (Skill 673)
1,742,0,0x000007EF,SkillRaceClassInfo Entry 742 (Skill 673)
1,742,1,0x000005DF,SkillRaceClassInfo Entry 742 (Skill 673)
1,781,0,0x000000FF,SkillRaceClassInfo Entry 781 (Skill 713)
1,781,1,0x000005FF,SkillRaceClassInfo Entry 781 (Skill 713)
1,841,0,0x00000080,SkillRaceClassInfo Entry 841 (Skill 733)
1,841,1,0x000005FF,SkillRaceClassInfo Entry 841 (Skill 733)
1,861,0,0x00000040,SkillRaceClassInfo Entry 861 (Skill 753)
1,861,1,0x000005FF,SkillRaceClassInfo Entry 861 (Skill 753)
1,862,0,0x00000001,SkillRaceClassInfo Entry 862 (Skill 754)
1,862,1,0x000005FF,SkillRaceClassInfo Entry 862 (Skill 754)
1,866,0,0x000007FF,SkillRaceClassInfo Entry 866 (Skill 755)
1,866,1,0x000005FF,SkillRaceClassInfo Entry 866 (Skill 755)
1,867,0,0x00000200,SkillRaceClassInfo Entry 867 (Skill 756)
1,867,1,0x000005FF,SkillRaceClassInfo Entry 867 (Skill 756)
1,875,0,0x00000400,SkillRaceClassInfo Entry 875 (Skill 759)
1,875,1,0x0003FFFF,SkillRaceClassInfo Entry 875 (Skill 759)
1,876,0,0x000003FF,SkillRaceClassInfo Entry 876 (Skill 759)
1,876,1,0xFFFFFFFF,SkillRaceClassInfo Entry 876 (Skill 759)
1,877,0,0x00000400,SkillRaceClassInfo Entry 877 (Skill 760)
1,877,1,0x000005FF,SkillRaceClassInfo Entry 877 (Skill 760)
1,890,0,0x7FFFFFFF,SkillRaceClassInfo Entry 890 (Skill 762)
1,890,1,0x0003FFDF,SkillRaceClassInfo Entry 890 (Skill 762)
1,934,0,0x0007FFFF,SkillRaceClassInfo Entry 934 (Skill 762)
1,934,1,0x00000020,SkillRaceClassInfo Entry 934 (Skill 762)
1,892,0,0x00007FFF,SkillRaceClassInfo Entry 892 (Skill 769)
1,892,1,0x000005FF,SkillRaceClassInfo Entry 892 (Skill 769)
1,896,0,0xFFFFFFFF,SkillRaceClassInfo Entry 896 (Skill 770)
1,896,1,0x00000020,SkillRaceClassInfo Entry 896 (Skill 770)
1,897,0,0x0003FFFF,SkillRaceClassInfo Entry 897 (Skill 771)
1,897,1,0x00000020,SkillRaceClassInfo Entry 897 (Skill 771)
1,951,0,0x001FFFFF,SkillRaceClassInfo Entry 951 (Skill 771)
1,951,1,0x000005FF,SkillRaceClassInfo Entry 951 (Skill 771)
1,895,0,0xFFFFFFFF,SkillRaceClassInfo Entry 895 (Skill 772)
1,895,1,0x00000020,SkillRaceClassInfo Entry 895 (Skill 772)
1,900,0,0x0003FFFF,SkillRaceClassInfo Entry 900 (Skill 773)
1,900,1,0x000005FF,SkillRaceClassInfo Entry 900 (Skill 773)
1,936,0,0x0003FFFF,SkillRaceClassInfo Entry 936 (Skill 776)
1,936,1,0x00000020,SkillRaceClassInfo Entry 936 (Skill 776)
1,938,0,0x0007FFFF,SkillRaceClassInfo Entry 938 (Skill 777)
1,938,1,0x000005FF,SkillRaceClassInfo Entry 938 (Skill 777)
1,939,0,0x0007FFFF,SkillRaceClassInfo Entry 939 (Skill 778)
1,939,1,0x000005FF,SkillRaceClassInfo Entry 939 (Skill 778)
1,947,0,0x001FFFFF,SkillRaceClassInfo Entry 947 (Skill 778)
1,947,1,0x000005FF,SkillRaceClassInfo Entry 947 (Skill 778)
2,81,0,0x000007FF,TalentTab 81
2,81,1,0x00000080,TalentTab 81
2,161,0,0x000007FF,TalentTab 161
2,161,1,0x00000001,TalentTab 161
2,182,0,0x000007FF,TalentTab 182
2,182,1,0x00000008,TalentTab 182
2,201,0,0x000007FF,TalentTab 201
2,201,1,0x00000010,TalentTab 201
2,261,0,0x000007FF,TalentTab 261
2,261,1,0x00000040,TalentTab 261
2,283,0,0x000007FF,TalentTab 283
2,283,1,0x00000400,TalentTab 283
2,302,0,0x000007FF,TalentTab 302
2,302,1,0x00000100,TalentTab 302
2,361,0,0x000007FF,TalentTab 361
2,361,1,0x00000004,TalentTab 361
2,382,0,0x000007FF,TalentTab 382
2,382,1,0x00000002,TalentTab 382
2,398,0,0xFFFC07FF,TalentTab 398
2,398,1,0x00000020,TalentTab 398
2,41,0,0x000007FF,TalentTab 41
2,41,1,0x00000080,TalentTab 41
2,164,0,0x000007FF,TalentTab 164
2,164,1,0x00000001,TalentTab 164
2,181,0,0x000007FF,TalentTab 181
2,181,1,0x00000008,TalentTab 181
2,202,0,0x000007FF,TalentTab 202
2,202,1,0x00000010,TalentTab 202
2,263,0,0x000007FF,TalentTab 263
2,263,1,0x00000040,TalentTab 263
2,281,0,0x000007FF,TalentTab 281
2,281,1,0x00000400,TalentTab 281
2,303,0,0x000007FF,TalentTab 303
2,303,1,0x00000100,TalentTab 303
2,363,0,0x000007FF,TalentTab 363
2,363,1,0x00000004,TalentTab 363
2,383,0,0x000007FF,TalentTab 383
2,383,1,0x00000002,TalentTab 383
2,399,0,0x000007FF,TalentTab 399
2,399,1,0x00000020,TalentTab 399
2,61,0,0x000007FF,TalentTab 61
2,61,1,0x00000080,TalentTab 61
2,163,0,0x000007FF,TalentTab 163
2,163,1,0x00000001,TalentTab 163
2,183,0,0x000007FF,TalentTab 183
2,183,1,0x00000008,TalentTab 183
2,203,0,0x000007FF,TalentTab 203
2,203,1,0x00000010,TalentTab 203
2,262,0,0x000007FF,TalentTab 262
2,262,1,0x00000040,TalentTab 262
2,282,0,0x000007FF,TalentTab 282
2,282,1,0x00000400,TalentTab 282
2,301,0,0x000007FF,TalentTab 301
2,301,1,0x00000100,TalentTab 301
2,362,0,0x000007FF,TalentTab 362
2,362,1,0x00000004,TalentTab 362
2,381,0,0x000007FF,TalentTab 381
2,381,1,0x00000002,TalentTab 381
2,400,0,0x000007FF,TalentTab 400
2,400,1,0x00000020,TalentTab 400
3,1,0,0x00000001,DanceMoves 1
3,22,0,0x0000002B,DanceMoves 22
3,23,0,0x0000003B,DanceMoves 23
3,24,0,0x00000049,DanceMoves 24
3,25,0,0x00000059,DanceMoves 25
3,26,0,0x0000006B,DanceMoves 26
3,27,0,0x0000007B,DanceMoves 27
3,28,0,0x0000008B,DanceMoves 28
3,41,0,0x000000A1,DanceMoves 41
3,42,0,0x000000C2,DanceMoves 42
3,61,0,0x000000D6,DanceMoves 61
3,62,0,0x000000E8,DanceMoves 62
3,63,0,0x0000011A,DanceMoves 63
3,64,0,0x0000013B,DanceMoves 64
3,65,0,0x0000015C,DanceMoves 65
3,66,0,0x0000017D,DanceMoves 66
3,67,0,0x0000019E,DanceMoves 67
3,68,0,0x000001BF,DanceMoves 68
3,69,0,0x000001E0,DanceMoves 69
3,70,0,0x00000201,DanceMoves 70
3,82,0,0x00000223,DanceMoves 82
3,83,0,0x00000245,DanceMoves 83
3,84,0,0x00000268,DanceMoves 84
3,85,0,0x0000028F,DanceMoves 85
4,1,0,0x3F800000,Faction 1 RepRaceMask 0
4,1,4,0x00000001,Faction 1 RepClassMask 0
4,1,1,0x3F800000,Faction 1 RepRaceMask 1
4,1,2,0x00000005,Faction 1 RepRaceMask 2
4,1,3,0x00000005,Faction 1 RepRaceMask 3
4,2,0,0x3F800000,Faction 2 RepRaceMask 0
4,2,4,0x0000000F,Faction 2 RepClassMask 0
4,2,1,0x3F800000,Faction 2 RepRaceMask 1
4,2,2,0x00000005,Faction 2 RepRaceMask 2
4,2,3,0x00000005,Faction 2 RepRaceMask 3
4,3,0,0x3F800000,Faction 3 RepRaceMask 0
4,3,4,0x0000001B,Faction 3 RepClassMask 0
4,3,1,0x3F800000,Faction 3 RepRaceMask 1
4,3,2,0x00000005,Faction 3 RepRaceMask 2
4,3,3,0x00000005,Faction 3 RepRaceMask 3
4,4,0,0x3F800000,Faction 4 RepRaceMask 0
4,4,4,0x00000029,Faction 4 RepClassMask 0
4,4,1,0x3F800000,Faction 4 RepRaceMask 1
4,4,2,0x00000005,Faction 4 RepRaceMask 2
4,4,3,0x00000005,Faction 4 RepRaceMask 3
4,5,0,0x3F800000,Faction 5 RepRaceMask 0
4,5,4,0x0000003B,Faction 5 RepClassMask 0
4,5,1,0x3F800000,Faction 5 RepRaceMask 1
4,5,2,0x00000005,Faction 5 RepRaceMask 2
4,5,3,0x00000005,Faction 5 RepRaceMask 3
4,6,0,0x3F800000,Faction 6 RepRaceMask 0
4,6,4,0x0000004A,Faction 6 RepClassMask 0
4,6,1,0x3F800000,Faction 6 RepRaceMask 1
4,6,2,0x00000005,Faction 6 RepRaceMask 2
4,6,3,0x00000005,Faction 6 RepRaceMask 3
4,7,0,0x3F800000,Faction 7 RepRaceMask 0
4,7,4,0x0000005A,Faction 7 RepClassMask 0
4,7,1,0x3F800000,Faction 7 RepRaceMask 1
4,7,2,0x00000005,Faction 7 RepRaceMask 2
4,7,3,0x00000005,Faction 7 RepRaceMask 3
4,8,0,0x3F800000,Faction 8 RepRaceMask 0
4,8,4,0x00000063,Faction 8 RepClassMask 0
4,8,1,0x3F800000,Faction 8 RepRaceMask 1
4,8,2,0x00000005,Faction 8 RepRaceMask 2
4,8,3,0x00000005,Faction 8 RepRaceMask 3
4,9,0,0x3F800000,Faction 9 RepRaceMask 0
4,9,4,0x00000071,Faction 9 RepClassMask 0
4,9,1,0x3F800000,Faction 9 RepRaceMask 1
4,9,2,0x00000005,Faction 9 RepRaceMask 2
4,9,3,0x00000005,Faction 9 RepRaceMask 3
4,14,0,0x3F800000,Faction 14 RepRaceMask 0
4,14,4,0x0000007F,Faction 14 RepClassMask 0
4,14,1,0x3F800000,Faction 14 RepRaceMask 1
4,14,2,0x00000005,Faction 14 RepRaceMask 2
4,14,3,0x00000005,Faction 14 RepRaceMask 3
4,15,0,0x3F800000,Faction 15 RepRaceMask 0
4,15,4,0x00000087,Faction 15 RepClassMask 0
4,15,1,0x3F800000,Faction 15 RepRaceMask 1
4,15,2,0x00000005,Faction 15 RepRaceMask 2
4,15,3,0x00000005,Faction 15 RepRaceMask 3
4,16,0,0x3F800000,Faction 16 RepRaceMask 0
4,16,4,0x0000009A,Faction 16 RepClassMask 0
4,16,1,0x3F800000,Faction 16 RepRaceMask 1
4,16,2,0x00000005,Faction 16 RepRaceMask 2
4,16,3,0x00000005,Faction 16 RepRaceMask 3
4,17,0,0x3F800000,Faction 17 RepRaceMask 0
4,17,4,0x000000AB,Faction 17 RepClassMask 0
4,17,1,0x3F800000,Faction 17 RepRaceMask 1
4,17,2,0x00000005,Faction 17 RepRaceMask 2
4,17,3,0x00000005,Faction 17 RepRaceMask 3
4,18,0,0x3F800000,Faction 18 RepRaceMask 0
4,18,4,0x000000BC,Faction 18 RepClassMask 0
4,18,1,0x3F800000,Faction 18 RepRaceMask 1
4,18,2,0x00000005,Faction 18 RepRaceMask 2
4,18,3,0x00000005,Faction 18 RepRaceMask 3
4,19,0,0x3F800000,Faction 19 RepRaceMask 0
4,19,4,0x000000CF,Faction 19 RepClassMask 0
4,19,1,0x3F800000,Faction 19 RepRaceMask 1
4,19,2,0x00000005,Faction 19 RepRaceMask 2
4,19,3,0x00000005,Faction 19 RepRaceMask 3
4,20,0,0x3F800000,Faction 20 RepRaceMask 0
4,20,4,0x000000D6,Faction 20 RepClassMask 0
4,20,1,0x3F800000,Faction 20 RepRaceMask 1
4,20,2,0x00000005,Faction 20 RepRaceMask 2
4,20,3,0x00000005,Faction 20 RepRaceMask 3
4,21,0,0x3F800000,Faction 21 RepRaceMask 0
4,21,4,0x000000E6,Faction 21 RepClassMask 0
4,21,1,0x3F000000,Faction 21 RepRaceMask 1
4,21,2,0x00000007,Faction 21 RepRaceMask 2
4,21,3,0x00000005,Faction 21 RepRaceMask 3
4,22,0,0x3F800000,Faction 22 RepRaceMask 0
4,22,4,0x0000018F,Faction 22 RepClassMask 0
4,22,1,0x3F800000,Faction 22 RepRaceMask 1
4,22,2,0x00000005,Faction 22 RepRaceMask 2
4,22,3,0x00000005,Faction 22 RepRaceMask 3
4,23,0,0x3F800000,Faction 23 RepRaceMask 0
4,23,4,0x0000019E,Faction 23 RepClassMask 0
4,23,1,0x3F800000,Faction 23 RepRaceMask 1
4,23,2,0x00000005,Faction 23 RepRaceMask 2
4,23,3,0x00000005,Faction 23 RepRaceMask 3
4,24,0,0x3F800000,Faction 24 RepRaceMask 0
4,24,4,0x000001AB,Faction 24 RepClassMask 0
4,24,1,0x3F800000,Faction 24 RepRaceMask 1
4,24,2,0x00000005,Faction 24 RepRaceMask 2
4,24,3,0x00000005,Faction 24 RepRaceMask 3
4,25,0,0x3F800000,Faction 25 RepRaceMask 0
4,25,4,0x000001B2,Faction 25 RepClassMask 0
4,25,1,0x3F800000,Faction 25 RepRaceMask 1
4,25,2,0x00000005,Faction 25 RepRaceMask 2
4,25,3,0x00000005,Faction 25 RepRaceMask 3
4,26,0,0x3F800000,Faction 26 RepRaceMask 0
4,26,4,0x000001B9,Faction 26 RepClassMask 0
4,26,1,0x3F800000,Faction 26 RepRaceMask 1
4,26,2,0x00000005,Faction 26 RepRaceMask 2
4,26,3,0x00000005,Faction 26 RepRaceMask 3
4,27,0,0x3F800000,Faction 27 RepRaceMask 0
4,27,4,0x000001CB,Faction 27 RepClassMask 0
4,27,1,0x3F800000,Faction 27 RepRaceMask 1
4,27,2,0x00000005,Faction 27 RepRaceMask 2
4,27,3,0x00000005,Faction 27 RepRaceMask 3
4,28,0,0x3F800000,Faction 28 RepRaceMask 0
4,28,4,0x000001E0,Faction 28 RepClassMask 0
4,28,1,0x3F800000,Faction 28 RepRaceMask 1
4,28,2,0x00000005,Faction 28 RepRaceMask 2
4,28,3,0x00000005,Faction 28 RepRaceMask 3
4,29,0,0x3F800000,Faction 29 RepRaceMask 0
4,29,4,0x000001E5,Faction 29 RepClassMask 0
4,29,1,0x3F800000,Faction 29 RepRaceMask 1
4,29,2,0x00000005,Faction 29 RepRaceMask 2
4,29,3,0x00000005,Faction 29 RepRaceMask 3
4,30,0,0x3F800000,Faction 30 RepRaceMask 0
4,30,4,0x000001F2,Faction 30 RepClassMask 0
4,30,1,0x3F800000,Faction 30 RepRaceMask 1
4,30,2,0x00000005,Faction 30 RepRaceMask 2
4,30,3,0x00000005,Faction 30 RepRaceMask 3
4,31,0,0x3F800000,Faction 31 RepRaceMask 0
4,31,4,0x0000020D,Faction 31 RepClassMask 0
4,31,1,0x3F800000,Faction 31 RepRaceMask 1
4,31,2,0x00000005,Faction 31 RepRaceMask 2
4,31,3,0x00000005,Faction 31 RepRaceMask 3
4,32,0,0x3F800000,Faction 32 RepRaceMask 0
4,32,4,0x00000216,Faction 32 RepClassMask 0
4,32,1,0x3F800000,Faction 32 RepRaceMask 1
4,32,2,0x00000005,Faction 32 RepRaceMask 2
4,32,3,0x00000005,Faction 32 RepRaceMask 3
4,33,0,0x3F800000,Faction 33 RepRaceMask 0
4,33,4,0x0000021C,Faction 33 RepClassMask 0
4,33,1,0x3F800000,Faction 33 RepRaceMask 1
4,33,2,0x00000005,Faction 33 RepRaceMask 2
4,33,3,0x00000005,Faction 33 RepRaceMask 3
4,34,0,0x3F800000,Faction 34 RepRaceMask 0
4,34,4,0x0000022D,Faction 34 RepClassMask 0
4,34,1,0x3F800000,Faction 34 RepRaceMask 1
4,34,2,0x00000005,Faction 34 RepRaceMask 2
4,34,3,0x00000005,Faction 34 RepRaceMask 3
4,35,0,0x3F800000,Faction 35 RepRaceMask 0
4,35,4,0x0000023C,Faction 35 RepClassMask 0
4,35,1,0x3F800000,Faction 35 RepRaceMask 1
4,35,2,0x00000005,Faction 35 RepRaceMask 2
4,35,3,0x00000005,Faction 35 RepRaceMask 3
4,36,0,0x3F800000,Faction 36 RepRaceMask 0
4,36,4,0x00000244,Faction 36 RepClassMask 0
4,36,1,0x3F800000,Faction 36 RepRaceMask 1
4,36,2,0x00000005,Faction 36 RepRaceMask 2
4,36,3,0x00000005,Faction 36 RepRaceMask 3
4,37,0,0x3F800000,Faction 37 RepRaceMask 0
4,37,4,0x0000024B,Faction 37 RepClassMask 0
4,37,1,0x3F800000,Faction 37 RepRaceMask 1
4,37,2,0x00000005,Faction 37 RepRaceMask 2
4,37,3,0x00000005,Faction 37 RepRaceMask 3
4,38,0,0x3F800000,Faction 38 RepRaceMask 0
4,38,4,0x00000258,Faction 38 RepClassMask 0
4,38,1,0x3F800000,Faction 38 RepRaceMask 1
4,38,2,0x00000005,Faction 38 RepRaceMask 2
4,38,3,0x00000005,Faction 38 RepRaceMask 3
4,39,0,0x3F800000,Faction 39 RepRaceMask 0
4,39,4,0x0000025D,Faction 39 RepClassMask 0
4,39,1,0x3F800000,Faction 39 RepRaceMask 1
4,39,2,0x00000005,Faction 39 RepRaceMask 2
4,39,3,0x00000005,Faction 39 RepRaceMask 3
4,40,0,0x3F800000,Faction 40 RepRaceMask 0
4,40,4,0x00000272,Faction 40 RepClassMask 0
4,40,1,0x3F800000,Faction 40 RepRaceMask 1
4,40,2,0x00000005,Faction 40 RepRaceMask 2
4,40,3,0x00000005,Faction 40 RepRaceMask 3
4,41,0,0x3F800000,Faction 41 RepRaceMask 0
4,41,4,0x0000027B,Faction 41 RepClassMask 0
4,41,1,0x3F800000,Faction 41 RepRaceMask 1
4,41,2,0x00000005,Faction 41 RepRaceMask 2
4,41,3,0x00000005,Faction 41 RepRaceMask 3
4,42,0,0x3F800000,Faction 42 RepRaceMask 0
4,42,4,0x0000028B,Faction 42 RepClassMask 0
4,42,1,0x3F800000,Faction 42 RepRaceMask 1
4,42,2,0x00000005,Faction 42 RepRaceMask 2
4,42,3,0x00000005,Faction 42 RepRaceMask 3
4,43,0,0x3F800000,Faction 43 RepRaceMask 0
4,43,4,0x0000029A,Faction 43 RepClassMask 0
4,43,1,0x3F800000,Faction 43 RepRaceMask 1
4,43,2,0x00000005,Faction 43 RepRaceMask 2
4,43,3,0x00000005,Faction 43 RepRaceMask 3
4,44,0,0x3F800000,Faction 44 RepRaceMask 0
4,44,4,0x000002A3,Faction 44 RepClassMask 0
4,44,1,0x3F800000,Faction 44 RepRaceMask 1
4,44,2,0x00000005,Faction 44 RepRaceMask 2
4,44,3,0x00000005,Faction 44 RepRaceMask 3
4,45,0,0x3F800000,Faction 45 RepRaceMask 0
4,45,4,0x000002B7,Faction 45 RepClassMask 0
4,45,1,0x3F800000,Faction 45 RepRaceMask 1
4,45,2,0x00000005,Faction 45 RepRaceMask 2
4,45,3,0x00000005,Faction 45 RepRaceMask 3
4,46,0,0x3F800000,Faction 46 RepRaceMask 0
4,46,4,0x000002C1,Faction 46 RepClassMask 0
4,46,1,0x3F800000,Faction 46 RepRaceMask 1
4,46,2,0x00000005,Faction 46 RepRaceMask 2
4,46,3,0x00000005,Faction 46 RepRaceMask 3
4,47,0,0x3F800000,Faction 47 RepRaceMask 0
4,47,4,0x000002E0,Faction 47 RepClassMask 0
4,47,1,0x3E800000,Faction 47 RepRaceMask 1
4,47,2,0x00000007,Faction 47 RepRaceMask 2
4,47,3,0x00000005,Faction 47 RepRaceMask 3
4,48,0,0x3F800000,Faction 48 RepRaceMask 0
4,48,4,0x0000033D,Faction 48 RepClassMask 0
4,48,1,0x3F800000,Faction 48 RepRaceMask 1
4,48,2,0x00000005,Faction 48 RepRaceMask 2
4,48,3,0x00000005,Faction 48 RepRaceMask 3
4,49,0,0x3F800000,Faction 49 RepRaceMask 0
4,49,4,0x0000034F,Faction 49 RepClassMask 0
4,49,1,0x3F800000,Faction 49 RepRaceMask 1
4,49,2,0x00000005,Faction 49 RepRaceMask 2
4,49,3,0x00000005,Faction 49 RepRaceMask 3
4,50,0,0x3F800000,Faction 50 RepRaceMask 0
4,50,4,0x00000362,Faction 50 RepClassMask 0
4,50,1,0x3F800000,Faction 50 RepRaceMask 1
4,50,2,0x00000005,Faction 50 RepRaceMask 2
4,50,3,0x00000005,Faction 50 RepRaceMask 3
4,51,0,0x3F800000,Faction 51 RepRaceMask 0
4,51,4,0x00000374,Faction 51 RepClassMask 0
4,51,1,0x3F800000,Faction 51 RepRaceMask 1
4,51,2,0x00000005,Faction 51 RepRaceMask 2
4,51,3,0x00000005,Faction 51 RepRaceMask 3
4,52,0,0x3F800000,Faction 52 RepRaceMask 0
4,52,4,0x00000385,Faction 52 RepClassMask 0
4,52,1,0x3F800000,Faction 52 RepRaceMask 1
4,52,2,0x00000005,Faction 52 RepRaceMask 2
4,52,3,0x00000005,Faction 52 RepRaceMask 3
4,53,0,0x3F800000,Faction 53 RepRaceMask 0
4,53,4,0x00000394,Faction 53 RepClassMask 0
4,53,1,0x3F800000,Faction 53 RepRaceMask 1
4,53,2,0x00000005,Faction 53 RepRaceMask 2
4,53,3,0x00000005,Faction 53 RepRaceMask 3
4,54,0,0x3F800000,Faction 54 RepRaceMask 0
4,54,4,0x000003A2,Faction 54 RepClassMask 0
4,54,1,0x3E800000,Faction 54 RepRaceMask 1
4,54,2,0x00000007,Faction 54 RepRaceMask 2
4,54,3,0x00000005,Faction 54 RepRaceMask 3
4,55,0,0x3F800000,Faction 55 RepRaceMask 0
4,55,4,0x00000419,Faction 55 RepClassMask 0
4,55,1,0x3F800000,Faction 55 RepRaceMask 1
4,55,2,0x00000005,Faction 55 RepRaceMask 2
4,55,3,0x00000005,Faction 55 RepRaceMask 3
4,56,0,0x3F800000,Faction 56 RepRaceMask 0
4,56,4,0x00000421,Faction 56 RepClassMask 0
4,56,1,0x3F800000,Faction 56 RepRaceMask 1
4,56,2,0x00000005,Faction 56 RepRaceMask 2
4,56,3,0x00000005,Faction 56 RepRaceMask 3
4,57,0,0x3F800000,Faction 57 RepRaceMask 0
4,57,4,0x00000431,Faction 57 RepClassMask 0
4,57,1,0x3F800000,Faction 57 RepRaceMask 1
4,57,2,0x00000005,Faction 57 RepRaceMask 2
4,57,3,0x00000005,Faction 57 RepRaceMask 3
4,58,0,0x3F800000,Faction 58 RepRaceMask 0
4,58,4,0x00000441,Faction 58 RepClassMask 0
4,58,1,0x3F800000,Faction 58 RepRaceMask 1
4,58,2,0x00000005,Faction 58 RepRaceMask 2
4,58,3,0x00000005,Faction 58 RepRaceMask 3
4,59,4,0x00000451,Faction 59 RepClassMask 0
4,59,2,0x00000005,Faction 59 RepRaceMask 2
4,59,3,0x00000005,Faction 59 RepRaceMask 3
4,60,0,0x3F800000,Faction 60 RepRaceMask 0
4,60,4,0x000004EF,Faction 60 RepClassMask 0
4,60,1,0x3F800000,Faction 60 RepRaceMask 1
4,60,2,0x00000005,Faction 60 RepRaceMask 2
4,60,3,0x00000005,Faction 60 RepRaceMask 3
4,61,0,0x3F800000,Faction 61 RepRaceMask 0
4,61,4,0x000004F4,Faction 61 RepClassMask 0
4,61,1,0x3F800000,Faction 61 RepRaceMask 1
4,61,2,0x00000005,Faction 61 RepRaceMask 2
4,61,3,0x00000005,Faction 61 RepRaceMask 3
4,62,0,0x3F800000,Faction 62 RepRaceMask 0
4,62,4,0x000004FC,Faction 62 RepClassMask 0
4,62,1,0x3F800000,Faction 62 RepRaceMask 1
4,62,2,0x00000005,Faction 62 RepRaceMask 2
4,62,3,0x00000005,Faction 62 RepRaceMask 3
4,63,0,0x3F800000,Faction 63 RepRaceMask 0
4,63,4,0x0000050B,Faction 63 RepClassMask 0
4,63,1,0x3F800000,Faction 63 RepRaceMask 1
4,63,2,0x00000005,Faction 63 RepRaceMask 2
4,63,3,0x00000005,Faction 63 RepRaceMask 3
4,64,0,0x3F800000,Faction 64 RepRaceMask 0
4,64,4,0x00000514,Faction 64 RepClassMask 0
4,64,1,0x3F800000,Faction 64 RepRaceMask 1
4,64,2,0x00000005,Faction 64 RepRaceMask 2
4,64,3,0x00000005,Faction 64 RepRaceMask 3
4,65,0,0x3F800000,Faction 65 RepRaceMask 0
4,65,4,0x0000051A,Faction 65 RepClassMask 0
4,65,1,0x3F800000,Faction 65 RepRaceMask 1
4,65,2,0x00000005,Faction 65 RepRaceMask 2
4,65,3,0x00000005,Faction 65 RepRaceMask 3
4,66,0,0x3F800000,Faction 66 RepRaceMask 0
4,66,4,0x00000522,Faction 66 RepClassMask 0
4,66,1,0x3F800000,Faction 66 RepRaceMask 1
4,66,2,0x00000005,Faction 66 RepRaceMask 2
4,66,3,0x00000005,Faction 66 RepRaceMask 3
4,67,4,0x00000530,Faction 67 RepClassMask 0
4,67,2,0x00000005,Faction 67 RepRaceMask 2
4,67,3,0x00000005,Faction 67 RepRaceMask 3
4,68,0,0x3F800000,Faction 68 RepRaceMask 0
4,68,4,0x00000536,Faction 68 RepClassMask 0
4,68,1,0x3E800000,Faction 68 RepRaceMask 1
4,68,2,0x00000007,Faction 68 RepRaceMask 2
4,68,3,0x00000005,Faction 68 RepRaceMask 3
4,69,0,0x3F800000,Faction 69 RepRaceMask 0
4,69,4,0x000005E5,Faction 69 RepClassMask 0
4,69,1,0x3E800000,Faction 69 RepRaceMask 1
4,69,2,0x00000007,Faction 69 RepRaceMask 2
4,69,3,0x00000005,Faction 69 RepRaceMask 3
4,70,0,0x3F800000,Faction 70 RepRaceMask 0
4,70,4,0x00000687,Faction 70 RepClassMask 0
4,70,1,0x3F800000,Faction 70 RepRaceMask 1
4,70,2,0x00000005,Faction 70 RepRaceMask 2
4,70,3,0x00000005,Faction 70 RepRaceMask 3
4,71,0,0x3F800000,Faction 71 RepRaceMask 0
4,71,4,0x00000704,Faction 71 RepClassMask 0
4,71,1,0x3F800000,Faction 71 RepRaceMask 1
4,71,2,0x00000005,Faction 71 RepRaceMask 2
4,71,3,0x00000005,Faction 71 RepRaceMask 3
4,72,0,0x3F800000,Faction 72 RepRaceMask 0
4,72,4,0x00000716,Faction 72 RepClassMask 0
4,72,1,0x3E800000,Faction 72 RepRaceMask 1
4,72,2,0x00000007,Faction 72 RepRaceMask 2
4,72,3,0x00000005,Faction 72 RepRaceMask 3
4,73,0,0x3F800000,Faction 73 RepRaceMask 0
4,73,4,0x0000078C,Faction 73 RepClassMask 0
4,73,1,0x3F800000,Faction 73 RepRaceMask 1
4,73,2,0x00000005,Faction 73 RepRaceMask 2
4,73,3,0x00000005,Faction 73 RepRaceMask 3
4,74,0,0x3F800000,Faction 74 RepRaceMask 0
4,74,4,0x00000792,Faction 74 RepClassMask 0
4,74,1,0x3F800000,Faction 74 RepRaceMask 1
4,74,2,0x00000005,Faction 74 RepRaceMask 2
4,74,3,0x00000005,Faction 74 RepRaceMask 3
4,75,0,0x3F800000,Faction 75 RepRaceMask 0
4,75,4,0x0000079C,Faction 75 RepClassMask 0
4,75,1,0x3F800000,Faction 75 RepRaceMask 1
4,75,2,0x00000005,Faction 75 RepRaceMask 2
4,75,3,0x00000005,Faction 75 RepRaceMask 3
4,76,0,0x3F800000,Faction 76 RepRaceMask 0
4,76,4,0x000007A3,Faction 76 RepClassMask 0
4,76,1,0x3E800000,Faction 76 RepRaceMask 1
4,76,2,0x00000007,Faction 76 RepRaceMask 2
4,76,3,0x00000005,Faction 76 RepRaceMask 3
4,77,0,0x3F800000,Faction 77 RepRaceMask 0
4,77,4,0x0000080B,Faction 77 RepClassMask 0
4,77,1,0x3F800000,Faction 77 RepRaceMask 1
4,77,2,0x00000005,Faction 77 RepRaceMask 2
4,77,3,0x00000005,Faction 77 RepRaceMask 3
4,78,0,0x3F800000,Faction 78 RepRaceMask 0
4,78,4,0x00000814,Faction 78 RepClassMask 0
4,78,1,0x3F800000,Faction 78 RepRaceMask 1
4,78,2,0x00000005,Faction 78 RepRaceMask 2
4,78,3,0x00000005,Faction 78 RepRaceMask 3
4,79,0,0x3F800000,Faction 79 RepRaceMask 0
4,79,4,0x00000825,Faction 79 RepClassMask 0
4,79,1,0x3F800000,Faction 79 RepRaceMask 1
4,79,2,0x00000005,Faction 79 RepRaceMask 2
4,79,3,0x00000005,Faction 79 RepRaceMask 3
4,80,0,0x3F800000,Faction 80 RepRaceMask 0
4,80,4,0x00000841,Faction 80 RepClassMask 0
4,80,1,0x3F800000,Faction 80 RepRaceMask 1
4,80,2,0x00000005,Faction 80 RepRaceMask 2
4,80,3,0x00000005,Faction 80 RepRaceMask 3
4,81,0,0x3F800000,Faction 81 RepRaceMask 0
4,81,4,0x00000855,Faction 81 RepClassMask 0
4,81,1,0x3E800000,Faction 81 RepRaceMask 1
4,81,2,0x00000007,Faction 81 RepRaceMask 2
4,81,3,0x00000005,Faction 81 RepRaceMask 3
4,82,0,0x3F800000,Faction 82 RepRaceMask 0
4,82,4,0x000008B8,Faction 82 RepClassMask 0
4,82,1,0x3F800000,Faction 82 RepRaceMask 1
4,82,2,0x00000005,Faction 82 RepRaceMask 2
4,82,3,0x00000005,Faction 82 RepRaceMask 3
4,83,0,0x3F800000,Faction 83 RepRaceMask 0
4,83,4,0x000008CA,Faction 83 RepClassMask 0
4,83,1,0x3F800000,Faction 83 RepRaceMask 1
4,83,2,0x00000005,Faction 83 RepRaceMask 2
4,83,3,0x00000005,Faction 83 RepRaceMask 3
4,84,0,0x3F800000,Faction 84 RepRaceMask 0
4,84,4,0x000008E6,Faction 84 RepClassMask 0
4,84,1,0x3F800000,Faction 84 RepRaceMask 1
4,84,2,0x00000005,Faction 84 RepRaceMask 2
4,84,3,0x00000005,Faction 84 RepRaceMask 3
4,85,0,0x3F800000,Faction 85 RepRaceMask 0
4,85,4,0x000008FA,Faction 85 RepClassMask 0
4,85,1,0x3F800000,Faction 85 RepRaceMask 1
4,85,2,0x00000005,Faction 85 RepRaceMask 2
4,85,3,0x00000005,Faction 85 RepRaceMask 3
4,86,0,0x3F800000,Faction 86 RepRaceMask 0
4,86,4,0x00000910,Faction 86 RepClassMask 0
4,86,1,0x3F800000,Faction 86 RepRaceMask 1
4,86,2,0x00000005,Faction 86 RepRaceMask 2
4,86,3,0x00000005,Faction 86 RepRaceMask 3
4,87,4,0x0000092E,Faction 87 RepClassMask 0
4,87,2,0x00000005,Faction 87 RepRaceMask 2
4,87,3,0x00000005,Faction 87 RepRaceMask 3
4,88,0,0x3F800000,Faction 88 RepRaceMask 0
4,88,4,0x000009AE,Faction 88 RepClassMask 0
4,88,1,0x3F800000,Faction 88 RepRaceMask 1
4,88,2,0x00000005,Faction 88 RepRaceMask 2
4,88,3,0x00000005,Faction 88 RepRaceMask 3
4,89,0,0x3F800000,Faction 89 RepRaceMask 0
4,89,4,0x000009BA,Faction 89 RepClassMask 0
4,89,1,0x3F800000,Faction 89 RepRaceMask 1
4,89,2,0x00000005,Faction 89 RepRaceMask 2
4,89,3,0x00000005,Faction 89 RepRaceMask 3
4,90,0,0x3F800000,Faction 90 RepRaceMask 0
4,90,4,0x000009C2,Faction 90 RepClassMask 0
4,90,1,0x3F800000,Faction 90 RepRaceMask 1
4,90,2,0x00000005,Faction 90 RepRaceMask 2
4,90,3,0x00000005,Faction 90 RepRaceMask 3
4,91,0,0x3F800000,Faction 91 RepRaceMask 0
4,91,4,0x000009D2,Faction 91 RepClassMask 0
4,91,1,0x3F800000,Faction 91 RepRaceMask 1
4,91,2,0x00000005,Faction 91 RepRaceMask 2
4,91,3,0x00000005,Faction 91 RepRaceMask 3
4,92,4,0x000009E1,Faction 92 RepClassMask 0
4,92,2,0x00000005,Faction 92 RepRaceMask 2
4,92,3,0x00000005,Faction 92 RepRaceMask 3
4,93,4,0x00000A63,Faction 93 RepClassMask 0
4,93,2,0x00000005,Faction 93 RepRaceMask 2
4,93,3,0x00000005,Faction 93 RepRaceMask 3
4,94,0,0x3F800000,Faction 94 RepRaceMask 0
4,94,4,0x00000AE4,Faction 94 RepClassMask 0
4,94,1,0x3F800000,Faction 94 RepRaceMask 1
4,94,2,0x00000005,Faction 94 RepRaceMask 2
4,94,3,0x00000005,Faction 94 RepRaceMask 3
4,108,0,0x3F800000,Faction 108 RepRaceMask 0
4,108,4,0x00000AEE,Faction 108 RepClassMask 0
4,108,1,0x3F800000,Faction 108 RepRaceMask 1
4,108,2,0x00000005,Faction 108 RepRaceMask 2
4,108,3,0x00000005,Faction 108 RepRaceMask 3
4,109,0,0x3F800000,Faction 109 RepRaceMask 0
4,109,4,0x00000AF8,Faction 109 RepClassMask 0
4,109,1,0x3F800000,Faction 109 RepRaceMask 1
4,109,2,0x00000005,Faction 109 RepRaceMask 2
4,109,3,0x00000005,Faction 109 RepRaceMask 3
4,110,0,0x3F800000,Faction 110 RepRaceMask 0
4,110,4,0x00000B0B,Faction 110 RepClassMask 0
4,110,1,0x3F800000,Faction 110 RepRaceMask 1
4,110,2,0x00000005,Faction 110 RepRaceMask 2
4,110,3,0x00000005,Faction 110 RepRaceMask 3
4,111,0,0x3F800000,Faction 111 RepRaceMask 0
4,111,4,0x00000B21,Faction 111 RepClassMask 0
4,111,1,0x3F800000,Faction 111 RepRaceMask 1
4,111,2,0x00000005,Faction 111 RepRaceMask 2
4,111,3,0x00000005,Faction 111 RepRaceMask 3
4,128,0,0x3F800000,Faction 128 RepRaceMask 0
4,128,4,0x00000B36,Faction 128 RepClassMask 0
4,128,1,0x3F800000,Faction 128 RepRaceMask 1
4,128,2,0x00000005,Faction 128 RepRaceMask 2
4,128,3,0x00000005,Faction 128 RepRaceMask 3
4,148,0,0x3F800000,Faction 148 RepRaceMask 0
4,148,4,0x00000B3C,Faction 148 RepClassMask 0
4,148,1,0x3F800000,Faction 148 RepRaceMask 1
4,148,2,0x00000005,Faction 148 RepRaceMask 2
4,148,3,0x00000005,Faction 148 RepRaceMask 3
4,168,0,0x3F800000,Faction 168 RepRaceMask 0
4,168,4,0x00000B44,Faction 168 RepClassMask 0
4,168,1,0x3F800000,Faction 168 RepRaceMask 1
4,168,2,0x00000005,Faction 168 RepRaceMask 2
4,168,3,0x00000005,Faction 168 RepRaceMask 3
4,169,4,0x00000B58,Faction 169 RepClassMask 0
4,169,2,0x00000005,Faction 169 RepRaceMask 2
4,169,3,0x00000005,Faction 169 RepRaceMask 3
4,189,0,0x3F800000,Faction 189 RepRaceMask 0
4,189,4,0x00000B6C,Faction 189 RepClassMask 0
4,189,1,0x3F800000,Faction 189 RepRaceMask 1
4,189,2,0x00000005,Faction 189 RepRaceMask 2
4,189,3,0x00000005,Faction 189 RepRaceMask 3
4,209,0,0x3F800000,Faction 209 RepRaceMask 0
4,209,4,0x00000B7D,Faction 209 RepClassMask 0
4,209,1,0x3F800000,Faction 209 RepRaceMask 1
4,209,2,0x00000005,Faction 209 RepRaceMask 2
4,209,3,0x00000005,Faction 209 RepRaceMask 3
4,229,0,0x3F800000,Faction 229 RepRaceMask 0
4,229,4,0x00000B89,Faction 229 RepClassMask 0
4,229,1,0x3F800000,Faction 229 RepRaceMask 1
4,229,2,0x00000005,Faction 229 RepRaceMask 2
4,229,3,0x00000005,Faction 229 RepRaceMask 3
4,249,0,0x3F800000,Faction 249 RepRaceMask 0
4,249,4,0x00000B99,Faction 249 RepClassMask 0
4,249,1,0x3F800000,Faction 249 RepRaceMask 1
4,249,2,0x00000005,Faction 249 RepRaceMask 2
4,249,3,0x00000005,Faction 249 RepRaceMask 3
4,269,0,0x3F800000,Faction 269 RepRaceMask 0
4,269,4,0x00000BA2,Faction 269 RepClassMask 0
4,269,1,0x3F800000,Faction 269 RepRaceMask 1
4,269,2,0x00000005,Faction 269 RepRaceMask 2
4,269,3,0x00000005,Faction 269 RepRaceMask 3
4,270,4,0x00000BB5,Faction 270 RepClassMask 0
4,270,2,0x00000005,Faction 270 RepRaceMask 2
4,270,3,0x00000005,Faction 270 RepRaceMask 3
4,289,0,0x3F800000,Faction 289 RepRaceMask 0
4,289,4,0x00000C50,Faction 289 RepClassMask 0
4,289,1,0x3F800000,Faction 289 RepRaceMask 1
4,289,2,0x00000005,Faction 289 RepRaceMask 2
4,289,3,0x00000005,Faction 289 RepRaceMask 3
4,309,0,0x3F800000,Faction 309 RepRaceMask 0
4,309,4,0x00000C70,Faction 309 RepClassMask 0
4,309,1,0x3F800000,Faction 309 RepRaceMask 1
4,309,2,0x00000005,Faction 309 RepRaceMask 2
4,309,3,0x00000005,Faction 309 RepRaceMask 3
4,310,0,0x3F800000,Faction 310 RepRaceMask 0
4,310,4,0x00000C78,Faction 310 RepClassMask 0
4,310,1,0x3F800000,Faction 310 RepRaceMask 1
4,310,2,0x00000005,Faction 310 RepRaceMask 2
4,310,3,0x00000005,Faction 310 RepRaceMask 3
4,311,0,0x3F800000,Faction 311 RepRaceMask 0
4,311,4,0x00000C84,Faction 311 RepClassMask 0
4,311,1,0x3F800000,Faction 311 RepRaceMask 1
4,311,2,0x00000005,Faction 311 RepRaceMask 2
4,311,3,0x00000005,Faction 311 RepRaceMask 3
4,329,0,0x3F800000,Faction 329 RepRaceMask 0
4,329,4,0x00000C8A,Faction 329 RepClassMask 0
4,329,1,0x3F800000,Faction 329 RepRaceMask 1
4,329,2,0x00000005,Faction 329 RepRaceMask 2
4,329,3,0x00000005,Faction 329 RepRaceMask 3
4,349,4,0x00000C9D,Faction 349 RepClassMask 0
4,349,2,0x00000005,Faction 349 RepRaceMask 2
4,349,3,0x00000005,Faction 349 RepRaceMask 3
4,369,0,0x3F800000,Faction 369 RepRaceMask 0
4,369,4,0x00000D28,Faction 369 RepClassMask 0
4,369,1,0x3F000000,Faction 369 RepRaceMask 1
4,369,2,0x00000007,Faction 369 RepRaceMask 2
4,369,3,0x00000005,Faction 369 RepRaceMask 3
4,389,0,0x3F800000,Faction 389 RepRaceMask 0
4,389,4,0x00000D9A,Faction 389 RepClassMask 0
4,389,1,0x3F800000,Faction 389 RepRaceMask 1
4,389,2,0x00000005,Faction 389 RepRaceMask 2
4,389,3,0x00000005,Faction 389 RepRaceMask 3
4,409,0,0x3F800000,Faction 409 RepRaceMask 0
4,409,4,0x00000DA9,Faction 409 RepClassMask 0
4,409,1,0x3F800000,Faction 409 RepRaceMask 1
4,409,2,0x00000005,Faction 409 RepRaceMask 2
4,409,3,0x00000005,Faction 409 RepRaceMask 3
4,429,0,0x3F800000,Faction 429 RepRaceMask 0
4,429,4,0x00000DAF,Faction 429 RepClassMask 0
4,429,1,0x3F800000,Faction 429 RepRaceMask 1
4,429,2,0x00000005,Faction 429 RepRaceMask 2
4,429,3,0x00000005,Faction 429 RepRaceMask 3
4,449,0,0x3F800000,Faction 449 RepRaceMask 0
4,449,4,0x00000DBD,Faction 449 RepClassMask 0
4,449,1,0x3F800000,Faction 449 RepRaceMask 1
4,449,2,0x00000005,Faction 449 RepRaceMask 2
4,449,3,0x00000005,Faction 449 RepRaceMask 3
4,450,0,0x3F800000,Faction 450 RepRaceMask 0
4,450,4,0x00000DD0,Faction 450 RepClassMask 0
4,450,1,0x3F800000,Faction 450 RepRaceMask 1
4,450,2,0x00000005,Faction 450 RepRaceMask 2
4,450,3,0x00000005,Faction 450 RepRaceMask 3
4,469,4,0x00000DDF,Faction 469 RepClassMask 0
4,469,2,0x00000005,Faction 469 RepRaceMask 2
4,469,3,0x00000005,Faction 469 RepRaceMask 3
4,470,0,0x3F800000,Faction 470 RepRaceMask 0
4,470,4,0x00000DE8,Faction 470 RepClassMask 0
4,470,1,0x3F000000,Faction 470 RepRaceMask 1
4,470,2,0x00000007,Faction 470 RepRaceMask 2
4,470,3,0x00000005,Faction 470 RepRaceMask 3
4,471,0,0x3F800000,Faction 471 RepRaceMask 0
4,471,4,0x00000E7B,Faction 471 RepClassMask 0
4,471,1,0x3F800000,Faction 471 RepRaceMask 1
4,471,2,0x00000005,Faction 471 RepRaceMask 2
4,471,3,0x00000005,Faction 471 RepRaceMask 3
4,489,0,0x3F800000,Faction 489 RepRaceMask 0
4,489,4,0x00000F05,Faction 489 RepClassMask 0
4,489,1,0x3F800000,Faction 489 RepRaceMask 1
4,489,2,0x00000005,Faction 489 RepRaceMask 2
4,489,3,0x00000005,Faction 489 RepRaceMask 3
4,509,4,0x00000F22,Faction 509 RepClassMask 0
4,509,2,0x00000005,Faction 509 RepRaceMask 2
4,509,3,0x00000005,Faction 509 RepRaceMask 3
4,510,4,0x00000FA1,Faction 510 RepClassMask 0
4,510,2,0x00000005,Faction 510 RepRaceMask 2
4,510,3,0x00000005,Faction 510 RepRaceMask 3
4,511,0,0x3F800000,Faction 511 RepRaceMask 0
4,511,4,0x00000FFA,Faction 511 RepClassMask 0
4,511,1,0x3F800000,Faction 511 RepRaceMask 1
4,511,2,0x00000005,Faction 511 RepRaceMask 2
4,511,3,0x00000005,Faction 511 RepRaceMask 3
4,529,4,0x00001000,Faction 529 RepClassMask 0
4,529,2,0x00000005,Faction 529 RepRaceMask 2
4,529,3,0x00000005,Faction 529 RepRaceMask 3
4,530,0,0x3F800000,Faction 530 RepRaceMask 0
4,530,4,0x000010AF,Faction 530 RepClassMask 0
4,530,1,0x3E800000,Faction 530 RepRaceMask 1
4,530,2,0x00000007,Faction 530 RepRaceMask 2
4,530,3,0x00000005,Faction 530 RepRaceMask 3
4,531,0,0x3F800000,Faction 531 RepRaceMask 0
4,531,4,0x00001154,Faction 531 RepClassMask 0
4,531,1,0x3F800000,Faction 531 RepRaceMask 1
4,531,2,0x00000005,Faction 531 RepRaceMask 2
4,531,3,0x00000005,Faction 531 RepRaceMask 3
4,532,0,0x3F800000,Faction 532 RepRaceMask 0
4,532,4,0x00001169,Faction 532 RepClassMask 0
4,532,1,0x3F800000,Faction 532 RepRaceMask 1
4,532,2,0x00000005,Faction 532 RepRaceMask 2
4,532,3,0x00000005,Faction 532 RepRaceMask 3
4,549,0,0x3F800000,Faction 549 RepRaceMask 0
4,549,4,0x0000117C,Faction 549 RepClassMask 0
4,549,1,0x3F800000,Faction 549 RepRaceMask 1
4,549,2,0x00000005,Faction 549 RepRaceMask 2
4,549,3,0x00000005,Faction 549 RepRaceMask 3
4,550,0,0x3F800000,Faction 550 RepRaceMask 0
4,550,4,0x00001195,Faction 550 RepClassMask 0
4,550,1,0x3F800000,Faction 550 RepRaceMask 1
4,550,2,0x00000005,Faction 550 RepRaceMask 2
4,550,3,0x00000005,Faction 550 RepRaceMask 3
4,551,0,0x3F800000,Faction 551 RepRaceMask 0
4,551,4,0x000011AB,Faction 551 RepClassMask 0
4,551,1,0x3F800000,Faction 551 RepRaceMask 1
4,551,2,0x00000005,Faction 551 RepRaceMask 2
4,551,3,0x00000005,Faction 551 RepRaceMask 3
4,569,0,0x3F800000,Faction 569 RepRaceMask 0
4,569,4,0x000011C0,Faction 569 RepClassMask 0
4,569,1,0x3F800000,Faction 569 RepRaceMask 1
4,569,2,0x00000005,Faction 569 RepRaceMask 2
4,569,3,0x00000005,Faction 569 RepRaceMask 3
4,570,0,0x3F800000,Faction 570 RepRaceMask 0
4,570,4,0x000011E0,Faction 570 RepClassMask 0
4,570,1,0x3F800000,Faction 570 RepRaceMask 1
4,570,2,0x00000005,Faction 570 RepRaceMask 2
4,570,3,0x00000005,Faction 570 RepRaceMask 3
4,571,0,0x3F800000,Faction 571 RepRaceMask 0
4,571,4,0x000011FD,Faction 571 RepClassMask 0
4,571,1,0x3F800000,Faction 571 RepRaceMask 1
4,571,2,0x00000005,Faction 571 RepRaceMask 2
4,571,3,0x00000005,Faction 571 RepRaceMask 3
4,572,0,0x3F800000,Faction 572 RepRaceMask 0
4,572,4,0x0000121C,Faction 572 RepClassMask 0
4,572,1,0x3F800000,Faction 572 RepRaceMask 1
4,572,2,0x00000005,Faction 572 RepRaceMask 2
4,572,3,0x00000005,Faction 572 RepRaceMask 3
4,573,0,0x3F800000,Faction 573 RepRaceMask 0
4,573,4,0x0000122E,Faction 573 RepClassMask 0
4,573,1,0x3F800000,Faction 573 RepRaceMask 1
4,573,2,0x00000005,Faction 573 RepRaceMask 2
4,573,3,0x00000005,Faction 573 RepRaceMask 3
4,574,0,0x3F800000,Faction 574 RepRaceMask 0
4,574,4,0x00001243,Faction 574 RepClassMask 0
4,574,1,0x3F800000,Faction 574 RepRaceMask 1
4,574,2,0x00000005,Faction 574 RepRaceMask 2
4,574,3,0x00000005,Faction 574 RepRaceMask 3
4,575,0,0x3F800000,Faction 575 RepRaceMask 0
4,575,4,0x0000124F,Faction 575 RepClassMask 0
4,575,1,0x3F800000,Faction 575 RepRaceMask 1
4,575,2,0x00000005,Faction 575 RepRaceMask 2
4,575,3,0x00000005,Faction 575 RepRaceMask 3
4,576,4,0x00001264,Faction 576 RepClassMask 0
4,576,2,0x00000005,Faction 576 RepRaceMask 2
4,576,3,0x00000005,Faction 576 RepRaceMask 3
4,577,0,0x3F800000,Faction 577 RepRaceMask 0
4,577,4,0x000012F7,Faction 577 RepClassMask 0
4,577,1,0x3F000000,Faction 577 RepRaceMask 1
4,577,2,0x00000007,Faction 577 RepRaceMask 2
4,577,3,0x00000005,Faction 577 RepRaceMask 3
4,589,0,0x3F800000,Faction 589 RepRaceMask 0
4,589,4,0x00001386,Faction 589 RepClassMask 0
4,589,1,0x3F800000,Faction 589 RepRaceMask 1
4,589,2,0x00000005,Faction 589 RepRaceMask 2
4,589,3,0x00000005,Faction 589 RepRaceMask 3
4,609,4,0x000013FE,Faction 609 RepClassMask 0
4,609,2,0x00000005,Faction 609 RepRaceMask 2
4,609,3,0x00000005,Faction 609 RepRaceMask 3
4,629,0,0x3F800000,Faction 629 RepRaceMask 0
4,629,4,0x0000146F,Faction 629 RepClassMask 0
4,629,1,0x3F800000,Faction 629 RepRaceMask 1
4,629,2,0x00000005,Faction 629 RepRaceMask 2
4,629,3,0x00000005,Faction 629 RepRaceMask 3
4,630,0,0x3F800000,Faction 630 RepRaceMask 0
4,630,4,0x00001483,Faction 630 RepClassMask 0
4,630,1,0x3F800000,Faction 630 RepRaceMask 1
4,630,2,0x00000005,Faction 630 RepRaceMask 2
4,630,3,0x00000005,Faction 630 RepRaceMask 3
4,649,0,0x3F800000,Faction 649 RepRaceMask 0
4,649,4,0x00001495,Faction 649 RepClassMask 0
4,649,1,0x3F800000,Faction 649 RepRaceMask 1
4,649,2,0x00000005,Faction 649 RepRaceMask 2
4,649,3,0x00000005,Faction 649 RepRaceMask 3
4,669,0,0x3F800000,Faction 669 RepRaceMask 0
4,669,4,0x000014A8,Faction 669 RepClassMask 0
4,669,1,0x3F800000,Faction 669 RepRaceMask 1
4,669,2,0x00000005,Faction 669 RepRaceMask 2
4,669,3,0x00000005,Faction 669 RepRaceMask 3
4,670,0,0x3F800000,Faction 670 RepRaceMask 0
4,670,4,0x000014BD,Faction 670 RepClassMask 0
4,670,1,0x3F800000,Faction 670 RepRaceMask 1
4,670,2,0x00000005,Faction 670 RepRaceMask 2
4,670,3,0x00000005,Faction 670 RepRaceMask 3
4,671,0,0x3F800000,Faction 671 RepRaceMask 0
4,671,4,0x000014C9,Faction 671 RepClassMask 0
4,671,1,0x3F800000,Faction 671 RepRaceMask 1
4,671,2,0x00000005,Faction 671 RepRaceMask 2
4,671,3,0x00000005,Faction 671 RepRaceMask 3
4,672,0,0x3F800000,Faction 672 RepRaceMask 0
4,672,4,0x000014D6,Faction 672 RepClassMask 0
4,672,1,0x3F800000,Faction 672 RepRaceMask 1
4,672,2,0x00000005,Faction 672 RepRaceMask 2
4,672,3,0x00000005,Faction 672 RepRaceMask 3
4,673,0,0x3F800000,Faction 673 RepRaceMask 0
4,673,4,0x000014E8,Faction 673 RepClassMask 0
4,673,1,0x3F800000,Faction 673 RepRaceMask 1
4,673,2,0x00000005,Faction 673 RepRaceMask 2
4,673,3,0x00000005,Faction 673 RepRaceMask 3
4,674,0,0x3F800000,Faction 674 RepRaceMask 0
4,674,4,0x000014F6,Faction 674 RepClassMask 0
4,674,1,0x3F800000,Faction 674 RepRaceMask 1
4,674,2,0x00000005,Faction 674 RepRaceMask 2
4,674,3,0x00000005,Faction 674 RepRaceMask 3
4,675,0,0x3F800000,Faction 675 RepRaceMask 0
4,675,4,0x00001502,Faction 675 RepClassMask 0
4,675,1,0x3F800000,Faction 675 RepRaceMask 1
4,675,2,0x00000005,Faction 675 RepRaceMask 2
4,675,3,0x00000005,Faction 675 RepRaceMask 3
4,676,0,0x3F800000,Faction 676 RepRaceMask 0
4,676,4,0x00001512,Faction 676 RepClassMask 0
4,676,1,0x3F800000,Faction 676 RepRaceMask 1
4,676,2,0x00000005,Faction 676 RepRaceMask 2
4,676,3,0x00000005,Faction 676 RepRaceMask 3
4,677,0,0x3F800000,Faction 677 RepRaceMask 0
4,677,4,0x00001526,Faction 677 RepClassMask 0
4,677,1,0x3F800000,Faction 677 RepRaceMask 1
4,677,2,0x00000005,Faction 677 RepRaceMask 2
4,677,3,0x00000005,Faction 677 RepRaceMask 3
4,678,0,0x3F800000,Faction 678 RepRaceMask 0
4,678,4,0x00001535,Faction 678 RepClassMask 0
4,678,1,0x3F800000,Faction 678 RepRaceMask 1
4,678,2,0x00000005,Faction 678 RepRaceMask 2
4,678,3,0x00000005,Faction 678 RepRaceMask 3
4,679,0,0x3F800000,Faction 679 RepRaceMask 0
4,679,4,0x0000154A,Faction 679 RepClassMask 0
4,679,1,0x3F800000,Faction 679 RepRaceMask 1
4,679,2,0x00000005,Faction 679 RepRaceMask 2
4,679,3,0x00000005,Faction 679 RepRaceMask 3
4,689,0,0x3F800000,Faction 689 RepRaceMask 0
4,689,4,0x00001559,Faction 689 RepClassMask 0
4,689,1,0x3F800000,Faction 689 RepRaceMask 1
4,689,2,0x00000005,Faction 689 RepRaceMask 2
4,689,3,0x00000005,Faction 689 RepRaceMask 3
4,709,0,0x3F800000,Faction 709 RepRaceMask 0
4,709,4,0x00001574,Faction 709 RepClassMask 0
4,709,1,0x3F800000,Faction 709 RepRaceMask 1
4,709,2,0x00000005,Faction 709 RepRaceMask 2
4,709,3,0x00000005,Faction 709 RepRaceMask 3
4,729,4,0x00001589,Faction 729 RepClassMask 0
4,729,2,0x00000005,Faction 729 RepRaceMask 2
4,729,3,0x00000005,Faction 729 RepRaceMask 3
4,730,4,0x000015FB,Faction 730 RepClassMask 0
4,730,2,0x00000005,Faction 730 RepRaceMask 2
4,730,3,0x00000005,Faction 730 RepRaceMask 3
4,749,0,0x3F800000,Faction 749 RepRaceMask 0
4,749,4,0x00001682,Faction 749 RepClassMask 0
4,749,1,0x3F800000,Faction 749 RepRaceMask 1
4,749,2,0x00000005,Faction 749 RepRaceMask 2
4,749,3,0x00000005,Faction 749 RepRaceMask 3
4,750,0,0x3F800000,Faction 750 RepRaceMask 0
4,750,4,0x00001707,Faction 750 RepClassMask 0
4,750,1,0x3F800000,Faction 750 RepRaceMask 1
4,750,2,0x00000005,Faction 750 RepRaceMask 2
4,750,3,0x00000005,Faction 750 RepRaceMask 3
4,769,0,0x3F800000,Faction 769 RepRaceMask 0
4,769,4,0x0000171A,Faction 769 RepClassMask 0
4,769,1,0x3F800000,Faction 769 RepRaceMask 1
4,769,2,0x00000005,Faction 769 RepRaceMask 2
4,769,3,0x00000005,Faction 769 RepRaceMask 3
4,770,0,0x3F800000,Faction 770 RepRaceMask 0
4,770,4,0x0000172A,Faction 770 RepClassMask 0
4,770,1,0x3F800000,Faction 770 RepRaceMask 1
4,770,2,0x00000005,Faction 770 RepRaceMask 2
4,770,3,0x00000005,Faction 770 RepRaceMask 3
4,771,0,0x3F800000,Faction 771 RepRaceMask 0
4,771,4,0x0000173A,Faction 771 RepClassMask 0
4,771,1,0x3F800000,Faction 771 RepRaceMask 1
4,771,2,0x00000005,Faction 771 RepRaceMask 2
4,771,3,0x00000005,Faction 771 RepRaceMask 3
4,789,0,0x3F800000,Faction 789 RepRaceMask 0
4,789,4,0x00001742,Faction 789 RepClassMask 0
4,789,1,0x3F800000,Faction 789 RepRaceMask 1
4,789,2,0x00000005,Faction 789 RepRaceMask 2
4,789,3,0x00000005,Faction 789 RepRaceMask 3
4,790,0,0x3F800000,Faction 790 RepRaceMask 0
4,790,4,0x0000174B,Faction 790 RepClassMask 0
4,790,1,0x3F800000,Faction 790 RepRaceMask 1
4,790,2,0x00000005,Faction 790 RepRaceMask 2
4,790,3,0x00000005,Faction 790 RepRaceMask 3
4,809,4,0x00001763,Faction 809 RepClassMask 0
4,809,2,0x00000005,Faction 809 RepRaceMask 2
4,809,3,0x00000005,Faction 809 RepRaceMask 3
4,829,0,0x3F800000,Faction 829 RepRaceMask 0
4,829,4,0x000017E0,Faction 829 RepClassMask 0
4,829,1,0x3F800000,Faction 829 RepRaceMask 1
4,829,2,0x00000005,Faction 829 RepRaceMask 2
4,829,3,0x00000005,Faction 829 RepRaceMask 3
4,849,0,0x3F800000,Faction 849 RepRaceMask 0
4,849,4,0x000017F9,Faction 849 RepClassMask 0
4,849,1,0x3F800000,Faction 849 RepRaceMask 1
4,849,2,0x00000005,Faction 849 RepRaceMask 2
4,849,3,0x00000005,Faction 849 RepRaceMask 3
4,869,0,0x3F800000,Faction 869 RepRaceMask 0
4,869,4,0x0000180E,Faction 869 RepClassMask 0
4,869,1,0x3F800000,Faction 869 RepRaceMask 1
4,869,2,0x00000005,Faction 869 RepRaceMask 2
4,869,3,0x00000005,Faction 869 RepRaceMask 3
4,889,4,0x00001817,Faction 889 RepClassMask 0
4,889,2,0x00000007,Faction 889 RepRaceMask 2
4,889,3,0x00000007,Faction 889 RepRaceMask 3
4,890,4,0x0000188E,Faction 890 RepClassMask 0
4,890,2,0x00000007,Faction 890 RepRaceMask 2
4,890,3,0x00000007,Faction 890 RepRaceMask 3
4,891,4,0x00001904,Faction 891 RepClassMask 0
4,891,2,0x00000005,Faction 891 RepRaceMask 2
4,891,3,0x00000005,Faction 891 RepRaceMask 3
4,892,4,0x00001914,Faction 892 RepClassMask 0
4,892,2,0x00000005,Faction 892 RepRaceMask 2
4,892,3,0x00000005,Faction 892 RepRaceMask 3
4,893,0,0x3F800000,Faction 893 RepRaceMask 0
4,893,4,0x00001921,Faction 893 RepClassMask 0
4,893,1,0x3F800000,Faction 893 RepRaceMask 1
4,893,2,0x00000005,Faction 893 RepRaceMask 2
4,893,3,0x00000005,Faction 893 RepRaceMask 3
4,909,4,0x00001932,Faction 909 RepClassMask 0
4,909,2,0x00000005,Faction 909 RepRaceMask 2
4,909,3,0x00000005,Faction 909 RepRaceMask 3
4,910,4,0x000019C1,Faction 910 RepClassMask 0
4,910,2,0x00000005,Faction 910 RepRaceMask 2
4,910,3,0x00000005,Faction 910 RepRaceMask 3
4,911,0,0x3F800000,Faction 911 RepRaceMask 0
4,911,4,0x00001A3E,Faction 911 RepClassMask 0
4,911,1,0x3E800000,Faction 911 RepRaceMask 1
4,911,2,0x00000007,Faction 911 RepRaceMask 2
4,911,3,0x00000005,Faction 911 RepRaceMask 3
4,912,0,0x3F800000,Faction 912 RepRaceMask 0
4,912,4,0x00001AE8,Faction 912 RepClassMask 0
4,912,1,0x3F800000,Faction 912 RepRaceMask 1
4,912,2,0x00000005,Faction 912 RepRaceMask 2
4,912,3,0x00000005,Faction 912 RepRaceMask 3
4,914,0,0x3F800000,Faction 914 RepRaceMask 0
4,914,4,0x00001AFA,Faction 914 RepClassMask 0
4,914,1,0x3F800000,Faction 914 RepRaceMask 1
4,914,2,0x00000005,Faction 914 RepRaceMask 2
4,914,3,0x00000005,Faction 914 RepRaceMask 3
4,915,0,0x3F800000,Faction 915 RepRaceMask 0
4,915,4,0x00001B0C,Faction 915 RepClassMask 0
4,915,1,0x3F800000,Faction 915 RepRaceMask 1
4,915,2,0x00000005,Faction 915 RepRaceMask 2
4,915,3,0x00000005,Faction 915 RepRaceMask 3
4,916,0,0x3F800000,Faction 916 RepRaceMask 0
4,916,4,0x00001B1D,Faction 916 RepClassMask 0
4,916,1,0x3F800000,Faction 916 RepRaceMask 1
4,916,2,0x00000005,Faction 916 RepRaceMask 2
4,916,3,0x00000005,Faction 916 RepRaceMask 3
4,917,0,0x3F800000,Faction 917 RepRaceMask 0
4,917,4,0x00001B30,Faction 917 RepClassMask 0
4,917,1,0x3F800000,Faction 917 RepRaceMask 1
4,917,2,0x00000005,Faction 917 RepRaceMask 2
4,917,3,0x00000005,Faction 917 RepRaceMask 3
4,918,0,0x3F800000,Faction 918 RepRaceMask 0
4,918,4,0x00001B46,Faction 918 RepClassMask 0
4,918,1,0x3F800000,Faction 918 RepRaceMask 1
4,918,2,0x00000005,Faction 918 RepRaceMask 2
4,918,3,0x00000005,Faction 918 RepRaceMask 3
4,919,0,0x3F800000,Faction 919 RepRaceMask 0
4,919,4,0x00001B51,Faction 919 RepClassMask 0
4,919,1,0x3F800000,Faction 919 RepRaceMask 1
4,919,2,0x00000005,Faction 919 RepRaceMask 2
4,919,3,0x00000005,Faction 919 RepRaceMask 3
4,920,0,0x3F800000,Faction 920 RepRaceMask 0
4,920,4,0x00001B5C,Faction 920 RepClassMask 0
4,920,1,0x3F800000,Faction 920 RepRaceMask 1
4,920,2,0x00000005,Faction 920 RepRaceMask 2
4,920,3,0x00000005,Faction 920 RepRaceMask 3
4,921,0,0x3F800000,Faction 921 RepRaceMask 0
4,921,4,0x00001B60,Faction 921 RepClassMask 0
4,921,1,0x3F800000,Faction 921 RepRaceMask 1
4,921,2,0x00000005,Faction 921 RepRaceMask 2
4,921,3,0x00000005,Faction 921 RepRaceMask 3
4,922,4,0x00001B65,Faction 922 RepClassMask 0
4,922,2,0x00000005,Faction 922 RepRaceMask 2
4,922,3,0x00000005,Faction 922 RepRaceMask 3
4,923,0,0x3F800000,Faction 923 RepRaceMask 0
4,923,4,0x00001C3B,Faction 923 RepClassMask 0
4,923,1,0x3F800000,Faction 923 RepRaceMask 1
4,923,2,0x00000005,Faction 923 RepRaceMask 2
4,923,3,0x00000005,Faction 923 RepRaceMask 3
4,924,0,0x3F800000,Faction 924 RepRaceMask 0
4,924,4,0x00001C47,Faction 924 RepClassMask 0
4,924,1,0x3F800000,Faction 924 RepRaceMask 1
4,924,2,0x00000005,Faction 924 RepRaceMask 2
4,924,3,0x00000005,Faction 924 RepRaceMask 3
4,925,0,0x3F800000,Faction 925 RepRaceMask 0
4,925,4,0x00001C52,Faction 925 RepClassMask 0
4,925,1,0x3F800000,Faction 925 RepRaceMask 1
4,925,2,0x00000005,Faction 925 RepRaceMask 2
4,925,3,0x00000005,Faction 925 RepRaceMask 3
4,926,0,0x3F800000,Faction 926 RepRaceMask 0
4,926,4,0x00001C5E,Faction 926 RepClassMask 0
4,926,1,0x3F800000,Faction 926 RepRaceMask 1
4,926,2,0x00000005,Faction 926 RepRaceMask 2
4,926,3,0x00000005,Faction 926 RepRaceMask 3
4,927,0,0x3F800000,Faction 927 RepRaceMask 0
4,927,4,0x00001C6F,Faction 927 RepClassMask 0
4,927,1,0x3F800000,Faction 927 RepRaceMask 1
4,927,2,0x00000005,Faction 927 RepRaceMask 2
4,927,3,0x00000005,Faction 927 RepRaceMask 3
4,928,0,0x3F800000,Faction 928 RepRaceMask 0
4,928,4,0x00001C7F,Faction 928 RepClassMask 0
4,928,1,0x3F800000,Faction 928 RepRaceMask 1
4,928,2,0x00000005,Faction 928 RepRaceMask 2
4,928,3,0x00000005,Faction 928 RepRaceMask 3
4,929,4,0x00001C90,Faction 929 RepClassMask 0
4,929,2,0x00000003,Faction 929 RepRaceMask 2
4,929,3,0x00000003,Faction 929 RepRaceMask 3
4,930,0,0x3F800000,Faction 930 RepRaceMask 0
4,930,4,0x00001C9F,Faction 930 RepClassMask 0
4,930,1,0x3E800000,Faction 930 RepRaceMask 1
4,930,2,0x00000007,Faction 930 RepRaceMask 2
4,930,3,0x00000005,Faction 930 RepRaceMask 3
4,931,0,0x3F800000,Faction 931 RepRaceMask 0
4,931,4,0x00001D31,Faction 931 RepClassMask 0
4,931,1,0x3F800000,Faction 931 RepRaceMask 1
4,931,2,0x00000005,Faction 931 RepRaceMask 2
4,931,3,0x00000005,Faction 931 RepRaceMask 3
4,932,0,0xBF8CCCCD,Faction 932 RepRaceMask 0
4,932,4,0x00001DA5,Faction 932 RepClassMask 0
4,932,1,0x3F800000,Faction 932 RepRaceMask 1
4,932,2,0x00000007,Faction 932 RepRaceMask 2
4,932,3,0x00000007,Faction 932 RepRaceMask 3
4,933,4,0x00001E7D,Faction 933 RepClassMask 0
4,933,2,0x00000007,Faction 933 RepRaceMask 2
4,933,3,0x00000007,Faction 933 RepRaceMask 3
4,934,0,0xBF8CCCCD,Faction 934 RepRaceMask 0
4,934,4,0x00001F37,Faction 934 RepClassMask 0
4,934,1,0x3F800000,Faction 934 RepRaceMask 1
4,934,2,0x00000007,Faction 934 RepRaceMask 2
4,934,3,0x00000007,Faction 934 RepRaceMask 3
4,935,0,0x3F000000,Faction 935 RepRaceMask 0
4,935,4,0x00001FFB,Faction 935 RepClassMask 0
4,935,2,0x00000004,Faction 935 RepRaceMask 2
4,935,3,0x00000003,Faction 935 RepRaceMask 3
4,936,4,0x000020C3,Faction 936 RepClassMask 0
4,936,2,0x00000007,Faction 936 RepRaceMask 2
4,936,3,0x00000007,Faction 936 RepRaceMask 3
4,937,0,0x3F800000,Faction 937 RepRaceMask 0
4,937,4,0x000020D2,Faction 937 RepClassMask 0
4,937,1,0x3F800000,Faction 937 RepRaceMask 1
4,937,2,0x00000005,Faction 937 RepRaceMask 2
4,937,3,0x00000005,Faction 937 RepRaceMask 3
4,938,0,0x3F800000,Faction 938 RepRaceMask 0
4,938,4,0x000020E0,Faction 938 RepClassMask 0
4,938,1,0x3F800000,Faction 938 RepRaceMask 1
4,938,2,0x00000005,Faction 938 RepRaceMask 2
4,938,3,0x00000005,Faction 938 RepRaceMask 3
4,939,0,0x3F800000,Faction 939 RepRaceMask 0
4,939,4,0x00001C47,Faction 939 RepClassMask 0
4,939,1,0x3F800000,Faction 939 RepRaceMask 1
4,939,2,0x00000005,Faction 939 RepRaceMask 2
4,939,3,0x00000005,Faction 939 RepRaceMask 3
4,940,0,0x3F800000,Faction 940 RepRaceMask 0
4,940,4,0x000020EB,Faction 940 RepClassMask 0
4,940,1,0x3F800000,Faction 940 RepRaceMask 1
4,940,2,0x00000005,Faction 940 RepRaceMask 2
4,940,3,0x00000005,Faction 940 RepRaceMask 3
4,941,4,0x000020FE,Faction 941 RepClassMask 0
4,941,2,0x00000005,Faction 941 RepRaceMask 2
4,941,3,0x00000005,Faction 941 RepRaceMask 3
4,942,4,0x000021BC,Faction 942 RepClassMask 0
4,942,2,0x00000005,Faction 942 RepRaceMask 2
4,942,3,0x00000005,Faction 942 RepRaceMask 3
4,943,0,0x3F800000,Faction 943 RepRaceMask 0
4,943,4,0x00002292,Faction 943 RepClassMask 0
4,943,1,0x3F800000,Faction 943 RepRaceMask 1
4,943,2,0x00000005,Faction 943 RepRaceMask 2
4,943,3,0x00000005,Faction 943 RepRaceMask 3
4,944,0,0x3F800000,Faction 944 RepRaceMask 0
4,944,4,0x0000229A,Faction 944 RepClassMask 0
4,944,1,0x3F800000,Faction 944 RepRaceMask 1
4,944,2,0x00000005,Faction 944 RepRaceMask 2
4,944,3,0x00000005,Faction 944 RepRaceMask 3
4,945,0,0x3F800000,Faction 945 RepRaceMask 0
4,945,4,0x000022A8,Faction 945 RepClassMask 0
4,945,1,0x3F800000,Faction 945 RepRaceMask 1
4,945,2,0x00000005,Faction 945 RepRaceMask 2
4,945,3,0x00000005,Faction 945 RepRaceMask 3
4,946,4,0x000022BE,Faction 946 RepClassMask 0
4,946,2,0x00000005,Faction 946 RepRaceMask 2
4,946,3,0x00000005,Faction 946 RepRaceMask 3
4,947,4,0x00002394,Faction 947 RepClassMask 0
4,947,2,0x00000005,Faction 947 RepRaceMask 2
4,947,3,0x00000005,Faction 947 RepRaceMask 3
4,948,0,0x3F800000,Faction 948 RepRaceMask 0
4,948,4,0x0000245B,Faction 948 RepClassMask 0
4,948,1,0x3F800000,Faction 948 RepRaceMask 1
4,948,2,0x00000005,Faction 948 RepRaceMask 2
4,948,3,0x00000005,Faction 948 RepRaceMask 3
4,949,0,0x3F800000,Faction 949 RepRaceMask 0
4,949,4,0x0000246A,Faction 949 RepClassMask 0
4,949,1,0x3F800000,Faction 949 RepRaceMask 1
4,949,2,0x00000005,Faction 949 RepRaceMask 2
4,949,3,0x00000005,Faction 949 RepRaceMask 3
4,950,0,0x3F800000,Faction 950 RepRaceMask 0
4,950,4,0x00002479,Faction 950 RepClassMask 0
4,950,1,0x3F800000,Faction 950 RepRaceMask 1
4,950,2,0x00000005,Faction 950 RepRaceMask 2
4,950,3,0x00000005,Faction 950 RepRaceMask 3
4,951,0,0x3F800000,Faction 951 RepRaceMask 0
4,951,4,0x00002486,Faction 951 RepClassMask 0
4,951,1,0x3F800000,Faction 951 RepRaceMask 1
4,951,2,0x00000005,Faction 951 RepRaceMask 2
4,951,3,0x00000005,Faction 951 RepRaceMask 3
4,952,0,0x3F800000,Faction 952 RepRaceMask 0
4,952,4,0x000024AA,Faction 952 RepClassMask 0
4,952,1,0x3F800000,Faction 952 RepRaceMask 1
4,952,2,0x00000005,Faction 952 RepRaceMask 2
4,952,3,0x00000005,Faction 952 RepRaceMask 3
4,953,0,0x3F800000,Faction 953 RepRaceMask 0
4,953,4,0x000024B9,Faction 953 RepClassMask 0
4,953,1,0x3F800000,Faction 953 RepRaceMask 1
4,953,2,0x00000005,Faction 953 RepRaceMask 2
4,953,3,0x00000005,Faction 953 RepRaceMask 3
4,954,0,0x3F800000,Faction 954 RepRaceMask 0
4,954,4,0x000024C8,Faction 954 RepClassMask 0
4,954,1,0x3F800000,Faction 954 RepRaceMask 1
4,954,2,0x00000005,Faction 954 RepRaceMask 2
4,954,3,0x00000005,Faction 954 RepRaceMask 3
4,955,0,0x3F800000,Faction 955 RepRaceMask 0
4,955,4,0x000024E9,Faction 955 RepClassMask 0
4,955,1,0x3F800000,Faction 955 RepRaceMask 1
4,955,2,0x00000005,Faction 955 RepRaceMask 2
4,955,3,0x00000005,Faction 955 RepRaceMask 3
4,956,0,0x3F800000,Faction 956 RepRaceMask 0
4,956,4,0x000024F0,Faction 956 RepClassMask 0
4,956,1,0x3F800000,Faction 956 RepRaceMask 1
4,956,2,0x00000005,Faction 956 RepRaceMask 2
4,956,3,0x00000005,Faction 956 RepRaceMask 3
4,957,0,0x3F800000,Faction 957 RepRaceMask 0
4,957,4,0x000024F9,Faction 957 RepClassMask 0
4,957,1,0x3F800000,Faction 957 RepRaceMask 1
4,957,2,0x00000005,Faction 957 RepRaceMask 2
4,957,3,0x00000005,Faction 957 RepRaceMask 3
4,958,0,0x3F800000,Faction 958 RepRaceMask 0
4,958,4,0x00002509,Faction 958 RepClassMask 0
4,958,1,0x3F800000,Faction 958 RepRaceMask 1
4,958,2,0x00000005,Faction 958 RepRaceMask 2
4,958,3,0x00000005,Faction 958 RepRaceMask 3
4,959,0,0x3F800000,Faction 959 RepRaceMask 0
4,959,4,0x00002519,Faction 959 RepClassMask 0
4,959,1,0x3F800000,Faction 959 RepRaceMask 1
4,959,2,0x00000005,Faction 959 RepRaceMask 2
4,959,3,0x00000005,Faction 959 RepRaceMask 3
4,960,0,0x3F800000,Faction 960 RepRaceMask 0
4,960,4,0x00002524,Faction 960 RepClassMask 0
4,960,1,0x3F800000,Faction 960 RepRaceMask 1
4,960,2,0x00000005,Faction 960 RepRaceMask 2
4,960,3,0x00000005,Faction 960 RepRaceMask 3
4,961,0,0x3F800000,Faction 961 RepRaceMask 0
4,961,4,0x0000252F,Faction 961 RepClassMask 0
4,961,1,0x3F800000,Faction 961 RepRaceMask 1
4,961,2,0x00000005,Faction 961 RepRaceMask 2
4,961,3,0x00000005,Faction 961 RepRaceMask 3
4,962,0,0x3F800000,Faction 962 RepRaceMask 0
4,962,4,0x00002541,Faction 962 RepClassMask 0
4,962,1,0x3F800000,Faction 962 RepRaceMask 1
4,962,2,0x00000005,Faction 962 RepRaceMask 2
4,962,3,0x00000005,Faction 962 RepRaceMask 3
4,963,0,0x3F800000,Faction 963 RepRaceMask 0
4,963,4,0x0000254F,Faction 963 RepClassMask 0
4,963,1,0x3F800000,Faction 963 RepRaceMask 1
4,963,2,0x00000005,Faction 963 RepRaceMask 2
4,963,3,0x00000005,Faction 963 RepRaceMask 3
4,964,0,0x3F800000,Faction 964 RepRaceMask 0
4,964,4,0x0000255E,Faction 964 RepClassMask 0
4,964,1,0x3F800000,Faction 964 RepRaceMask 1
4,964,2,0x00000005,Faction 964 RepRaceMask 2
4,964,3,0x00000005,Faction 964 RepRaceMask 3
4,965,0,0x3F800000,Faction 965 RepRaceMask 0
4,965,4,0x0000256A,Faction 965 RepClassMask 0
4,965,1,0x3F800000,Faction 965 RepRaceMask 1
4,965,2,0x00000005,Faction 965 RepRaceMask 2
4,965,3,0x00000005,Faction 965 RepRaceMask 3
4,966,0,0x3F800000,Faction 966 RepRaceMask 0
4,966,4,0x00002577,Faction 966 RepClassMask 0
4,966,1,0x3F800000,Faction 966 RepRaceMask 1
4,966,2,0x00000005,Faction 966 RepRaceMask 2
4,966,3,0x00000005,Faction 966 RepRaceMask 3
4,967,4,0x0000258A,Faction 967 RepClassMask 0
4,967,2,0x00000005,Faction 967 RepRaceMask 2
4,967,3,0x00000005,Faction 967 RepRaceMask 3
4,968,0,0x3F800000,Faction 968 RepRaceMask 0
4,968,4,0x000025E5,Faction 968 RepClassMask 0
4,968,1,0x3F800000,Faction 968 RepRaceMask 1
4,968,2,0x00000005,Faction 968 RepRaceMask 2
4,968,3,0x00000005,Faction 968 RepRaceMask 3
4,969,0,0x3F800000,Faction 969 RepRaceMask 0
4,969,4,0x000025EE,Faction 969 RepClassMask 0
4,969,1,0x3F800000,Faction 969 RepRaceMask 1
4,969,2,0x00000005,Faction 969 RepRaceMask 2
4,969,3,0x00000005,Faction 969 RepRaceMask 3
4,970,4,0x000025FC,Faction 970 RepClassMask 0
4,970,2,0x00000005,Faction 970 RepRaceMask 2
4,970,3,0x00000005,Faction 970 RepRaceMask 3
4,971,0,0x3F800000,Faction 971 RepRaceMask 0
4,971,4,0x0000268F,Faction 971 RepClassMask 0
4,971,1,0x3F800000,Faction 971 RepRaceMask 1
4,971,2,0x00000005,Faction 971 RepRaceMask 2
4,971,3,0x00000005,Faction 971 RepRaceMask 3
4,972,0,0x3F800000,Faction 972 RepRaceMask 0
4,972,4,0x0000269C,Faction 972 RepClassMask 0
4,972,1,0x3F800000,Faction 972 RepRaceMask 1
4,972,2,0x00000005,Faction 972 RepRaceMask 2
4,972,3,0x00000005,Faction 972 RepRaceMask 3
4,973,0,0x3F800000,Faction 973 RepRaceMask 0
4,973,4,0x000026A6,Faction 973 RepClassMask 0
4,973,1,0x3F800000,Faction 973 RepRaceMask 1
4,973,2,0x00000005,Faction 973 RepRaceMask 2
4,973,3,0x00000005,Faction 973 RepRaceMask 3
4,974,0,0x3F800000,Faction 974 RepRaceMask 0
4,974,4,0x000026B8,Faction 974 RepClassMask 0
4,974,1,0x3F800000,Faction 974 RepRaceMask 1
4,974,2,0x00000005,Faction 974 RepRaceMask 2
4,974,3,0x00000005,Faction 974 RepRaceMask 3
4,975,0,0x3F800000,Faction 975 RepRaceMask 0
4,975,4,0x000026C6,Faction 975 RepClassMask 0
4,975,1,0x3F800000,Faction 975 RepRaceMask 1
4,975,2,0x00000005,Faction 975 RepRaceMask 2
4,975,3,0x00000005,Faction 975 RepRaceMask 3
4,976,0,0x3F800000,Faction 976 RepRaceMask 0
4,976,4,0x000026D3,Faction 976 RepClassMask 0
4,976,1,0x3F800000,Faction 976 RepRaceMask 1
4,976,2,0x00000005,Faction 976 RepRaceMask 2
4,976,3,0x00000005,Faction 976 RepRaceMask 3
4,977,0,0x3F800000,Faction 977 RepRaceMask 0
4,977,4,0x000026E3,Faction 977 RepClassMask 0
4,977,1,0x3F800000,Faction 977 RepRaceMask 1
4,977,2,0x00000005,Faction 977 RepRaceMask 2
4,977,3,0x00000005,Faction 977 RepRaceMask 3
4,978,4,0x000026F2,Faction 978 RepClassMask 0
4,978,2,0x00000005,Faction 978 RepRaceMask 2
4,978,3,0x00000005,Faction 978 RepRaceMask 3
4,979,0,0x3F800000,Faction 979 RepRaceMask 0
4,979,4,0x000027B9,Faction 979 RepClassMask 0
4,979,1,0x3F800000,Faction 979 RepRaceMask 1
4,979,2,0x00000005,Faction 979 RepRaceMask 2
4,979,3,0x00000005,Faction 979 RepRaceMask 3
4,980,4,0x000027C6,Faction 980 RepClassMask 0
4,980,2,0x00000005,Faction 980 RepRaceMask 2
4,980,3,0x00000005,Faction 980 RepRaceMask 3
4,981,0,0x3F800000,Faction 981 RepRaceMask 0
4,981,4,0x000027DA,Faction 981 RepClassMask 0
4,981,1,0x3F800000,Faction 981 RepRaceMask 1
4,981,2,0x00000005,Faction 981 RepRaceMask 2
4,981,3,0x00000005,Faction 981 RepRaceMask 3
4,982,0,0x3F800000,Faction 982 RepRaceMask 0
4,982,4,0x000027E2,Faction 982 RepClassMask 0
4,982,1,0x3F800000,Faction 982 RepRaceMask 1
4,982,2,0x00000005,Faction 982 RepRaceMask 2
4,982,3,0x00000005,Faction 982 RepRaceMask 3
4,983,0,0x3F800000,Faction 983 RepRaceMask 0
4,983,4,0x00002800,Faction 983 RepClassMask 0
4,983,1,0x3F800000,Faction 983 RepRaceMask 1
4,983,2,0x00000005,Faction 983 RepRaceMask 2
4,983,3,0x00000005,Faction 983 RepRaceMask 3
4,984,0,0x3F800000,Faction 984 RepRaceMask 0
4,984,4,0x0000281B,Faction 984 RepClassMask 0
4,984,1,0x3F800000,Faction 984 RepRaceMask 1
4,984,2,0x00000005,Faction 984 RepRaceMask 2
4,984,3,0x00000005,Faction 984 RepRaceMask 3
4,985,0,0x3F800000,Faction 985 RepRaceMask 0
4,985,4,0x00002838,Faction 985 RepClassMask 0
4,985,1,0x3F800000,Faction 985 RepRaceMask 1
4,985,2,0x00000005,Faction 985 RepRaceMask 2
4,985,3,0x00000005,Faction 985 RepRaceMask 3
4,986,0,0x3F800000,Faction 986 RepRaceMask 0
4,986,4,0x00002851,Faction 986 RepClassMask 0
4,986,1,0x3F800000,Faction 986 RepRaceMask 1
4,986,2,0x00000005,Faction 986 RepRaceMask 2
4,986,3,0x00000005,Faction 986 RepRaceMask 3
4,987,0,0x3F800000,Faction 987 RepRaceMask 0
4,987,4,0x0000286D,Faction 987 RepClassMask 0
4,987,1,0x3F800000,Faction 987 RepRaceMask 1
4,987,2,0x00000005,Faction 987 RepRaceMask 2
4,987,3,0x00000005,Faction 987 RepRaceMask 3
4,988,0,0x3F800000,Faction 988 RepRaceMask 0
4,988,4,0x00002891,Faction 988 RepClassMask 0
4,988,1,0x3F800000,Faction 988 RepRaceMask 1
4,988,2,0x00000005,Faction 988 RepRaceMask 2
4,988,3,0x00000005,Faction 988 RepRaceMask 3
4,989,4,0x000028A7,Faction 989 RepClassMask 0
4,989,2,0x00000005,Faction 989 RepRaceMask 2
4,989,3,0x00000005,Faction 989 RepRaceMask 3
4,990,4,0x00002919,Faction 990 RepClassMask 0
4,990,2,0x00000005,Faction 990 RepRaceMask 2
4,990,3,0x00000005,Faction 990 RepRaceMask 3
4,991,0,0x3F800000,Faction 991 RepRaceMask 0
4,991,4,0x0000298B,Faction 991 RepClassMask 0
4,991,1,0x3F800000,Faction 991 RepRaceMask 1
4,991,2,0x00000005,Faction 991 RepRaceMask 2
4,991,3,0x00000005,Faction 991 RepRaceMask 3
4,992,0,0x3F800000,Faction 992 RepRaceMask 0
4,992,4,0x000029AA,Faction 992 RepClassMask 0
4,992,1,0x3F800000,Faction 992 RepRaceMask 1
4,992,2,0x00000005,Faction 992 RepRaceMask 2
4,992,3,0x00000005,Faction 992 RepRaceMask 3
4,993,0,0x3F800000,Faction 993 RepRaceMask 0
4,993,4,0x000029C6,Faction 993 RepClassMask 0
4,993,1,0x3F800000,Faction 993 RepRaceMask 1
4,993,2,0x00000005,Faction 993 RepRaceMask 2
4,993,3,0x00000005,Faction 993 RepRaceMask 3
4,994,0,0x3F800000,Faction 994 RepRaceMask 0
4,994,4,0x000029E3,Faction 994 RepClassMask 0
4,994,1,0x3F800000,Faction 994 RepRaceMask 1
4,994,2,0x00000005,Faction 994 RepRaceMask 2
4,994,3,0x00000005,Faction 994 RepRaceMask 3
4,995,0,0x3F800000,Faction 995 RepRaceMask 0
4,995,4,0x00002A1E,Faction 995 RepClassMask 0
4,995,1,0x3F800000,Faction 995 RepRaceMask 1
4,995,2,0x00000005,Faction 995 RepRaceMask 2
4,995,3,0x00000005,Faction 995 RepRaceMask 3
4,996,0,0x3F800000,Faction 996 RepRaceMask 0
4,996,4,0x00002A30,Faction 996 RepClassMask 0
4,996,1,0x3F800000,Faction 996 RepRaceMask 1
4,996,2,0x00000005,Faction 996 RepRaceMask 2
4,996,3,0x00000005,Faction 996 RepRaceMask 3
4,997,0,0x3F800000,Faction 997 RepRaceMask 0
4,997,4,0x00002A42,Faction 997 RepClassMask 0
4,997,1,0x3F800000,Faction 997 RepRaceMask 1
4,997,2,0x00000005,Faction 997 RepRaceMask 2
4,997,3,0x00000005,Faction 997 RepRaceMask 3
4,998,0,0x3F800000,Faction 998 RepRaceMask 0
4,998,4,0x00002A54,Faction 998 RepClassMask 0
4,998,1,0x3F800000,Faction 998 RepRaceMask 1
4,998,2,0x00000005,Faction 998 RepRaceMask 2
4,998,3,0x00000005,Faction 998 RepRaceMask 3
4,999,0,0x3F800000,Faction 999 RepRaceMask 0
4,999,4,0x00002A66,Faction 999 RepClassMask 0
4,999,1,0x3F800000,Faction 999 RepRaceMask 1
4,999,2,0x00000005,Faction 999 RepRaceMask 2
4,999,3,0x00000005,Faction 999 RepRaceMask 3
4,1000,0,0x3F800000,Faction 1000 RepRaceMask 0
4,1000,4,0x00002A74,Faction 1000 RepClassMask 0
4,1000,1,0x3F800000,Faction 1000 RepRaceMask 1
4,1000,2,0x00000005,Faction 1000 RepRaceMask 2
4,1000,3,0x00000005,Faction 1000 RepRaceMask 3
4,1001,0,0x3F800000,Faction 1001 RepRaceMask 0
4,1001,4,0x00002A86,Faction 1001 RepClassMask 0
4,1001,1,0x3F800000,Faction 1001 RepRaceMask 1
4,1001,2,0x00000005,Faction 1001 RepRaceMask 2
4,1001,3,0x00000005,Faction 1001 RepRaceMask 3
4,1002,0,0x3F800000,Faction 1002 RepRaceMask 0
4,1002,4,0x00002A96,Faction 1002 RepClassMask 0
4,1002,1,0x3F800000,Faction 1002 RepRaceMask 1
4,1002,2,0x00000005,Faction 1002 RepRaceMask 2
4,1002,3,0x00000005,Faction 1002 RepRaceMask 3
4,1003,0,0x3F800000,Faction 1003 RepRaceMask 0
4,1003,4,0x00002AA9,Faction 1003 RepClassMask 0
4,1003,1,0x3F800000,Faction 1003 RepRaceMask 1
4,1003,2,0x00000005,Faction 1003 RepRaceMask 2
4,1003,3,0x00000005,Faction 1003 RepRaceMask 3
4,1004,0,0x3F800000,Faction 1004 RepRaceMask 0
4,1004,4,0x00002AB6,Faction 1004 RepClassMask 0
4,1004,1,0x3F800000,Faction 1004 RepRaceMask 1
4,1004,2,0x00000005,Faction 1004 RepRaceMask 2
4,1004,3,0x00000005,Faction 1004 RepRaceMask 3
4,1005,0,0x3F800000,Faction 1005 RepRaceMask 0
4,1005,4,0x00002ACF,Faction 1005 RepClassMask 0
4,1005,1,0x3F800000,Faction 1005 RepRaceMask 1
4,1005,2,0x00000005,Faction 1005 RepRaceMask 2
4,1005,3,0x00000005,Faction 1005 RepRaceMask 3
4,1006,0,0x3F800000,Faction 1006 RepRaceMask 0
4,1006,4,0x00002AE0,Faction 1006 RepClassMask 0
4,1006,1,0x3F800000,Faction 1006 RepRaceMask 1
4,1006,2,0x00000005,Faction 1006 RepRaceMask 2
4,1006,3,0x00000005,Faction 1006 RepRaceMask 3
4,1007,0,0x3F800000,Faction 1007 RepRaceMask 0
4,1007,4,0x00002AF4,Faction 1007 RepClassMask 0
4,1007,1,0x3F800000,Faction 1007 RepRaceMask 1
4,1007,2,0x00000005,Faction 1007 RepRaceMask 2
4,1007,3,0x00000005,Faction 1007 RepRaceMask 3
4,1008,0,0x3F800000,Faction 1008 RepRaceMask 0
4,1008,4,0x00002B08,Faction 1008 RepClassMask 0
4,1008,1,0x3F800000,Faction 1008 RepRaceMask 1
4,1008,2,0x00000005,Faction 1008 RepRaceMask 2
4,1008,3,0x00000005,Faction 1008 RepRaceMask 3
4,1009,0,0x3F800000,Faction 1009 RepRaceMask 0
4,1009,4,0x00002B1E,Faction 1009 RepClassMask 0
4,1009,1,0x3F800000,Faction 1009 RepRaceMask 1
4,1009,2,0x00000005,Faction 1009 RepRaceMask 2
4,1009,3,0x00000005,Faction 1009 RepRaceMask 3
4,1010,0,0x3F800000,Faction 1010 RepRaceMask 0
4,1010,4,0x00002B32,Faction 1010 RepClassMask 0
4,1010,1,0x3F800000,Faction 1010 RepRaceMask 1
4,1010,2,0x00000005,Faction 1010 RepRaceMask 2
4,1010,3,0x00000005,Faction 1010 RepRaceMask 3
4,1011,4,0x00002B45,Faction 1011 RepClassMask 0
4,1011,2,0x00000003,Faction 1011 RepRaceMask 2
4,1011,3,0x00000003,Faction 1011 RepRaceMask 3
4,1012,4,0x00002BDC,Faction 1012 RepClassMask 0
4,1012,2,0x00000003,Faction 1012 RepRaceMask 2
4,1012,3,0x00000003,Faction 1012 RepRaceMask 3
4,1013,0,0x3F800000,Faction 1013 RepRaceMask 0
4,1013,4,0x00002CB4,Faction 1013 RepClassMask 0
4,1013,1,0x3F800000,Faction 1013 RepRaceMask 1
4,1013,2,0x00000005,Faction 1013 RepRaceMask 2
4,1013,3,0x00000005,Faction 1013 RepRaceMask 3
4,1014,0,0x3F800000,Faction 1014 RepRaceMask 0
4,1014,4,0x00002CCC,Faction 1014 RepClassMask 0
4,1014,1,0x3F800000,Faction 1014 RepRaceMask 1
4,1014,2,0x00000005,Faction 1014 RepRaceMask 2
4,1014,3,0x00000005,Faction 1014 RepRaceMask 3
4,1015,4,0x00002CE4,Faction 1015 RepClassMask 0
4,1015,2,0x00000005,Faction 1015 RepRaceMask 2
4,1015,3,0x00000005,Faction 1015 RepRaceMask 3
4,1016,0,0x3F800000,Faction 1016 RepRaceMask 0
4,1016,4,0x00002DD2,Faction 1016 RepClassMask 0
4,1016,1,0x3F800000,Faction 1016 RepRaceMask 1
4,1016,2,0x00000005,Faction 1016 RepRaceMask 2
4,1016,3,0x00000005,Faction 1016 RepRaceMask 3
4,1017,0,0x3F800000,Faction 1017 RepRaceMask 0
4,1017,4,0x00002DDB,Faction 1017 RepClassMask 0
4,1017,1,0x3F800000,Faction 1017 RepRaceMask 1
4,1017,2,0x00000005,Faction 1017 RepRaceMask 2
4,1017,3,0x00000005,Faction 1017 RepRaceMask 3
4,1018,0,0x3F800000,Faction 1018 RepRaceMask 0
4,1018,4,0x00002DE2,Faction 1018 RepClassMask 0
4,1018,1,0x3F800000,Faction 1018 RepRaceMask 1
4,1018,2,0x00000005,Faction 1018 RepRaceMask 2
4,1018,3,0x00000005,Faction 1018 RepRaceMask 3
4,1019,0,0x3F800000,Faction 1019 RepRaceMask 0
4,1019,4,0x00002DF4,Faction 1019 RepClassMask 0
4,1019,1,0x3F800000,Faction 1019 RepRaceMask 1
4,1019,2,0x00000005,Faction 1019 RepRaceMask 2
4,1019,3,0x00000005,Faction 1019 RepRaceMask 3
4,1020,0,0x3F800000,Faction 1020 RepRaceMask 0
4,1020,4,0x00002E07,Faction 1020 RepClassMask 0
4,1020,1,0x3F800000,Faction 1020 RepRaceMask 1
4,1020,2,0x00000005,Faction 1020 RepRaceMask 2
4,1020,3,0x00000005,Faction 1020 RepRaceMask 3
4,1021,0,0x3F800000,Faction 1021 RepRaceMask 0
4,1021,4,0x00002E1B,Faction 1021 RepClassMask 0
4,1021,1,0x3F800000,Faction 1021 RepRaceMask 1
4,1021,2,0x00000005,Faction 1021 RepRaceMask 2
4,1021,3,0x00000005,Faction 1021 RepRaceMask 3
4,1022,0,0x3F800000,Faction 1022 RepRaceMask 0
4,1022,4,0x00002E2E,Faction 1022 RepClassMask 0
4,1022,1,0x3F800000,Faction 1022 RepRaceMask 1
4,1022,2,0x00000005,Faction 1022 RepRaceMask 2
4,1022,3,0x00000005,Faction 1022 RepRaceMask 3
4,1023,0,0x3F800000,Faction 1023 RepRaceMask 0
4,1023,4,0x00002E40,Faction 1023 RepClassMask 0
4,1023,1,0x3F800000,Faction 1023 RepRaceMask 1
4,1023,2,0x00000005,Faction 1023 RepRaceMask 2
4,1023,3,0x00000005,Faction 1023 RepRaceMask 3
4,1024,0,0x3F800000,Faction 1024 RepRaceMask 0
4,1024,4,0x00002E48,Faction 1024 RepClassMask 0
4,1024,1,0x3F800000,Faction 1024 RepRaceMask 1
4,1024,2,0x00000005,Faction 1024 RepRaceMask 2
4,1024,3,0x00000005,Faction 1024 RepRaceMask 3
4,1025,0,0x3F800000,Faction 1025 RepRaceMask 0
4,1025,4,0x00002E54,Faction 1025 RepClassMask 0
4,1025,1,0x3F800000,Faction 1025 RepRaceMask 1
4,1025,2,0x00000005,Faction 1025 RepRaceMask 2
4,1025,3,0x00000005,Faction 1025 RepRaceMask 3
4,1026,0,0x3F800000,Faction 1026 RepRaceMask 0
4,1026,4,0x00002E62,Faction 1026 RepClassMask 0
4,1026,1,0x3F800000,Faction 1026 RepRaceMask 1
4,1026,2,0x00000005,Faction 1026 RepRaceMask 2
4,1026,3,0x00000005,Faction 1026 RepRaceMask 3
4,1027,0,0x3F800000,Faction 1027 RepRaceMask 0
4,1027,4,0x00002E73,Faction 1027 RepClassMask 0
4,1027,1,0x3F800000,Faction 1027 RepRaceMask 1
4,1027,2,0x00000005,Faction 1027 RepRaceMask 2
4,1027,3,0x00000005,Faction 1027 RepRaceMask 3
4,1028,0,0x3F800000,Faction 1028 RepRaceMask 0
4,1028,4,0x00002E87,Faction 1028 RepClassMask 0
4,1028,1,0x3F800000,Faction 1028 RepRaceMask 1
4,1028,2,0x00000005,Faction 1028 RepRaceMask 2
4,1028,3,0x00000005,Faction 1028 RepRaceMask 3
4,1029,0,0x3F800000,Faction 1029 RepRaceMask 0
4,1029,4,0x00002E9B,Faction 1029 RepClassMask 0
4,1029,1,0x3F800000,Faction 1029 RepRaceMask 1
4,1029,2,0x00000005,Faction 1029 RepRaceMask 2
4,1029,3,0x00000005,Faction 1029 RepRaceMask 3
4,1030,0,0x3F800000,Faction 1030 RepRaceMask 0
4,1030,4,0x00002EB8,Faction 1030 RepClassMask 0
4,1030,1,0x3F800000,Faction 1030 RepRaceMask 1
4,1030,2,0x00000005,Faction 1030 RepRaceMask 2
4,1030,3,0x00000005,Faction 1030 RepRaceMask 3
4,1031,4,0x00002ED6,Faction 1031 RepClassMask 0
4,1031,2,0x00000005,Faction 1031 RepRaceMask 2
4,1031,3,0x00000005,Faction 1031 RepRaceMask 3
4,1032,0,0x3F800000,Faction 1032 RepRaceMask 0
4,1032,4,0x00002F63,Faction 1032 RepClassMask 0
4,1032,1,0x3F800000,Faction 1032 RepRaceMask 1
4,1032,2,0x00000005,Faction 1032 RepRaceMask 2
4,1032,3,0x00000005,Faction 1032 RepRaceMask 3
4,1033,0,0x3F800000,Faction 1033 RepRaceMask 0
4,1033,4,0x00002F6B,Faction 1033 RepClassMask 0
4,1033,1,0x3F800000,Faction 1033 RepRaceMask 1
4,1033,2,0x00000005,Faction 1033 RepRaceMask 2
4,1033,3,0x00000005,Faction 1033 RepRaceMask 3
4,1034,0,0x3F800000,Faction 1034 RepRaceMask 0
4,1034,4,0x00002F71,Faction 1034 RepClassMask 0
4,1034,1,0x3F800000,Faction 1034 RepRaceMask 1
4,1034,2,0x00000005,Faction 1034 RepRaceMask 2
4,1034,3,0x00000005,Faction 1034 RepRaceMask 3
4,1035,0,0x3F800000,Faction 1035 RepRaceMask 0
4,1035,4,0x00002F89,Faction 1035 RepClassMask 0
4,1035,1,0x3F800000,Faction 1035 RepRaceMask 1
4,1035,2,0x00000005,Faction 1035 RepRaceMask 2
4,1035,3,0x00000005,Faction 1035 RepRaceMask 3
4,1036,0,0x3F800000,Faction 1036 RepRaceMask 0
4,1036,4,0x00002F99,Faction 1036 RepClassMask 0
4,1036,1,0x3F800000,Faction 1036 RepRaceMask 1
4,1036,2,0x00000005,Faction 1036 RepRaceMask 2
4,1036,3,0x00000005,Faction 1036 RepRaceMask 3
4,1037,4,0x00002FA9,Faction 1037 RepClassMask 0
4,1037,2,0x00000005,Faction 1037 RepRaceMask 2
4,1037,3,0x00000005,Faction 1037 RepRaceMask 3
4,1038,4,0x00003050,Faction 1038 RepClassMask 0
4,1038,2,0x00000005,Faction 1038 RepRaceMask 2
4,1038,3,0x00000005,Faction 1038 RepRaceMask 3
4,1039,0,0x3F800000,Faction 1039 RepRaceMask 0
4,1039,4,0x00003117,Faction 1039 RepClassMask 0
4,1039,1,0x3F800000,Faction 1039 RepRaceMask 1
4,1039,2,0x00000005,Faction 1039 RepRaceMask 2
4,1039,3,0x00000005,Faction 1039 RepRaceMask 3
4,1040,0,0x3F800000,Faction 1040 RepRaceMask 0
4,1040,4,0x0000311F,Faction 1040 RepClassMask 0
4,1040,1,0x3F800000,Faction 1040 RepRaceMask 1
4,1040,2,0x00000005,Faction 1040 RepRaceMask 2
4,1040,3,0x00000005,Faction 1040 RepRaceMask 3
4,1041,0,0x3F800000,Faction 1041 RepRaceMask 0
4,1041,4,0x00003125,Faction 1041 RepClassMask 0
4,1041,1,0x3F800000,Faction 1041 RepRaceMask 1
4,1041,2,0x00000005,Faction 1041 RepRaceMask 2
4,1041,3,0x00000005,Faction 1041 RepRaceMask 3
4,1042,0,0x3F800000,Faction 1042 RepRaceMask 0
4,1042,4,0x0000312C,Faction 1042 RepClassMask 0
4,1042,1,0x3F800000,Faction 1042 RepRaceMask 1
4,1042,2,0x00000005,Faction 1042 RepRaceMask 2
4,1042,3,0x00000005,Faction 1042 RepRaceMask 3
4,1043,0,0x3F800000,Faction 1043 RepRaceMask 0
4,1043,4,0x0000313B,Faction 1043 RepClassMask 0
4,1043,1,0x3F800000,Faction 1043 RepRaceMask 1
4,1043,2,0x00000005,Faction 1043 RepRaceMask 2
4,1043,3,0x00000005,Faction 1043 RepRaceMask 3
4,1044,0,0x3F800000,Faction 1044 RepRaceMask 0
4,1044,4,0x0000314A,Faction 1044 RepClassMask 0
4,1044,1,0x3F800000,Faction 1044 RepRaceMask 1
4,1044,2,0x00000005,Faction 1044 RepRaceMask 2
4,1044,3,0x00000005,Faction 1044 RepRaceMask 3
4,1045,0,0x3F800000,Faction 1045 RepRaceMask 0
4,1045,4,0x0000315D,Faction 1045 RepClassMask 0
4,1045,1,0x3F800000,Faction 1045 RepRaceMask 1
4,1045,2,0x00000005,Faction 1045 RepRaceMask 2
4,1045,3,0x00000005,Faction 1045 RepRaceMask 3
4,1046,0,0x3F800000,Faction 1046 RepRaceMask 0
4,1046,4,0x00003164,Faction 1046 RepClassMask 0
4,1046,1,0x3F800000,Faction 1046 RepRaceMask 1
4,1046,2,0x00000005,Faction 1046 RepRaceMask 2
4,1046,3,0x00000005,Faction 1046 RepRaceMask 3
4,1047,0,0x3F800000,Faction 1047 RepRaceMask 0
4,1047,4,0x00003175,Faction 1047 RepClassMask 0
4,1047,1,0x3F800000,Faction 1047 RepRaceMask 1
4,1047,2,0x00000005,Faction 1047 RepRaceMask 2
4,1047,3,0x00000005,Faction 1047 RepRaceMask 3
4,1048,0,0x3F800000,Faction 1048 RepRaceMask 0
4,1048,4,0x0000317D,Faction 1048 RepClassMask 0
4,1048,1,0x3F800000,Faction 1048 RepRaceMask 1
4,1048,2,0x00000005,Faction 1048 RepRaceMask 2
4,1048,3,0x00000005,Faction 1048 RepRaceMask 3
4,1049,0,0x3F800000,Faction 1049 RepRaceMask 0
4,1049,4,0x00003184,Faction 1049 RepClassMask 0
4,1049,1,0x3F800000,Faction 1049 RepRaceMask 1
4,1049,2,0x00000005,Faction 1049 RepRaceMask 2
4,1049,3,0x00000005,Faction 1049 RepRaceMask 3
4,1050,0,0x3F000000,Faction 1050 RepRaceMask 0
4,1050,4,0x00003191,Faction 1050 RepClassMask 0
4,1050,1,0x3F000000,Faction 1050 RepRaceMask 1
4,1050,2,0x00000007,Faction 1050 RepRaceMask 2
4,1050,3,0x00000007,Faction 1050 RepRaceMask 3
4,1051,0,0x3F800000,Faction 1051 RepRaceMask 0
4,1051,4,0x0000317D,Faction 1051 RepClassMask 0
4,1051,1,0x3F800000,Faction 1051 RepRaceMask 1
4,1051,2,0x00000005,Faction 1051 RepRaceMask 2
4,1051,3,0x00000005,Faction 1051 RepRaceMask 3
4,1052,4,0x0000321D,Faction 1052 RepClassMask 0
4,1052,2,0x00000005,Faction 1052 RepRaceMask 2
4,1052,3,0x00000005,Faction 1052 RepRaceMask 3
4,1053,0,0x3F800000,Faction 1053 RepRaceMask 0
4,1053,4,0x00003283,Faction 1053 RepClassMask 0
4,1053,1,0x3F800000,Faction 1053 RepRaceMask 1
4,1053,2,0x00000005,Faction 1053 RepRaceMask 2
4,1053,3,0x00000005,Faction 1053 RepRaceMask 3
4,1054,0,0x3F800000,Faction 1054 RepRaceMask 0
4,1054,4,0x0000328D,Faction 1054 RepClassMask 0
4,1054,1,0x3F800000,Faction 1054 RepRaceMask 1
4,1054,2,0x00000005,Faction 1054 RepRaceMask 2
4,1054,3,0x00000005,Faction 1054 RepRaceMask 3
4,1055,0,0x3F800000,Faction 1055 RepRaceMask 0
4,1055,4,0x0000329D,Faction 1055 RepClassMask 0
4,1055,1,0x3F800000,Faction 1055 RepRaceMask 1
4,1055,2,0x00000005,Faction 1055 RepRaceMask 2
4,1055,3,0x00000005,Faction 1055 RepRaceMask 3
4,1056,0,0x3F800000,Faction 1056 RepRaceMask 0
4,1056,4,0x000032AF,Faction 1056 RepClassMask 0
4,1056,1,0x3F800000,Faction 1056 RepRaceMask 1
4,1056,2,0x00000005,Faction 1056 RepRaceMask 2
4,1056,3,0x00000005,Faction 1056 RepRaceMask 3
4,1057,0,0x3F800000,Faction 1057 RepRaceMask 0
4,1057,4,0x000032C9,Faction 1057 RepClassMask 0
4,1057,1,0x3F800000,Faction 1057 RepRaceMask 1
4,1057,2,0x00000005,Faction 1057 RepRaceMask 2
4,1057,3,0x00000005,Faction 1057 RepRaceMask 3
4,1058,0,0x3F800000,Faction 1058 RepRaceMask 0
4,1058,4,0x000032E3,Faction 1058 RepClassMask 0
4,1058,1,0x3F800000,Faction 1058 RepRaceMask 1
4,1058,2,0x00000005,Faction 1058 RepRaceMask 2
4,1058,3,0x00000005,Faction 1058 RepRaceMask 3
4,1059,0,0x3F800000,Faction 1059 RepRaceMask 0
4,1059,4,0x000032FD,Faction 1059 RepClassMask 0
4,1059,1,0x3F800000,Faction 1059 RepRaceMask 1
4,1059,2,0x00000005,Faction 1059 RepRaceMask 2
4,1059,3,0x00000005,Faction 1059 RepRaceMask 3
4,1060,0,0x3F800000,Faction 1060 RepRaceMask 0
4,1060,4,0x00003313,Faction 1060 RepClassMask 0
4,1060,1,0x3F800000,Faction 1060 RepRaceMask 1
4,1060,2,0x00000005,Faction 1060 RepRaceMask 2
4,1060,3,0x00000005,Faction 1060 RepRaceMask 3
4,1061,0,0x3F800000,Faction 1061 RepRaceMask 0
4,1061,4,0x00003318,Faction 1061 RepClassMask 0
4,1061,1,0x3F800000,Faction 1061 RepRaceMask 1
4,1061,2,0x00000005,Faction 1061 RepRaceMask 2
4,1061,3,0x00000005,Faction 1061 RepRaceMask 3
4,1062,0,0x3F800000,Faction 1062 RepRaceMask 0
4,1062,4,0x0000331F,Faction 1062 RepClassMask 0
4,1062,1,0x3F800000,Faction 1062 RepRaceMask 1
4,1062,2,0x00000005,Faction 1062 RepRaceMask 2
4,1062,3,0x00000005,Faction 1062 RepRaceMask 3
4,1063,0,0x3F800000,Faction 1063 RepRaceMask 0
4,1063,4,0x00003330,Faction 1063 RepClassMask 0
4,1063,1,0x3F800000,Faction 1063 RepRaceMask 1
4,1063,2,0x00000005,Faction 1063 RepRaceMask 2
4,1063,3,0x00000005,Faction 1063 RepRaceMask 3
4,1064,0,0x3F000000,Faction 1064 RepRaceMask 0
4,1064,4,0x00003343,Faction 1064 RepClassMask 0
4,1064,1,0x3F000000,Faction 1064 RepRaceMask 1
4,1064,2,0x00000007,Faction 1064 RepRaceMask 2
4,1064,3,0x00000007,Faction 1064 RepRaceMask 3
4,1065,0,0x3F800000,Faction 1065 RepRaceMask 0
4,1065,4,0x000033D0,Faction 1065 RepClassMask 0
4,1065,1,0x3F800000,Faction 1065 RepRaceMask 1
4,1065,2,0x00000005,Faction 1065 RepRaceMask 2
4,1065,3,0x00000005,Faction 1065 RepRaceMask 3
4,1066,0,0x3F800000,Faction 1066 RepRaceMask 0
4,1066,4,0x000033EF,Faction 1066 RepClassMask 0
4,1066,1,0x3F800000,Faction 1066 RepRaceMask 1
4,1066,2,0x00000005,Faction 1066 RepRaceMask 2
4,1066,3,0x00000005,Faction 1066 RepRaceMask 3
4,1067,0,0x3F000000,Faction 1067 RepRaceMask 0
4,1067,4,0x0000340E,Faction 1067 RepClassMask 0
4,1067,1,0x3F000000,Faction 1067 RepRaceMask 1
4,1067,2,0x00000007,Faction 1067 RepRaceMask 2
4,1067,3,0x00000007,Faction 1067 RepRaceMask 3
4,1068,0,0x3F000000,Faction 1068 RepRaceMask 0
4,1068,4,0x000034BA,Faction 1068 RepClassMask 0
4,1068,1,0x3F000000,Faction 1068 RepRaceMask 1
4,1068,2,0x00000007,Faction 1068 RepRaceMask 2
4,1068,3,0x00000007,Faction 1068 RepRaceMask 3
4,1069,0,0x3F800000,Faction 1069 RepRaceMask 0
4,1069,4,0x00003580,Faction 1069 RepClassMask 0
4,1069,1,0x3F800000,Faction 1069 RepRaceMask 1
4,1069,2,0x00000005,Faction 1069 RepRaceMask 2
4,1069,3,0x00000005,Faction 1069 RepRaceMask 3
4,1070,0,0x3F800000,Faction 1070 RepRaceMask 0
4,1070,4,0x00003597,Faction 1070 RepClassMask 0
4,1070,1,0x3F800000,Faction 1070 RepRaceMask 1
4,1070,2,0x00000005,Faction 1070 RepRaceMask 2
4,1070,3,0x00000005,Faction 1070 RepRaceMask 3
4,1071,0,0x3F800000,Faction 1071 RepRaceMask 0
4,1071,4,0x000035AB,Faction 1071 RepClassMask 0
4,1071,1,0x3F800000,Faction 1071 RepRaceMask 1
4,1071,2,0x00000005,Faction 1071 RepRaceMask 2
4,1071,3,0x00000005,Faction 1071 RepRaceMask 3
4,1072,0,0x3F800000,Faction 1072 RepRaceMask 0
4,1072,4,0x0000311F,Faction 1072 RepClassMask 0
4,1072,1,0x3F800000,Faction 1072 RepRaceMask 1
4,1072,2,0x00000005,Faction 1072 RepRaceMask 2
4,1072,3,0x00000005,Faction 1072 RepRaceMask 3
4,1073,4,0x000035CD,Faction 1073 RepClassMask 0
4,1073,2,0x00000005,Faction 1073 RepRaceMask 2
4,1073,3,0x00000005,Faction 1073 RepRaceMask 3
4,1074,0,0x3F800000,Faction 1074 RepRaceMask 0
4,1074,4,0x000036A9,Faction 1074 RepClassMask 0
4,1074,1,0x3F800000,Faction 1074 RepRaceMask 1
4,1074,2,0x00000005,Faction 1074 RepRaceMask 2
4,1074,3,0x00000005,Faction 1074 RepRaceMask 3
4,1075,0,0x3F800000,Faction 1075 RepRaceMask 0
4,1075,4,0x000036C0,Faction 1075 RepClassMask 0
4,1075,1,0x3F800000,Faction 1075 RepRaceMask 1
4,1075,2,0x00000005,Faction 1075 RepRaceMask 2
4,1075,3,0x00000005,Faction 1075 RepRaceMask 3
4,1076,0,0x3F800000,Faction 1076 RepRaceMask 0
4,1076,4,0x000036D2,Faction 1076 RepClassMask 0
4,1076,1,0x3F800000,Faction 1076 RepRaceMask 1
4,1076,2,0x00000005,Faction 1076 RepRaceMask 2
4,1076,3,0x00000005,Faction 1076 RepRaceMask 3
4,1077,4,0x000036DF,Faction 1077 RepClassMask 0
4,1077,2,0x00000005,Faction 1077 RepRaceMask 2
4,1077,3,0x00000005,Faction 1077 RepRaceMask 3
4,1078,0,0x3F800000,Faction 1078 RepRaceMask 0
4,1078,4,0x00003748,Faction 1078 RepClassMask 0
4,1078,1,0x3F800000,Faction 1078 RepRaceMask 1
4,1078,2,0x00000005,Faction 1078 RepRaceMask 2
4,1078,3,0x00000005,Faction 1078 RepRaceMask 3
4,1079,0,0x3F800000,Faction 1079 RepRaceMask 0
4,1079,4,0x0000375C,Faction 1079 RepClassMask 0
4,1079,1,0x3F800000,Faction 1079 RepRaceMask 1
4,1079,2,0x00000005,Faction 1079 RepRaceMask 2
4,1079,3,0x00000005,Faction 1079 RepRaceMask 3
4,1080,0,0x3F800000,Faction 1080 RepRaceMask 0
4,1080,4,0x0000376E,Faction 1080 RepClassMask 0
4,1080,1,0x3F800000,Faction 1080 RepRaceMask 1
4,1080,2,0x00000005,Faction 1080 RepRaceMask 2
4,1080,3,0x00000005,Faction 1080 RepRaceMask 3
4,1081,0,0x3F800000,Faction 1081 RepRaceMask 0
4,1081,4,0x00003787,Faction 1081 RepClassMask 0
4,1081,1,0x3F800000,Faction 1081 RepRaceMask 1
4,1081,2,0x00000005,Faction 1081 RepRaceMask 2
4,1081,3,0x00000005,Faction 1081 RepRaceMask 3
4,1082,0,0x3F800000,Faction 1082 RepRaceMask 0
4,1082,4,0x0000311F,Faction 1082 RepClassMask 0
4,1082,1,0x3F800000,Faction 1082 RepRaceMask 1
4,1082,2,0x00000005,Faction 1082 RepRaceMask 2
4,1082,3,0x00000005,Faction 1082 RepRaceMask 3
4,1083,0,0x3F800000,Faction 1083 RepRaceMask 0
4,1083,4,0x0000311F,Faction 1083 RepClassMask 0
4,1083,1,0x3F800000,Faction 1083 RepRaceMask 1
4,1083,2,0x00000005,Faction 1083 RepRaceMask 2
4,1083,3,0x00000005,Faction 1083 RepRaceMask 3
4,1084,0,0x3F800000,Faction 1084 RepRaceMask 0
4,1084,4,0x0000379E,Faction 1084 RepClassMask 0
4,1084,1,0x3F800000,Faction 1084 RepRaceMask 1
4,1084,2,0x00000005,Faction 1084 RepRaceMask 2
4,1084,3,0x00000005,Faction 1084 RepRaceMask 3
4,1085,0,0x3F000000,Faction 1085 RepRaceMask 0
4,1085,4,0x000037AA,Faction 1085 RepClassMask 0
4,1085,1,0x3F000000,Faction 1085 RepRaceMask 1
4,1085,2,0x00000007,Faction 1085 RepRaceMask 2
4,1085,3,0x00000007,Faction 1085 RepRaceMask 3
4,1086,0,0x3F800000,Faction 1086 RepRaceMask 0
4,1086,4,0x00003852,Faction 1086 RepClassMask 0
4,1086,1,0x3F800000,Faction 1086 RepRaceMask 1
4,1086,2,0x00000005,Faction 1086 RepRaceMask 2
4,1086,3,0x00000005,Faction 1086 RepRaceMask 3
4,1087,0,0x3F800000,Faction 1087 RepRaceMask 0
4,1087,4,0x0000385A,Faction 1087 RepClassMask 0
4,1087,1,0x3F800000,Faction 1087 RepRaceMask 1
4,1087,2,0x00000005,Faction 1087 RepRaceMask 2
4,1087,3,0x00000005,Faction 1087 RepRaceMask 3
4,1088,0,0x3F800000,Faction 1088 RepRaceMask 0
4,1088,4,0x0000386A,Faction 1088 RepClassMask 0
4,1088,1,0x3F800000,Faction 1088 RepRaceMask 1
4,1088,2,0x00000005,Faction 1088 RepRaceMask 2
4,1088,3,0x00000005,Faction 1088 RepRaceMask 3
4,1089,0,0x3F800000,Faction 1089 RepRaceMask 0
4,1089,4,0x0000387B,Faction 1089 RepClassMask 0
4,1089,1,0x3F800000,Faction 1089 RepRaceMask 1
4,1089,2,0x00000005,Faction 1089 RepRaceMask 2
4,1089,3,0x00000005,Faction 1089 RepRaceMask 3
4,1090,4,0x0000388D,Faction 1090 RepClassMask 0
4,1090,2,0x00000005,Faction 1090 RepRaceMask 2
4,1090,3,0x00000005,Faction 1090 RepRaceMask 3
4,1091,4,0x0000394F,Faction 1091 RepClassMask 0
4,1091,2,0x00000005,Faction 1091 RepRaceMask 2
4,1091,3,0x00000005,Faction 1091 RepRaceMask 3
4,1092,0,0x3F800000,Faction 1092 RepRaceMask 0
4,1092,4,0x00003A26,Faction 1092 RepClassMask 0
4,1092,1,0x3F800000,Faction 1092 RepRaceMask 1
4,1092,2,0x00000005,Faction 1092 RepRaceMask 2
4,1092,3,0x00000005,Faction 1092 RepRaceMask 3
4,1093,0,0x3F800000,Faction 1093 RepRaceMask 0
4,1093,4,0x0000311F,Faction 1093 RepClassMask 0
4,1093,1,0x3F800000,Faction 1093 RepRaceMask 1
4,1093,2,0x00000005,Faction 1093 RepRaceMask 2
4,1093,3,0x00000005,Faction 1093 RepRaceMask 3
4,1094,0,0x3F000000,Faction 1094 RepRaceMask 0
4,1094,4,0x00003A32,Faction 1094 RepClassMask 0
4,1094,1,0x3F000000,Faction 1094 RepRaceMask 1
4,1094,2,0x00000007,Faction 1094 RepRaceMask 2
4,1094,3,0x00000007,Faction 1094 RepRaceMask 3
4,1095,0,0x3F800000,Faction 1095 RepRaceMask 0
4,1095,4,0x00003B06,Faction 1095 RepClassMask 0
4,1095,1,0x3F800000,Faction 1095 RepRaceMask 1
4,1095,2,0x00000005,Faction 1095 RepRaceMask 2
4,1095,3,0x00000005,Faction 1095 RepRaceMask 3
4,1096,0,0x3F800000,Faction 1096 RepRaceMask 0
4,1096,4,0x0000311F,Faction 1096 RepClassMask 0
4,1096,1,0x3F800000,Faction 1096 RepRaceMask 1
4,1096,2,0x00000005,Faction 1096 RepRaceMask 2
4,1096,3,0x00000005,Faction 1096 RepRaceMask 3
4,1097,4,0x00003B1C,Faction 1097 RepClassMask 0
4,1097,2,0x00000005,Faction 1097 RepRaceMask 2
4,1097,3,0x00000005,Faction 1097 RepRaceMask 3
4,1098,0,0x3F800000,Faction 1098 RepRaceMask 0
4,1098,4,0x00003B33,Faction 1098 RepClassMask 0
4,1098,1,0x3F800000,Faction 1098 RepRaceMask 1
4,1098,2,0x00000005,Faction 1098 RepRaceMask 2
4,1098,3,0x00000005,Faction 1098 RepRaceMask 3
4,1099,0,0x3F800000,Faction 1099 RepRaceMask 0
4,1099,4,0x00003BD6,Faction 1099 RepClassMask 0
4,1099,1,0x3F800000,Faction 1099 RepRaceMask 1
4,1099,2,0x00000005,Faction 1099 RepRaceMask 2
4,1099,3,0x00000005,Faction 1099 RepRaceMask 3
4,1100,0,0x3F800000,Faction 1100 RepRaceMask 0
4,1100,4,0x00003BE8,Faction 1100 RepClassMask 0
4,1100,1,0x3F800000,Faction 1100 RepRaceMask 1
4,1100,2,0x00000005,Faction 1100 RepRaceMask 2
4,1100,3,0x00000005,Faction 1100 RepRaceMask 3
4,1101,0,0x3F800000,Faction 1101 RepRaceMask 0
4,1101,4,0x00003BFB,Faction 1101 RepClassMask 0
4,1101,1,0x3F800000,Faction 1101 RepRaceMask 1
4,1101,2,0x00000005,Faction 1101 RepRaceMask 2
4,1101,3,0x00000005,Faction 1101 RepRaceMask 3
4,1102,0,0x3F800000,Faction 1102 RepRaceMask 0
4,1102,4,0x00003C0B,Faction 1102 RepClassMask 0
4,1102,1,0x3F800000,Faction 1102 RepRaceMask 1
4,1102,2,0x00000005,Faction 1102 RepRaceMask 2
4,1102,3,0x00000005,Faction 1102 RepRaceMask 3
4,1103,0,0x3F800000,Faction 1103 RepRaceMask 0
4,1103,4,0x00003C1E,Faction 1103 RepClassMask 0
4,1103,1,0x3F800000,Faction 1103 RepRaceMask 1
4,1103,2,0x00000005,Faction 1103 RepRaceMask 2
4,1103,3,0x00000005,Faction 1103 RepRaceMask 3
4,1104,0,0xC00CCCCD,Faction 1104 RepRaceMask 0
4,1104,4,0x00003C33,Faction 1104 RepClassMask 0
4,1104,1,0x3F800000,Faction 1104 RepRaceMask 1
4,1104,2,0x00000007,Faction 1104 RepRaceMask 2
4,1104,3,0x00000007,Faction 1104 RepRaceMask 3
4,1105,0,0xC00CCCCD,Faction 1105 RepRaceMask 0
4,1105,4,0x00003D41,Faction 1105 RepClassMask 0
4,1105,1,0x3F800000,Faction 1105 RepRaceMask 1
4,1105,2,0x00000007,Faction 1105 RepRaceMask 2
4,1105,3,0x00000007,Faction 1105 RepRaceMask 3
4,1106,4,0x00003E4D,Faction 1106 RepClassMask 0
4,1106,2,0x00000005,Faction 1106 RepRaceMask 2
4,1106,3,0x00000005,Faction 1106 RepRaceMask 3
4,1107,0,0x3F800000,Faction 1107 RepRaceMask 0
4,1107,4,0x00003F02,Faction 1107 RepClassMask 0
4,1107,1,0x3F800000,Faction 1107 RepRaceMask 1
4,1107,2,0x00000005,Faction 1107 RepRaceMask 2
4,1107,3,0x00000005,Faction 1107 RepRaceMask 3
4,1108,0,0x3F800000,Faction 1108 RepRaceMask 0
4,1108,4,0x00003F12,Faction 1108 RepClassMask 0
4,1108,1,0x3F800000,Faction 1108 RepRaceMask 1
4,1108,2,0x00000005,Faction 1108 RepRaceMask 2
4,1108,3,0x00000005,Faction 1108 RepRaceMask 3
4,1109,0,0x3F800000,Faction 1109 RepRaceMask 0
4,1109,4,0x00003F1D,Faction 1109 RepClassMask 0
4,1109,1,0x3F800000,Faction 1109 RepRaceMask 1
4,1109,2,0x00000005,Faction 1109 RepRaceMask 2
4,1109,3,0x00000005,Faction 1109 RepRaceMask 3
4,1110,0,0x3F800000,Faction 1110 RepRaceMask 0
4,1110,4,0x00003F34,Faction 1110 RepClassMask 0
4,1110,1,0x3F800000,Faction 1110 RepRaceMask 1
4,1110,2,0x00000005,Faction 1110 RepRaceMask 2
4,1110,3,0x00000005,Faction 1110 RepRaceMask 3
4,1111,0,0x3F800000,Faction 1111 RepRaceMask 0
4,1111,4,0x00003F40,Faction 1111 RepClassMask 0
4,1111,1,0x3F800000,Faction 1111 RepRaceMask 1
4,1111,2,0x00000005,Faction 1111 RepRaceMask 2
4,1111,3,0x00000005,Faction 1111 RepRaceMask 3
4,1112,0,0x3F800000,Faction 1112 RepRaceMask 0
4,1112,4,0x00003F46,Faction 1112 RepClassMask 0
4,1112,1,0x3F800000,Faction 1112 RepRaceMask 1
4,1112,2,0x00000005,Faction 1112 RepRaceMask 2
4,1112,3,0x00000005,Faction 1112 RepRaceMask 3
4,1113,0,0x3F800000,Faction 1113 RepRaceMask 0
4,1113,4,0x00003F5E,Faction 1113 RepClassMask 0
4,1113,1,0x3F800000,Faction 1113 RepRaceMask 1
4,1113,2,0x00000005,Faction 1113 RepRaceMask 2
4,1113,3,0x00000005,Faction 1113 RepRaceMask 3
4,1114,0,0x3F800000,Faction 1114 RepRaceMask 0
4,1114,4,0x00003F73,Faction 1114 RepClassMask 0
4,1114,1,0x3F800000,Faction 1114 RepRaceMask 1
4,1114,2,0x00000005,Faction 1114 RepRaceMask 2
4,1114,3,0x00000005,Faction 1114 RepRaceMask 3
4,1115,0,0x3F800000,Faction 1115 RepRaceMask 0
4,1115,4,0x00003F8A,Faction 1115 RepClassMask 0
4,1115,1,0x3F800000,Faction 1115 RepRaceMask 1
4,1115,2,0x00000005,Faction 1115 RepRaceMask 2
4,1115,3,0x00000005,Faction 1115 RepRaceMask 3
4,1116,0,0x3F800000,Faction 1116 RepRaceMask 0
4,1116,4,0x00003F9B,Faction 1116 RepClassMask 0
4,1116,1,0x3F800000,Faction 1116 RepRaceMask 1
4,1116,2,0x00000005,Faction 1116 RepRaceMask 2
4,1116,3,0x00000005,Faction 1116 RepRaceMask 3
4,1117,4,0x00003FAA,Faction 1117 RepClassMask 0
4,1117,2,0x00000005,Faction 1117 RepRaceMask 2
4,1117,3,0x00000005,Faction 1117 RepRaceMask 3
4,1118,4,0x00003FB9,Faction 1118 RepClassMask 0
4,1118,2,0x00000005,Faction 1118 RepRaceMask 2
4,1118,3,0x00000005,Faction 1118 RepRaceMask 3
4,1119,4,0x00003FC1,Faction 1119 RepClassMask 0
4,1119,2,0x00000005,Faction 1119 RepRaceMask 2
4,1119,3,0x00000005,Faction 1119 RepRaceMask 3
4,1120,0,0x3F800000,Faction 1120 RepRaceMask 0
4,1120,4,0x00004031,Faction 1120 RepClassMask 0
4,1120,1,0x3F800000,Faction 1120 RepRaceMask 1
4,1120,2,0x00000005,Faction 1120 RepRaceMask 2
4,1120,3,0x00000005,Faction 1120 RepRaceMask 3
4,1121,0,0x3F800000,Faction 1121 RepRaceMask 0
4,1121,4,0x0000403D,Faction 1121 RepClassMask 0
4,1121,1,0x3F800000,Faction 1121 RepRaceMask 1
4,1121,2,0x00000005,Faction 1121 RepRaceMask 2
4,1121,3,0x00000005,Faction 1121 RepRaceMask 3
4,1122,0,0x3F800000,Faction 1122 RepRaceMask 0
4,1122,4,0x0000404A,Faction 1122 RepClassMask 0
4,1122,1,0x3F800000,Faction 1122 RepRaceMask 1
4,1122,2,0x00000005,Faction 1122 RepRaceMask 2
4,1122,3,0x00000005,Faction 1122 RepRaceMask 3
4,1123,0,0x3F800000,Faction 1123 RepRaceMask 0
4,1123,4,0x00004052,Faction 1123 RepClassMask 0
4,1123,1,0x3F800000,Faction 1123 RepRaceMask 1
4,1123,2,0x00000005,Faction 1123 RepRaceMask 2
4,1123,3,0x00000005,Faction 1123 RepRaceMask 3
4,1124,0,0x3F000000,Faction 1124 RepRaceMask 0
4,1124,4,0x00004062,Faction 1124 RepClassMask 0
4,1124,1,0x3F000000,Faction 1124 RepRaceMask 1
4,1124,2,0x00000007,Faction 1124 RepRaceMask 2
4,1124,3,0x00000007,Faction 1124 RepRaceMask 3
4,1125,0,0x3F800000,Faction 1125 RepRaceMask 0
4,1125,4,0x0000414E,Faction 1125 RepClassMask 0
4,1125,1,0x3F800000,Faction 1125 RepRaceMask 1
4,1125,2,0x00000005,Faction 1125 RepRaceMask 2
4,1125,3,0x00000005,Faction 1125 RepRaceMask 3
4,1126,0,0x3F000000,Faction 1126 RepRaceMask 0
4,1126,4,0x00004158,Faction 1126 RepClassMask 0
4,1126,1,0x3F000000,Faction 1126 RepRaceMask 1
4,1126,2,0x00000007,Faction 1126 RepRaceMask 2
4,1126,3,0x00000007,Faction 1126 RepRaceMask 3
4,1127,0,0x3F800000,Faction 1127 RepRaceMask 0
4,1127,4,0x00004226,Faction 1127 RepClassMask 0
4,1127,1,0x3F800000,Faction 1127 RepRaceMask 1
4,1127,2,0x00000005,Faction 1127 RepRaceMask 2
4,1127,3,0x00000005,Faction 1127 RepRaceMask 3
4,1136,4,0x0000423C,Faction 1136 RepClassMask 0
4,1137,4,0x00004254,Faction 1137 RepClassMask 0
4,1145,4,0x0000426B,Faction 1145 RepClassMask 0
4,1154,4,0x0000427C,Faction 1154 RepClassMask 0
4,1155,4,0x00004297,Faction 1155 RepClassMask 0
4,1156,4,0x000042AD,Faction 1156 RepClassMask 0
4,1159,0,0x3F800000,Faction 1159 RepRaceMask 0
4,1159,4,0x0000438E,Faction 1159 RepClassMask 0
4,1159,1,0x3F800000,Faction 1159 RepRaceMask 1
4,1159,2,0x00000005,Faction 1159 RepRaceMask 2
4,1159,3,0x00000005,Faction 1159 RepRaceMask 3
4,1160,0,0x3F800000,Faction 1160 RepRaceMask 0
4,1160,4,0x000043A6,Faction 1160 RepClassMask 0
4,1160,1,0x3F800000,Faction 1160 RepRaceMask 1
4,1160,2,0x00000005,Faction 1160 RepRaceMask 2
4,1160,3,0x00000005,Faction 1160 RepRaceMask 3
